[2022-10-18 13:14:27] [INFO] [EOH] Запуск рецепта: тир 1, AA: false
[2022-10-18 13:14:27] [ERROR] [EOH] Ошибка подачи жидкости
[2022-10-18 13:24:46] [INFO] [EOH] Поиск компонентов...
[2022-10-18 13:24:46] [DEBUG] [EOH] gt_machine: gt_machine [d80ef108-4099-4350-9e29-6366ba31c7ea]
[2022-10-18 13:24:46] [INFO] [EOH] Найден транспозер: ec79567c-cac0-4df5-ae92-899252adaef9, capacity=0, fluid=unknown
[2022-10-18 13:24:50] [INFO] [EOH] Найден транспозер: 1f2235f4-e1c1-4a0b-bdc1-c6ef0884a88c, capacity=0, fluid=unknown
[2022-10-18 13:24:50] [WARN] [EOH] Использован единственный gt_machine как контроллер EOH
[2022-10-18 13:38:06] [INFO] [EOH] Запуск рецепта: тир 1, AA: false
[2022-10-18 13:38:06] [ERROR] [EOH] Ошибка подачи жидкости
[2022-10-18 13:41:27] [INFO] [EOH] Запуск рецепта: тир 1, AA: false
[2022-10-18 13:41:27] [ERROR] [EOH] Ошибка подачи жидкости
[2022-10-18 15:28:33] [INFO] [EOH] Запуск рецепта: тир 1, AA: false
[2022-10-18 15:28:33] [ERROR] [EOH] Ошибка подачи жидкости
[2022-10-18 18:51:32] [INFO] [EOH] Поиск компонентов...
[2022-10-18 18:51:32] [DEBUG] [EOH] gt_machine: gt_machine [d80ef108-4099-4350-9e29-6366ba31c7ea]
[2022-10-18 18:51:32] [INFO] [EOH] Найден транспозер: ec79567c-cac0-4df5-ae92-899252adaef9, capacity=0, fluid=unknown
[2022-10-18 18:51:36] [INFO] [EOH] Найден транспозер: 1f2235f4-e1c1-4a0b-bdc1-c6ef0884a88c, capacity=0, fluid=unknown
[2022-10-18 18:51:36] [WARN] [EOH] Использован единственный gt_machine как контроллер EOH
[2022-10-18 22:28:15] [INFO] [EOH] Поиск компонентов...
[2022-10-18 22:28:19] [DEBUG] [EOH] gt_machine: gt_machine [d80ef108-4099-4350-9e29-6366ba31c7ea]
[2022-10-18 22:28:19] [INFO] [EOH] Найден транспозер: 1f2235f4-e1c1-4a0b-bdc1-c6ef0884a88c, capacity=0, fluid=unknown
[2022-10-18 22:28:19] [INFO] [EOH] Найден транспозер: ec79567c-cac0-4df5-ae92-899252adaef9, capacity=0, fluid=unknown
[2022-10-18 22:28:22] [WARN] [EOH] Использован единственный gt_machine как контроллер EOH
[2022-10-19 02:23:06] [INFO] [EOH] Поиск компонентов...
[2022-10-19 02:23:09] [DEBUG] [EOH] gt_machine: gt_machine [d80ef108-4099-4350-9e29-6366ba31c7ea]
[2022-10-19 02:24:03] [INFO] [EOH] Найден транспозер: 1f2235f4-e1c1-4a0b-bdc1-c6ef0884a88c, capacity=32000000, fluid=helium
[2022-10-19 02:24:54] [INFO] [EOH] Найден транспозер: ec79567c-cac0-4df5-ae92-899252adaef9, capacity=32000000, fluid=hydrogen
[2022-10-19 02:24:54] [WARN] [EOH] Использован единственный gt_machine как контроллер EOH
[2022-10-19 02:51:21] [INFO] [EOH] Запуск рецепта: тир 1, AA: false
[2022-10-19 02:52:04] [INFO] [EOH] TRANSFER Hydrogen addr=ec79567c-cac0-4df5-ae92-899252adaef9 sources=0 target=3 requested=1000000000.0
[2022-10-19 02:54:10] [INFO] [EOH] TRANSFER_RESULT Hydrogen source=0 target=3 amount=32768000 ok=true value=true extra=32000000 before=32000000/0
[2022-10-19 02:54:10] [INFO] [EOH] Передано Hydrogen: 32000000L
[2022-10-19 02:56:20] [INFO] [EOH] TRANSFER_RESULT Hydrogen source=0 target=3 amount=32768000 ok=true value=true extra=32000000 before=32000000/0
[2022-10-19 02:56:20] [INFO] [EOH] Передано Hydrogen: 32000000L
[2022-10-19 02:58:30] [INFO] [EOH] TRANSFER_RESULT Hydrogen source=0 target=3 amount=32768000 ok=true value=true extra=32000000 before=32000000/0
[2022-10-19 02:58:30] [INFO] [EOH] Передано Hydrogen: 32000000L
[2022-10-19 03:00:39] [INFO] [EOH] TRANSFER_RESULT Hydrogen source=0 target=3 amount=32768000 ok=true value=true extra=32000000 before=32000000/0
[2022-10-19 03:00:39] [INFO] [EOH] Передано Hydrogen: 32000000L
[2022-10-19 03:02:49] [INFO] [EOH] TRANSFER_RESULT Hydrogen source=0 target=3 amount=32768000 ok=true value=true extra=32000000 before=32000000/0
[2022-10-19 03:02:52] [INFO] [EOH] Передано Hydrogen: 32000000L
[2022-10-19 03:05:02] [INFO] [EOH] TRANSFER_RESULT Hydrogen source=0 target=3 amount=32768000 ok=true value=true extra=32000000 before=32000000/0
[2022-10-19 03:05:02] [INFO] [EOH] Передано Hydrogen: 32000000L
[2022-10-19 03:07:15] [INFO] [EOH] TRANSFER_RESULT Hydrogen source=0 target=3 amount=32768000 ok=true value=true extra=32000000 before=32000000/0
[2022-10-19 03:07:15] [INFO] [EOH] Передано Hydrogen: 32000000L
[2022-10-19 03:09:28] [INFO] [EOH] TRANSFER_RESULT Hydrogen source=0 target=3 amount=32768000 ok=true value=true extra=32000000 before=32000000/0
[2022-10-19 03:09:28] [INFO] [EOH] Передано Hydrogen: 32000000L
[2022-10-19 03:11:38] [INFO] [EOH] TRANSFER_RESULT Hydrogen source=0 target=3 amount=32768000 ok=true value=true extra=32000000 before=32000000/0
[2022-10-19 03:11:38] [INFO] [EOH] Передано Hydrogen: 32000000L
[2022-10-19 03:13:51] [INFO] [EOH] TRANSFER_RESULT Hydrogen source=0 target=3 amount=32768000 ok=true value=true extra=32000000 before=32000000/0
[2022-10-19 03:13:51] [INFO] [EOH] Передано Hydrogen: 32000000L
[2022-10-19 03:16:01] [INFO] [EOH] TRANSFER_RESULT Hydrogen source=0 target=3 amount=32768000 ok=true value=true extra=32000000 before=32000000/0
[2022-10-19 03:16:01] [INFO] [EOH] Передано Hydrogen: 32000000L
[2022-10-19 03:18:10] [INFO] [EOH] TRANSFER_RESULT Hydrogen source=0 target=3 amount=32768000 ok=true value=true extra=32000000 before=32000000/0
[2022-10-19 03:18:10] [INFO] [EOH] Передано Hydrogen: 32000000L
[2022-10-19 03:20:20] [INFO] [EOH] TRANSFER_RESULT Hydrogen source=0 target=3 amount=32768000 ok=true value=true extra=32000000 before=32000000/0
[2022-10-19 03:20:20] [INFO] [EOH] Передано Hydrogen: 32000000L
[2022-10-19 03:22:30] [INFO] [EOH] TRANSFER_RESULT Hydrogen source=0 target=3 amount=32768000 ok=true value=true extra=32000000 before=32000000/0
[2022-10-19 03:22:30] [INFO] [EOH] Передано Hydrogen: 32000000L
[2022-10-19 03:24:39] [INFO] [EOH] TRANSFER_RESULT Hydrogen source=0 target=3 amount=32768000 ok=true value=true extra=32000000 before=32000000/0
[2022-10-19 03:24:39] [INFO] [EOH] Передано Hydrogen: 32000000L
[2022-10-19 03:26:49] [INFO] [EOH] TRANSFER_RESULT Hydrogen source=0 target=3 amount=32768000 ok=true value=true extra=32000000 before=32000000/0
[2022-10-19 03:26:49] [INFO] [EOH] Передано Hydrogen: 32000000L
[2022-10-19 03:28:58] [INFO] [EOH] TRANSFER_RESULT Hydrogen source=0 target=3 amount=32768000 ok=true value=true extra=32000000 before=32000000/0
[2022-10-19 03:28:58] [INFO] [EOH] Передано Hydrogen: 32000000L
[2022-10-19 03:31:08] [INFO] [EOH] TRANSFER_RESULT Hydrogen source=0 target=3 amount=32768000 ok=true value=true extra=32000000 before=32000000/0
[2022-10-19 03:31:08] [INFO] [EOH] Передано Hydrogen: 32000000L
[2022-10-19 03:33:18] [INFO] [EOH] TRANSFER_RESULT Hydrogen source=0 target=3 amount=32768000 ok=true value=true extra=32000000 before=32000000/0
[2022-10-19 03:33:18] [INFO] [EOH] Передано Hydrogen: 32000000L
[2022-10-19 03:35:27] [INFO] [EOH] TRANSFER_RESULT Hydrogen source=0 target=3 amount=32768000 ok=true value=true extra=32000000 before=32000000/0
[2022-10-19 03:35:27] [INFO] [EOH] Передано Hydrogen: 32000000L
[2022-10-19 03:37:37] [INFO] [EOH] TRANSFER_RESULT Hydrogen source=0 target=3 amount=32768000 ok=true value=true extra=32000000 before=32000000/0
[2022-10-19 03:37:37] [INFO] [EOH] Передано Hydrogen: 32000000L
[2022-10-19 03:39:46] [INFO] [EOH] TRANSFER_RESULT Hydrogen source=0 target=3 amount=32768000 ok=true value=true extra=32000000 before=32000000/0
[2022-10-19 03:39:50] [INFO] [EOH] Передано Hydrogen: 32000000L
[2022-10-19 03:42:00] [INFO] [EOH] TRANSFER_RESULT Hydrogen source=0 target=3 amount=32768000 ok=true value=true extra=32000000 before=32000000/0
[2022-10-19 03:42:00] [INFO] [EOH] Передано Hydrogen: 32000000L
[2022-10-19 03:44:09] [INFO] [EOH] TRANSFER_RESULT Hydrogen source=0 target=3 amount=32768000 ok=true value=true extra=32000000 before=32000000/0
[2022-10-19 03:44:13] [INFO] [EOH] Передано Hydrogen: 32000000L
[2022-10-19 03:46:22] [INFO] [EOH] TRANSFER_RESULT Hydrogen source=0 target=3 amount=32768000 ok=true value=true extra=32000000 before=32000000/0
[2022-10-19 03:46:22] [INFO] [EOH] Передано Hydrogen: 32000000L
[2022-10-19 03:48:36] [INFO] [EOH] TRANSFER_RESULT Hydrogen source=0 target=3 amount=32768000 ok=true value=true extra=32000000 before=32000000/0
[2022-10-19 03:48:36] [INFO] [EOH] Передано Hydrogen: 32000000L
[2022-10-19 03:50:45] [INFO] [EOH] TRANSFER_RESULT Hydrogen source=0 target=3 amount=32768000 ok=true value=true extra=32000000 before=32000000/0
[2022-10-19 03:50:45] [INFO] [EOH] Передано Hydrogen: 32000000L
[2022-10-19 03:52:55] [INFO] [EOH] TRANSFER_RESULT Hydrogen source=0 target=3 amount=32768000 ok=true value=true extra=32000000 before=32000000/0
[2022-10-19 03:52:55] [INFO] [EOH] Передано Hydrogen: 32000000L
[2022-10-19 03:55:12] [INFO] [EOH] TRANSFER_RESULT Hydrogen source=0 target=3 amount=32768000 ok=true value=true extra=32000000 before=32000000/0
[2022-10-19 03:55:12] [INFO] [EOH] Передано Hydrogen: 32000000L
[2022-10-19 03:57:21] [INFO] [EOH] TRANSFER_RESULT Hydrogen source=0 target=3 amount=32768000 ok=true value=true extra=32000000 before=32000000/0
[2022-10-19 03:57:21] [INFO] [EOH] Передано Hydrogen: 32000000L
[2022-10-19 03:59:31] [INFO] [EOH] TRANSFER_RESULT Hydrogen source=0 target=3 amount=32768000 ok=true value=true extra=32000000 before=32000000/0
[2022-10-19 03:59:31] [INFO] [EOH] Передано Hydrogen: 32000000L
[2022-10-19 04:00:18] [INFO] [EOH] TRANSFER_RESULT Hydrogen source=0 target=3 amount=8000000.0 ok=true value=true extra=8000000 before=32000000/0
[2022-10-19 04:00:18] [INFO] [EOH] Передано Hydrogen: 8000000L
[2022-10-19 04:01:01] [INFO] [EOH] TRANSFER Helium addr=1f2235f4-e1c1-4a0b-bdc1-c6ef0884a88c sources=1 target=3 requested=1000000000.0
[2022-10-19 04:03:07] [INFO] [EOH] TRANSFER_RESULT Helium source=1 target=3 amount=32768000 ok=true value=true extra=32000000 before=32000000/0
[2022-10-19 04:03:07] [INFO] [EOH] Передано Helium: 32000000L
[2022-10-19 04:05:16] [INFO] [EOH] TRANSFER_RESULT Helium source=1 target=3 amount=32768000 ok=true value=true extra=32000000 before=32000000/0
[2022-10-19 04:05:16] [INFO] [EOH] Передано Helium: 32000000L
[2022-10-19 04:07:26] [INFO] [EOH] TRANSFER_RESULT Helium source=1 target=3 amount=32768000 ok=true value=true extra=32000000 before=32000000/0
[2022-10-19 04:07:26] [INFO] [EOH] Передано Helium: 32000000L
[2022-10-19 04:09:43] [INFO] [EOH] TRANSFER_RESULT Helium source=1 target=3 amount=32768000 ok=true value=true extra=32000000 before=32000000/0
[2022-10-19 04:09:43] [INFO] [EOH] Передано Helium: 32000000L
[2022-10-19 04:11:52] [INFO] [EOH] TRANSFER_RESULT Helium source=1 target=3 amount=32768000 ok=true value=true extra=32000000 before=32000000/0
[2022-10-19 04:11:52] [INFO] [EOH] Передано Helium: 32000000L
[2022-10-19 04:14:02] [INFO] [EOH] TRANSFER_RESULT Helium source=1 target=3 amount=32768000 ok=true value=true extra=32000000 before=32000000/0
[2022-10-19 04:14:02] [INFO] [EOH] Передано Helium: 32000000L
[2022-10-19 04:16:12] [INFO] [EOH] TRANSFER_RESULT Helium source=1 target=3 amount=32768000 ok=true value=true extra=32000000 before=32000000/0
[2022-10-19 04:16:12] [INFO] [EOH] Передано Helium: 32000000L
[2022-10-19 04:18:21] [INFO] [EOH] TRANSFER_RESULT Helium source=1 target=3 amount=32768000 ok=true value=true extra=32000000 before=32000000/0
[2022-10-19 04:18:21] [INFO] [EOH] Передано Helium: 32000000L
[2022-10-19 04:20:31] [INFO] [EOH] TRANSFER_RESULT Helium source=1 target=3 amount=32768000 ok=true value=true extra=32000000 before=32000000/0
[2022-10-19 04:20:31] [INFO] [EOH] Передано Helium: 32000000L
[2022-10-19 04:22:48] [INFO] [EOH] TRANSFER_RESULT Helium source=1 target=3 amount=32768000 ok=true value=true extra=32000000 before=32000000/0
[2022-10-19 04:22:48] [INFO] [EOH] Передано Helium: 32000000L
[2022-10-19 04:24:57] [INFO] [EOH] TRANSFER_RESULT Helium source=1 target=3 amount=32768000 ok=true value=true extra=32000000 before=32000000/0
[2022-10-19 04:24:57] [INFO] [EOH] Передано Helium: 32000000L
[2022-10-19 04:27:07] [INFO] [EOH] TRANSFER_RESULT Helium source=1 target=3 amount=32768000 ok=true value=true extra=32000000 before=32000000/0
[2022-10-19 04:27:07] [INFO] [EOH] Передано Helium: 32000000L
[2022-10-19 04:29:16] [INFO] [EOH] TRANSFER_RESULT Helium source=1 target=3 amount=32768000 ok=true value=true extra=32000000 before=32000000/0
[2022-10-19 04:29:16] [INFO] [EOH] Передано Helium: 32000000L
[2022-10-19 04:31:30] [INFO] [EOH] TRANSFER_RESULT Helium source=1 target=3 amount=32768000 ok=true value=true extra=32000000 before=32000000/0
[2022-10-19 04:31:30] [INFO] [EOH] Передано Helium: 32000000L
[2022-10-19 04:33:43] [INFO] [EOH] TRANSFER_RESULT Helium source=1 target=3 amount=32768000 ok=true value=true extra=32000000 before=32000000/0
[2022-10-19 04:33:43] [INFO] [EOH] Передано Helium: 32000000L
[2022-10-19 04:35:52] [INFO] [EOH] TRANSFER_RESULT Helium source=1 target=3 amount=32768000 ok=true value=true extra=32000000 before=32000000/0
[2022-10-19 04:35:52] [INFO] [EOH] Передано Helium: 32000000L
[2022-10-19 04:38:02] [INFO] [EOH] TRANSFER_RESULT Helium source=1 target=3 amount=32768000 ok=true value=true extra=32000000 before=32000000/0
[2022-10-19 04:38:02] [INFO] [EOH] Передано Helium: 32000000L
[2022-10-19 04:40:12] [INFO] [EOH] TRANSFER_RESULT Helium source=1 target=3 amount=32768000 ok=true value=true extra=32000000 before=32000000/0
[2022-10-19 04:40:12] [INFO] [EOH] Передано Helium: 32000000L
[2022-10-19 04:42:21] [INFO] [EOH] TRANSFER_RESULT Helium source=1 target=3 amount=32768000 ok=true value=true extra=32000000 before=32000000/0
[2022-10-19 04:42:21] [INFO] [EOH] Передано Helium: 32000000L
[2022-10-19 04:44:31] [INFO] [EOH] TRANSFER_RESULT Helium source=1 target=3 amount=32768000 ok=true value=true extra=32000000 before=32000000/0
[2022-10-19 04:44:31] [INFO] [EOH] Передано Helium: 32000000L
[2022-10-19 04:46:40] [INFO] [EOH] TRANSFER_RESULT Helium source=1 target=3 amount=32768000 ok=true value=true extra=32000000 before=32000000/0
[2022-10-19 04:46:40] [INFO] [EOH] Передано Helium: 32000000L
[2022-10-19 04:48:50] [INFO] [EOH] TRANSFER_RESULT Helium source=1 target=3 amount=32768000 ok=true value=true extra=32000000 before=32000000/0
[2022-10-19 04:48:50] [INFO] [EOH] Передано Helium: 32000000L
[2022-10-19 04:51:00] [INFO] [EOH] TRANSFER_RESULT Helium source=1 target=3 amount=32768000 ok=true value=true extra=32000000 before=32000000/0
[2022-10-19 04:51:00] [INFO] [EOH] Передано Helium: 32000000L
[2022-10-19 04:53:09] [INFO] [EOH] TRANSFER_RESULT Helium source=1 target=3 amount=32768000 ok=true value=true extra=32000000 before=32000000/0
[2022-10-19 04:53:09] [INFO] [EOH] Передано Helium: 32000000L
[2022-10-19 04:55:22] [INFO] [EOH] TRANSFER_RESULT Helium source=1 target=3 amount=32768000 ok=true value=true extra=32000000 before=32000000/0
[2022-10-19 04:55:22] [INFO] [EOH] Передано Helium: 32000000L
[2022-10-19 04:57:36] [INFO] [EOH] TRANSFER_RESULT Helium source=1 target=3 amount=32768000 ok=true value=true extra=32000000 before=32000000/0
[2022-10-19 04:57:36] [INFO] [EOH] Передано Helium: 32000000L
[2022-10-19 04:59:45] [INFO] [EOH] TRANSFER_RESULT Helium source=1 target=3 amount=32768000 ok=true value=true extra=32000000 before=32000000/0
[2022-10-19 04:59:45] [INFO] [EOH] Передано Helium: 32000000L
[2022-10-19 05:01:58] [INFO] [EOH] TRANSFER_RESULT Helium source=1 target=3 amount=32768000 ok=true value=true extra=32000000 before=32000000/0
[2022-10-19 05:01:58] [INFO] [EOH] Передано Helium: 32000000L
[2022-10-19 05:02:24] [INFO] [EOH] TRANSFER_RESULT Helium source=1 target=3 amount=32768000 ok=true value=false extra=0 before=nil/0
[2022-10-19 05:02:24] [ERROR] [EOH] Не удалось передать Helium (0), осталось 104000000.0L
[2022-10-19 05:02:24] [ERROR] [EOH] Ошибка подачи жидкости
[2022-10-19 05:16:08] [INFO] [EOH] Запуск рецепта: тир 1, AA: false
[2022-10-19 05:16:51] [INFO] [EOH] TRANSFER Hydrogen addr=ec79567c-cac0-4df5-ae92-899252adaef9 sources=0 target=3 requested=1000000000.0
[2022-10-19 05:19:01] [INFO] [EOH] TRANSFER_RESULT Hydrogen source=0 target=3 amount=32768000 ok=true value=true extra=32768000 before=128000000/0
[2022-10-19 05:19:04] [INFO] [EOH] Передано Hydrogen: 32768000L
[2022-10-19 05:21:25] [INFO] [EOH] TRANSFER_RESULT Hydrogen source=0 target=3 amount=32768000 ok=true value=true extra=32768000 before=128000000/0
[2022-10-19 05:21:25] [INFO] [EOH] Передано Hydrogen: 32768000L
[2022-10-19 05:23:45] [INFO] [EOH] TRANSFER_RESULT Hydrogen source=0 target=3 amount=32768000 ok=true value=true extra=32768000 before=128000000/0
[2022-10-19 05:23:45] [INFO] [EOH] Передано Hydrogen: 32768000L
[2022-10-19 05:26:02] [INFO] [EOH] TRANSFER_RESULT Hydrogen source=0 target=3 amount=32768000 ok=true value=true extra=32768000 before=128000000/0
[2022-10-19 05:26:02] [INFO] [EOH] Передано Hydrogen: 32768000L
[2022-10-19 05:28:19] [INFO] [EOH] TRANSFER_RESULT Hydrogen source=0 target=3 amount=32768000 ok=true value=true extra=32768000 before=128000000/0
[2022-10-19 05:28:19] [INFO] [EOH] Передано Hydrogen: 32768000L
[2022-10-19 05:30:32] [INFO] [EOH] TRANSFER_RESULT Hydrogen source=0 target=3 amount=32768000 ok=true value=true extra=32768000 before=128000000/0
[2022-10-19 05:30:32] [INFO] [EOH] Передано Hydrogen: 32768000L
[2022-10-19 05:32:49] [INFO] [EOH] TRANSFER_RESULT Hydrogen source=0 target=3 amount=32768000 ok=true value=true extra=32768000 before=128000000/0
[2022-10-19 05:32:52] [INFO] [EOH] Передано Hydrogen: 32768000L
[2022-10-19 05:35:06] [INFO] [EOH] TRANSFER_RESULT Hydrogen source=0 target=3 amount=32768000 ok=true value=true extra=32768000 before=128000000/0
[2022-10-19 05:35:06] [INFO] [EOH] Передано Hydrogen: 32768000L
[2022-10-19 05:37:22] [INFO] [EOH] TRANSFER_RESULT Hydrogen source=0 target=3 amount=32768000 ok=true value=true extra=32768000 before=128000000/0
[2022-10-19 05:37:22] [INFO] [EOH] Передано Hydrogen: 32768000L
[2022-10-19 05:39:36] [INFO] [EOH] TRANSFER_RESULT Hydrogen source=0 target=3 amount=32768000 ok=true value=true extra=32768000 before=128000000/0
[2022-10-19 05:39:36] [INFO] [EOH] Передано Hydrogen: 32768000L
[2022-10-19 05:41:49] [INFO] [EOH] TRANSFER_RESULT Hydrogen source=0 target=3 amount=32768000 ok=true value=true extra=32768000 before=128000000/0
[2022-10-19 05:41:49] [INFO] [EOH] Передано Hydrogen: 32768000L
[2022-10-19 05:44:02] [INFO] [EOH] TRANSFER_RESULT Hydrogen source=0 target=3 amount=32768000 ok=true value=true extra=32768000 before=128000000/0
[2022-10-19 05:44:02] [INFO] [EOH] Передано Hydrogen: 32768000L
[2022-10-19 05:46:22] [INFO] [EOH] TRANSFER_RESULT Hydrogen source=0 target=3 amount=32768000 ok=true value=true extra=32768000 before=128000000/0
[2022-10-19 05:46:22] [INFO] [EOH] Передано Hydrogen: 32768000L
[2022-10-19 05:48:39] [INFO] [EOH] TRANSFER_RESULT Hydrogen source=0 target=3 amount=32768000 ok=true value=true extra=32768000 before=128000000/0
[2022-10-19 05:48:39] [INFO] [EOH] Передано Hydrogen: 32768000L
[2022-10-19 05:51:00] [INFO] [EOH] TRANSFER_RESULT Hydrogen source=0 target=3 amount=32768000 ok=true value=true extra=32768000 before=128000000/0
[2022-10-19 05:51:00] [INFO] [EOH] Передано Hydrogen: 32768000L
[2022-10-19 05:53:13] [INFO] [EOH] TRANSFER_RESULT Hydrogen source=0 target=3 amount=32768000 ok=true value=true extra=32768000 before=128000000/0
[2022-10-19 05:53:13] [INFO] [EOH] Передано Hydrogen: 32768000L
[2022-10-19 05:55:30] [INFO] [EOH] TRANSFER_RESULT Hydrogen source=0 target=3 amount=32768000 ok=true value=true extra=32768000 before=128000000/0
[2022-10-19 05:55:30] [INFO] [EOH] Передано Hydrogen: 32768000L
[2022-10-19 05:57:46] [INFO] [EOH] TRANSFER_RESULT Hydrogen source=0 target=3 amount=32768000 ok=true value=true extra=32768000 before=128000000/0
[2022-10-19 05:57:46] [INFO] [EOH] Передано Hydrogen: 32768000L
[2022-10-19 06:00:00] [INFO] [EOH] TRANSFER_RESULT Hydrogen source=0 target=3 amount=32768000 ok=true value=true extra=32768000 before=128000000/0
[2022-10-19 06:00:00] [INFO] [EOH] Передано Hydrogen: 32768000L
[2022-10-19 06:02:13] [INFO] [EOH] TRANSFER_RESULT Hydrogen source=0 target=3 amount=32768000 ok=true value=true extra=32768000 before=128000000/0
[2022-10-19 06:02:13] [INFO] [EOH] Передано Hydrogen: 32768000L
[2022-10-19 06:04:26] [INFO] [EOH] TRANSFER_RESULT Hydrogen source=0 target=3 amount=32768000 ok=true value=true extra=32768000 before=128000000/0
[2022-10-19 06:04:26] [INFO] [EOH] Передано Hydrogen: 32768000L
[2022-10-19 06:06:46] [INFO] [EOH] TRANSFER_RESULT Hydrogen source=0 target=3 amount=32768000 ok=true value=true extra=32768000 before=128000000/0
[2022-10-19 06:06:46] [INFO] [EOH] Передано Hydrogen: 32768000L
[2022-10-19 06:09:00] [INFO] [EOH] TRANSFER_RESULT Hydrogen source=0 target=3 amount=32768000 ok=true value=true extra=32768000 before=128000000/0
[2022-10-19 06:09:00] [INFO] [EOH] Передано Hydrogen: 32768000L
[2022-10-19 06:11:16] [INFO] [EOH] TRANSFER_RESULT Hydrogen source=0 target=3 amount=32768000 ok=true value=true extra=32768000 before=128000000/0
[2022-10-19 06:11:16] [INFO] [EOH] Передано Hydrogen: 32768000L
[2022-10-19 06:13:30] [INFO] [EOH] TRANSFER_RESULT Hydrogen source=0 target=3 amount=32768000 ok=true value=true extra=32768000 before=128000000/0
[2022-10-19 06:13:30] [INFO] [EOH] Передано Hydrogen: 32768000L
[2022-10-19 06:15:46] [INFO] [EOH] TRANSFER_RESULT Hydrogen source=0 target=3 amount=32768000 ok=true value=true extra=32768000 before=128000000/0
[2022-10-19 06:15:46] [INFO] [EOH] Передано Hydrogen: 32768000L
[2022-10-19 06:18:07] [INFO] [EOH] TRANSFER_RESULT Hydrogen source=0 target=3 amount=32768000 ok=true value=true extra=32768000 before=128000000/0
[2022-10-19 06:18:07] [INFO] [EOH] Передано Hydrogen: 32768000L
[2022-10-19 06:20:20] [INFO] [EOH] TRANSFER_RESULT Hydrogen source=0 target=3 amount=32768000 ok=true value=true extra=32768000 before=128000000/0
[2022-10-19 06:20:20] [INFO] [EOH] Передано Hydrogen: 32768000L
[2022-10-19 06:22:37] [INFO] [EOH] TRANSFER_RESULT Hydrogen source=0 target=3 amount=32768000 ok=true value=true extra=32768000 before=128000000/0
[2022-10-19 06:22:37] [INFO] [EOH] Передано Hydrogen: 32768000L
[2022-10-19 06:24:50] [INFO] [EOH] TRANSFER_RESULT Hydrogen source=0 target=3 amount=32768000 ok=true value=true extra=32768000 before=128000000/0
[2022-10-19 06:24:50] [INFO] [EOH] Передано Hydrogen: 32768000L
[2022-10-19 06:26:13] [INFO] [EOH] TRANSFER_RESULT Hydrogen source=0 target=3 amount=16960000.0 ok=true value=true extra=16960000 before=128000000/0
[2022-10-19 06:26:13] [INFO] [EOH] Передано Hydrogen: 16960000L
[2022-10-19 06:27:00] [INFO] [EOH] TRANSFER Helium addr=1f2235f4-e1c1-4a0b-bdc1-c6ef0884a88c sources=1 target=3 requested=1000000000.0
[2022-10-19 06:29:09] [INFO] [EOH] TRANSFER_RESULT Helium source=1 target=3 amount=32768000 ok=true value=true extra=32768000 before=128000000/0
[2022-10-19 06:29:09] [INFO] [EOH] Передано Helium: 32768000L
[2022-10-19 06:31:26] [INFO] [EOH] TRANSFER_RESULT Helium source=1 target=3 amount=32768000 ok=true value=true extra=32768000 before=128000000/0
[2022-10-19 06:31:26] [INFO] [EOH] Передано Helium: 32768000L
[2022-10-19 06:33:43] [INFO] [EOH] TRANSFER_RESULT Helium source=1 target=3 amount=32768000 ok=true value=true extra=32768000 before=128000000/0
[2022-10-19 06:33:43] [INFO] [EOH] Передано Helium: 32768000L
[2022-10-19 06:35:56] [INFO] [EOH] TRANSFER_RESULT Helium source=1 target=3 amount=32768000 ok=true value=true extra=32768000 before=128000000/0
[2022-10-19 06:35:56] [INFO] [EOH] Передано Helium: 32768000L
[2022-10-19 06:38:13] [INFO] [EOH] TRANSFER_RESULT Helium source=1 target=3 amount=32768000 ok=true value=true extra=32768000 before=128000000/0
[2022-10-19 06:38:13] [INFO] [EOH] Передано Helium: 32768000L
[2022-10-19 06:40:26] [INFO] [EOH] TRANSFER_RESULT Helium source=1 target=3 amount=32768000 ok=true value=true extra=32768000 before=128000000/0
[2022-10-19 06:40:26] [INFO] [EOH] Передано Helium: 32768000L
[2022-10-19 06:42:43] [INFO] [EOH] TRANSFER_RESULT Helium source=1 target=3 amount=32768000 ok=true value=true extra=32768000 before=128000000/0
[2022-10-19 06:42:43] [INFO] [EOH] Передано Helium: 32768000L
[2022-10-19 06:43:04] [INFO] [EOH] TRANSFER_RESULT Helium source=1 target=3 amount=770624000.0 ok=true value=false extra=0 before=128000000/32768000
[2022-10-19 06:43:04] [ERROR] [EOH] Не удалось передать Helium (0), осталось 770624000.0L
[2022-10-19 06:43:08] [ERROR] [EOH] Ошибка подачи жидкости
[2022-10-19 11:08:24] [INFO] [EOH] Поиск компонентов...
[2022-10-19 11:08:24] [DEBUG] [EOH] gt_machine: gt_machine [d80ef108-4099-4350-9e29-6366ba31c7ea]
[2022-10-19 11:09:10] [INFO] [EOH] Найден транспозер: 1f2235f4-e1c1-4a0b-bdc1-c6ef0884a88c, capacity=128000000, fluid=helium
[2022-10-19 11:09:57] [INFO] [EOH] Найден транспозер: ec79567c-cac0-4df5-ae92-899252adaef9, capacity=128000000, fluid=hydrogen
[2022-10-19 11:09:57] [WARN] [EOH] Использован единственный gt_machine как контроллер EOH
[2022-10-19 11:30:46] [INFO] [EOH] Запуск рецепта: тир 1, AA: false
[2022-10-19 11:31:30] [INFO] [EOH] TRANSFER Hydrogen addr=ec79567c-cac0-4df5-ae92-899252adaef9 sources=0 target=3 requested=1000000000.0
[2022-10-19 11:33:39] [INFO] [EOH] TRANSFER_RESULT Hydrogen source=0 target=3 amount=32768000 ok=true value=true extra=32768000 before=128000000/0
[2022-10-19 11:33:39] [INFO] [EOH] Передано Hydrogen: 32768000L
[2022-10-19 11:35:52] [INFO] [EOH] TRANSFER_RESULT Hydrogen source=0 target=3 amount=32768000 ok=true value=true extra=32768000 before=128000000/0
[2022-10-19 11:35:52] [INFO] [EOH] Передано Hydrogen: 32768000L
[2022-10-19 11:38:06] [INFO] [EOH] TRANSFER_RESULT Hydrogen source=0 target=3 amount=32768000 ok=true value=true extra=32768000 before=128000000/0
[2022-10-19 11:38:06] [INFO] [EOH] Передано Hydrogen: 32768000L
[2022-10-19 11:40:22] [INFO] [EOH] TRANSFER_RESULT Hydrogen source=0 target=3 amount=32768000 ok=true value=true extra=32768000 before=128000000/0
[2022-10-19 11:40:22] [INFO] [EOH] Передано Hydrogen: 32768000L
[2022-10-19 11:42:36] [INFO] [EOH] TRANSFER_RESULT Hydrogen source=0 target=3 amount=32768000 ok=true value=true extra=32768000 before=128000000/0
[2022-10-19 11:42:36] [INFO] [EOH] Передано Hydrogen: 32768000L
[2022-10-19 11:44:49] [INFO] [EOH] TRANSFER_RESULT Hydrogen source=0 target=3 amount=32768000 ok=true value=true extra=32768000 before=128000000/0
[2022-10-19 11:44:49] [INFO] [EOH] Передано Hydrogen: 32768000L
[2022-10-19 11:47:02] [INFO] [EOH] TRANSFER_RESULT Hydrogen source=0 target=3 amount=32768000 ok=true value=true extra=32768000 before=128000000/0
[2022-10-19 11:47:02] [INFO] [EOH] Передано Hydrogen: 32768000L
[2022-10-19 11:49:15] [INFO] [EOH] TRANSFER_RESULT Hydrogen source=0 target=3 amount=32768000 ok=true value=true extra=32768000 before=128000000/0
[2022-10-19 11:49:15] [INFO] [EOH] Передано Hydrogen: 32768000L
[2022-10-19 11:51:28] [INFO] [EOH] TRANSFER_RESULT Hydrogen source=0 target=3 amount=32768000 ok=true value=true extra=32768000 before=128000000/0
[2022-10-19 11:51:28] [INFO] [EOH] Передано Hydrogen: 32768000L
[2022-10-19 11:53:42] [INFO] [EOH] TRANSFER_RESULT Hydrogen source=0 target=3 amount=32768000 ok=true value=true extra=32768000 before=128000000/0
[2022-10-19 11:53:42] [INFO] [EOH] Передано Hydrogen: 32768000L
[2022-10-19 11:55:55] [INFO] [EOH] TRANSFER_RESULT Hydrogen source=0 target=3 amount=32768000 ok=true value=true extra=32768000 before=128000000/0
[2022-10-19 11:55:55] [INFO] [EOH] Передано Hydrogen: 32768000L
[2022-10-19 11:58:08] [INFO] [EOH] TRANSFER_RESULT Hydrogen source=0 target=3 amount=32768000 ok=true value=true extra=32768000 before=128000000/0
[2022-10-19 11:58:08] [INFO] [EOH] Передано Hydrogen: 32768000L
[2022-10-19 12:00:21] [INFO] [EOH] TRANSFER_RESULT Hydrogen source=0 target=3 amount=32768000 ok=true value=true extra=32768000 before=128000000/0
[2022-10-19 12:00:21] [INFO] [EOH] Передано Hydrogen: 32768000L
[2022-10-19 12:02:34] [INFO] [EOH] TRANSFER_RESULT Hydrogen source=0 target=3 amount=32768000 ok=true value=true extra=32768000 before=128000000/0
[2022-10-19 12:02:34] [INFO] [EOH] Передано Hydrogen: 32768000L
[2022-10-19 12:04:48] [INFO] [EOH] TRANSFER_RESULT Hydrogen source=0 target=3 amount=32768000 ok=true value=true extra=32768000 before=128000000/0
[2022-10-19 12:04:48] [INFO] [EOH] Передано Hydrogen: 32768000L
[2022-10-19 12:07:01] [INFO] [EOH] TRANSFER_RESULT Hydrogen source=0 target=3 amount=32768000 ok=true value=true extra=32768000 before=128000000/0
[2022-10-19 12:07:01] [INFO] [EOH] Передано Hydrogen: 32768000L
[2022-10-19 12:09:14] [INFO] [EOH] TRANSFER_RESULT Hydrogen source=0 target=3 amount=32768000 ok=true value=true extra=32768000 before=128000000/0
[2022-10-19 12:09:14] [INFO] [EOH] Передано Hydrogen: 32768000L
[2022-10-19 12:11:27] [INFO] [EOH] TRANSFER_RESULT Hydrogen source=0 target=3 amount=32768000 ok=true value=true extra=32768000 before=128000000/0
[2022-10-19 12:11:27] [INFO] [EOH] Передано Hydrogen: 32768000L
[2022-10-19 12:13:40] [INFO] [EOH] TRANSFER_RESULT Hydrogen source=0 target=3 amount=32768000 ok=true value=true extra=32768000 before=128000000/0
[2022-10-19 12:13:40] [INFO] [EOH] Передано Hydrogen: 32768000L
[2022-10-19 12:15:54] [INFO] [EOH] TRANSFER_RESULT Hydrogen source=0 target=3 amount=32768000 ok=true value=true extra=32768000 before=128000000/0
[2022-10-19 12:15:54] [INFO] [EOH] Передано Hydrogen: 32768000L
[2022-10-19 12:18:07] [INFO] [EOH] TRANSFER_RESULT Hydrogen source=0 target=3 amount=32768000 ok=true value=true extra=32768000 before=128000000/0
[2022-10-19 12:18:07] [INFO] [EOH] Передано Hydrogen: 32768000L
[2022-10-19 12:20:20] [INFO] [EOH] TRANSFER_RESULT Hydrogen source=0 target=3 amount=32768000 ok=true value=true extra=32768000 before=128000000/0
[2022-10-19 12:20:20] [INFO] [EOH] Передано Hydrogen: 32768000L
[2022-10-19 12:22:33] [INFO] [EOH] TRANSFER_RESULT Hydrogen source=0 target=3 amount=32768000 ok=true value=true extra=32768000 before=128000000/0
[2022-10-19 12:22:33] [INFO] [EOH] Передано Hydrogen: 32768000L
[2022-10-19 12:24:46] [INFO] [EOH] TRANSFER_RESULT Hydrogen source=0 target=3 amount=32768000 ok=true value=true extra=32768000 before=128000000/0
[2022-10-19 12:24:46] [INFO] [EOH] Передано Hydrogen: 32768000L
[2022-10-19 12:27:00] [INFO] [EOH] TRANSFER_RESULT Hydrogen source=0 target=3 amount=32768000 ok=true value=true extra=32768000 before=128000000/0
[2022-10-19 12:27:00] [INFO] [EOH] Передано Hydrogen: 32768000L
[2022-10-19 12:29:13] [INFO] [EOH] TRANSFER_RESULT Hydrogen source=0 target=3 amount=32768000 ok=true value=true extra=32768000 before=128000000/0
[2022-10-19 12:29:13] [INFO] [EOH] Передано Hydrogen: 32768000L
[2022-10-19 12:31:30] [INFO] [EOH] TRANSFER_RESULT Hydrogen source=0 target=3 amount=32768000 ok=true value=true extra=32768000 before=128000000/0
[2022-10-19 12:31:30] [INFO] [EOH] Передано Hydrogen: 32768000L
[2022-10-19 12:33:43] [INFO] [EOH] TRANSFER_RESULT Hydrogen source=0 target=3 amount=32768000 ok=true value=true extra=32768000 before=128000000/0
[2022-10-19 12:33:43] [INFO] [EOH] Передано Hydrogen: 32768000L
[2022-10-19 12:35:56] [INFO] [EOH] TRANSFER_RESULT Hydrogen source=0 target=3 amount=32768000 ok=true value=true extra=32768000 before=128000000/0
[2022-10-19 12:35:56] [INFO] [EOH] Передано Hydrogen: 32768000L
[2022-10-19 12:38:09] [INFO] [EOH] TRANSFER_RESULT Hydrogen source=0 target=3 amount=32768000 ok=true value=true extra=32768000 before=128000000/0
[2022-10-19 12:38:09] [INFO] [EOH] Передано Hydrogen: 32768000L
[2022-10-19 12:39:28] [INFO] [EOH] TRANSFER_RESULT Hydrogen source=0 target=3 amount=16960000.0 ok=true value=true extra=16960000 before=128000000/0
[2022-10-19 12:39:28] [INFO] [EOH] Передано Hydrogen: 16960000L
[2022-10-19 12:40:12] [INFO] [EOH] TRANSFER Helium addr=1f2235f4-e1c1-4a0b-bdc1-c6ef0884a88c sources=1 target=3 requested=1000000000.0
[2022-10-19 12:42:21] [INFO] [EOH] TRANSFER_RESULT Helium source=1 target=3 amount=32768000 ok=true value=true extra=32768000 before=128000000/0
[2022-10-19 12:42:25] [INFO] [EOH] Передано Helium: 32768000L
[2022-10-19 12:44:38] [INFO] [EOH] TRANSFER_RESULT Helium source=1 target=3 amount=32768000 ok=true value=true extra=32768000 before=128000000/0
[2022-10-19 12:44:38] [INFO] [EOH] Передано Helium: 32768000L
[2022-10-19 12:46:51] [INFO] [EOH] TRANSFER_RESULT Helium source=1 target=3 amount=32768000 ok=true value=true extra=32768000 before=128000000/0
[2022-10-19 12:46:51] [INFO] [EOH] Передано Helium: 32768000L
[2022-10-19 12:49:04] [INFO] [EOH] TRANSFER_RESULT Helium source=1 target=3 amount=32768000 ok=true value=true extra=32768000 before=128000000/0
[2022-10-19 12:49:04] [INFO] [EOH] Передано Helium: 32768000L
[2022-10-19 12:51:18] [INFO] [EOH] TRANSFER_RESULT Helium source=1 target=3 amount=32768000 ok=true value=true extra=32768000 before=128000000/0
[2022-10-19 12:51:18] [INFO] [EOH] Передано Helium: 32768000L
[2022-10-19 12:53:31] [INFO] [EOH] TRANSFER_RESULT Helium source=1 target=3 amount=32768000 ok=true value=true extra=32768000 before=128000000/0
[2022-10-19 12:53:31] [INFO] [EOH] Передано Helium: 32768000L
[2022-10-19 12:55:44] [INFO] [EOH] TRANSFER_RESULT Helium source=1 target=3 amount=32768000 ok=true value=true extra=32768000 before=128000000/0
[2022-10-19 12:55:44] [INFO] [EOH] Передано Helium: 32768000L
[2022-10-19 12:57:57] [INFO] [EOH] TRANSFER_RESULT Helium source=1 target=3 amount=32768000 ok=true value=true extra=32768000 before=128000000/0
[2022-10-19 12:57:57] [INFO] [EOH] Передано Helium: 32768000L
[2022-10-19 13:00:10] [INFO] [EOH] TRANSFER_RESULT Helium source=1 target=3 amount=32768000 ok=true value=true extra=32768000 before=128000000/0
[2022-10-19 13:00:10] [INFO] [EOH] Передано Helium: 32768000L
[2022-10-19 13:02:24] [INFO] [EOH] TRANSFER_RESULT Helium source=1 target=3 amount=32768000 ok=true value=true extra=32768000 before=128000000/0
[2022-10-19 13:02:24] [INFO] [EOH] Передано Helium: 32768000L
[2022-10-19 13:04:37] [INFO] [EOH] TRANSFER_RESULT Helium source=1 target=3 amount=32768000 ok=true value=true extra=32768000 before=128000000/0
[2022-10-19 13:04:37] [INFO] [EOH] Передано Helium: 32768000L
[2022-10-19 13:06:50] [INFO] [EOH] TRANSFER_RESULT Helium source=1 target=3 amount=32768000 ok=true value=true extra=32768000 before=128000000/0
[2022-10-19 13:06:50] [INFO] [EOH] Передано Helium: 32768000L
[2022-10-19 13:09:03] [INFO] [EOH] TRANSFER_RESULT Helium source=1 target=3 amount=32768000 ok=true value=true extra=32768000 before=128000000/0
[2022-10-19 13:09:03] [INFO] [EOH] Передано Helium: 32768000L
[2022-10-19 13:11:20] [INFO] [EOH] TRANSFER_RESULT Helium source=1 target=3 amount=32768000 ok=true value=true extra=32768000 before=128000000/0
[2022-10-19 13:11:20] [INFO] [EOH] Передано Helium: 32768000L
[2022-10-19 13:13:40] [INFO] [EOH] TRANSFER_RESULT Helium source=1 target=3 amount=32768000 ok=true value=true extra=32768000 before=128000000/0
[2022-10-19 13:13:40] [INFO] [EOH] Передано Helium: 32768000L
[2022-10-19 13:15:57] [INFO] [EOH] TRANSFER_RESULT Helium source=1 target=3 amount=32768000 ok=true value=true extra=32768000 before=128000000/0
[2022-10-19 13:15:57] [INFO] [EOH] Передано Helium: 32768000L
[2022-10-19 13:18:14] [INFO] [EOH] TRANSFER_RESULT Helium source=1 target=3 amount=32768000 ok=true value=true extra=32768000 before=128000000/0
[2022-10-19 13:18:14] [INFO] [EOH] Передано Helium: 32768000L
[2022-10-19 13:20:27] [INFO] [EOH] TRANSFER_RESULT Helium source=1 target=3 amount=32768000 ok=true value=true extra=32768000 before=128000000/0
[2022-10-19 13:20:27] [INFO] [EOH] Передано Helium: 32768000L
[2022-10-19 13:22:44] [INFO] [EOH] TRANSFER_RESULT Helium source=1 target=3 amount=32768000 ok=true value=true extra=32768000 before=128000000/0
[2022-10-19 13:22:44] [INFO] [EOH] Передано Helium: 32768000L
[2022-10-19 13:24:57] [INFO] [EOH] TRANSFER_RESULT Helium source=1 target=3 amount=32768000 ok=true value=true extra=32768000 before=128000000/0
[2022-10-19 13:25:01] [INFO] [EOH] Передано Helium: 32768000L
[2022-10-19 13:27:14] [INFO] [EOH] TRANSFER_RESULT Helium source=1 target=3 amount=32768000 ok=true value=true extra=32768000 before=128000000/0
[2022-10-19 13:27:14] [INFO] [EOH] Передано Helium: 32768000L
[2022-10-19 13:29:27] [INFO] [EOH] TRANSFER_RESULT Helium source=1 target=3 amount=32768000 ok=true value=true extra=32768000 before=128000000/0
[2022-10-19 13:29:27] [INFO] [EOH] Передано Helium: 32768000L
[2022-10-19 13:31:44] [INFO] [EOH] TRANSFER_RESULT Helium source=1 target=3 amount=32768000 ok=true value=true extra=32768000 before=128000000/0
[2022-10-19 13:31:44] [INFO] [EOH] Передано Helium: 32768000L
[2022-10-19 13:33:57] [INFO] [EOH] TRANSFER_RESULT Helium source=1 target=3 amount=32768000 ok=true value=true extra=32768000 before=128000000/0
[2022-10-19 13:33:57] [INFO] [EOH] Передано Helium: 32768000L
[2022-10-19 13:36:14] [INFO] [EOH] TRANSFER_RESULT Helium source=1 target=3 amount=32768000 ok=true value=true extra=32768000 before=128000000/0
[2022-10-19 13:36:14] [INFO] [EOH] Передано Helium: 32768000L
[2022-10-19 13:38:27] [INFO] [EOH] TRANSFER_RESULT Helium source=1 target=3 amount=32768000 ok=true value=true extra=32768000 before=128000000/0
[2022-10-19 13:38:27] [INFO] [EOH] Передано Helium: 32768000L
[2022-10-19 13:40:44] [INFO] [EOH] TRANSFER_RESULT Helium source=1 target=3 amount=32768000 ok=true value=true extra=32768000 before=128000000/0
[2022-10-19 13:40:44] [INFO] [EOH] Передано Helium: 32768000L
[2022-10-19 13:42:57] [INFO] [EOH] TRANSFER_RESULT Helium source=1 target=3 amount=32768000 ok=true value=true extra=32768000 before=128000000/0
[2022-10-19 13:43:01] [INFO] [EOH] Передано Helium: 32768000L
[2022-10-19 13:45:14] [INFO] [EOH] TRANSFER_RESULT Helium source=1 target=3 amount=32768000 ok=true value=true extra=32768000 before=128000000/0
[2022-10-19 13:45:14] [INFO] [EOH] Передано Helium: 32768000L
[2022-10-19 13:47:27] [INFO] [EOH] TRANSFER_RESULT Helium source=1 target=3 amount=32768000 ok=true value=true extra=32768000 before=128000000/0
[2022-10-19 13:47:27] [INFO] [EOH] Передано Helium: 32768000L
[2022-10-19 13:48:50] [INFO] [EOH] TRANSFER_RESULT Helium source=1 target=3 amount=16960000.0 ok=true value=true extra=16960000 before=128000000/0
[2022-10-19 13:48:50] [INFO] [EOH] Передано Helium: 16960000L
[2022-10-19 13:48:50] [ERROR] [EOH] У контроллера нет метода запуска
[2022-10-20 20:19:19] [INFO] [EOH] Production Mode: тир 1
[2022-10-20 20:19:19] [INFO] [EOH] Запуск рецепта: тир 1, AA: false
[2022-10-20 20:20:13] [INFO] [EOH] TRANSFER Hydrogen addr=ec79567c-cac0-4df5-ae92-899252adaef9 sources=0 target=3 requested=1000000000.0
[2022-10-20 20:22:22] [INFO] [EOH] TRANSFER_RESULT Hydrogen source=0 target=3 amount=32768000 ok=true value=true extra=32768000 before=128000000/0
[2022-10-20 20:22:22] [INFO] [EOH] Передано Hydrogen: 32768000L
[2022-10-20 20:23:06] [INFO] [EOH] TRANSFER Helium addr=1f2235f4-e1c1-4a0b-bdc1-c6ef0884a88c sources=1 target=3 requested=983040000.0
[2022-10-20 20:25:15] [INFO] [EOH] TRANSFER_RESULT Helium source=1 target=3 amount=32768000 ok=true value=true extra=32768000 before=128000000/0
[2022-10-20 20:25:15] [INFO] [EOH] Передано Helium: 32768000L
[2022-10-20 20:27:32] [INFO] [EOH] TRANSFER_RESULT Hydrogen source=0 target=3 amount=32768000 ok=true value=true extra=32768000 before=128000000/0
[2022-10-20 20:27:32] [INFO] [EOH] Передано Hydrogen: 32768000L
[2022-10-20 20:29:45] [INFO] [EOH] TRANSFER_RESULT Helium source=1 target=3 amount=32768000 ok=true value=true extra=32768000 before=128000000/0
[2022-10-20 20:29:45] [INFO] [EOH] Передано Helium: 32768000L
[2022-10-20 20:32:09] [INFO] [EOH] TRANSFER_RESULT Hydrogen source=0 target=3 amount=32768000 ok=true value=true extra=32768000 before=128000000/0
[2022-10-20 20:32:09] [INFO] [EOH] Передано Hydrogen: 32768000L
[2022-10-20 20:34:19] [INFO] [EOH] TRANSFER_RESULT Helium source=1 target=3 amount=32768000 ok=true value=true extra=32768000 before=128000000/0
[2022-10-20 20:34:19] [INFO] [EOH] Передано Helium: 32768000L
[2022-10-20 20:36:36] [INFO] [EOH] TRANSFER_RESULT Hydrogen source=0 target=3 amount=32768000 ok=true value=true extra=32768000 before=128000000/0
[2022-10-20 20:36:36] [INFO] [EOH] Передано Hydrogen: 32768000L
[2022-10-20 20:38:45] [INFO] [EOH] TRANSFER_RESULT Helium source=1 target=3 amount=32768000 ok=true value=true extra=32768000 before=128000000/0
[2022-10-20 20:38:45] [INFO] [EOH] Передано Helium: 32768000L
[2022-10-20 20:41:02] [INFO] [EOH] TRANSFER_RESULT Hydrogen source=0 target=3 amount=32768000 ok=true value=true extra=32768000 before=128000000/0
[2022-10-20 20:41:02] [INFO] [EOH] Передано Hydrogen: 32768000L
[2022-10-20 20:43:12] [INFO] [EOH] TRANSFER_RESULT Helium source=1 target=3 amount=32768000 ok=true value=true extra=32768000 before=128000000/0
[2022-10-20 20:43:12] [INFO] [EOH] Передано Helium: 32768000L
[2022-10-20 20:45:32] [INFO] [EOH] TRANSFER_RESULT Hydrogen source=0 target=3 amount=32768000 ok=true value=true extra=32768000 before=128000000/0
[2022-10-20 20:45:32] [INFO] [EOH] Передано Hydrogen: 32768000L
[2022-10-20 20:47:42] [INFO] [EOH] TRANSFER_RESULT Helium source=1 target=3 amount=32768000 ok=true value=true extra=32768000 before=128000000/0
[2022-10-20 20:47:42] [INFO] [EOH] Передано Helium: 32768000L
[2022-10-20 20:49:58] [INFO] [EOH] TRANSFER_RESULT Hydrogen source=0 target=3 amount=32768000 ok=true value=true extra=32768000 before=128000000/0
[2022-10-20 20:50:02] [INFO] [EOH] Передано Hydrogen: 32768000L
[2022-10-20 20:52:15] [INFO] [EOH] TRANSFER_RESULT Helium source=1 target=3 amount=32768000 ok=true value=true extra=32768000 before=128000000/0
[2022-10-20 20:52:15] [INFO] [EOH] Передано Helium: 32768000L
[2022-10-20 20:54:36] [INFO] [EOH] TRANSFER_RESULT Hydrogen source=0 target=3 amount=32768000 ok=true value=true extra=32768000 before=128000000/0
[2022-10-20 20:54:36] [INFO] [EOH] Передано Hydrogen: 32768000L
[2022-10-20 20:56:45] [INFO] [EOH] TRANSFER_RESULT Helium source=1 target=3 amount=32768000 ok=true value=true extra=32768000 before=128000000/0
[2022-10-20 20:56:45] [INFO] [EOH] Передано Helium: 32768000L
[2022-10-20 20:59:06] [INFO] [EOH] TRANSFER_RESULT Hydrogen source=0 target=3 amount=32768000 ok=true value=true extra=32768000 before=128000000/0
[2022-10-20 20:59:06] [INFO] [EOH] Передано Hydrogen: 32768000L
[2022-10-20 21:01:15] [INFO] [EOH] TRANSFER_RESULT Helium source=1 target=3 amount=32768000 ok=true value=true extra=32768000 before=128000000/0
[2022-10-20 21:01:15] [INFO] [EOH] Передано Helium: 32768000L
[2022-10-20 21:03:36] [INFO] [EOH] TRANSFER_RESULT Hydrogen source=0 target=3 amount=32768000 ok=true value=true extra=32768000 before=128000000/0
[2022-10-20 21:03:36] [INFO] [EOH] Передано Hydrogen: 32768000L
[2022-10-20 21:05:45] [INFO] [EOH] TRANSFER_RESULT Helium source=1 target=3 amount=32768000 ok=true value=true extra=32768000 before=128000000/0
[2022-10-20 21:05:45] [INFO] [EOH] Передано Helium: 32768000L
[2022-10-20 21:08:02] [INFO] [EOH] TRANSFER_RESULT Hydrogen source=0 target=3 amount=32768000 ok=true value=true extra=32768000 before=128000000/0
[2022-10-20 21:08:02] [INFO] [EOH] Передано Hydrogen: 32768000L
[2022-10-20 21:10:12] [INFO] [EOH] TRANSFER_RESULT Helium source=1 target=3 amount=32768000 ok=true value=true extra=32768000 before=128000000/0
[2022-10-20 21:10:12] [INFO] [EOH] Передано Helium: 32768000L
[2022-10-20 21:12:28] [INFO] [EOH] TRANSFER_RESULT Hydrogen source=0 target=3 amount=32768000 ok=true value=true extra=32768000 before=128000000/0
[2022-10-20 21:12:28] [INFO] [EOH] Передано Hydrogen: 32768000L
[2022-10-20 21:14:38] [INFO] [EOH] TRANSFER_RESULT Helium source=1 target=3 amount=32768000 ok=true value=true extra=32768000 before=128000000/0
[2022-10-20 21:14:38] [INFO] [EOH] Передано Helium: 32768000L
[2022-10-20 21:16:55] [INFO] [EOH] TRANSFER_RESULT Hydrogen source=0 target=3 amount=32768000 ok=true value=true extra=32768000 before=128000000/0
[2022-10-20 21:16:55] [INFO] [EOH] Передано Hydrogen: 32768000L
[2022-10-20 21:19:04] [INFO] [EOH] TRANSFER_RESULT Helium source=1 target=3 amount=32768000 ok=true value=true extra=32768000 before=128000000/0
[2022-10-20 21:19:04] [INFO] [EOH] Передано Helium: 32768000L
[2022-10-20 21:21:32] [INFO] [EOH] TRANSFER_RESULT Hydrogen source=0 target=3 amount=32768000 ok=true value=true extra=32768000 before=128000000/0
[2022-10-20 21:21:32] [INFO] [EOH] Передано Hydrogen: 32768000L
[2022-10-20 21:23:42] [INFO] [EOH] TRANSFER_RESULT Helium source=1 target=3 amount=32768000 ok=true value=true extra=32768000 before=128000000/0
[2022-10-20 21:23:42] [INFO] [EOH] Передано Helium: 32768000L
[2022-10-20 21:25:58] [INFO] [EOH] TRANSFER_RESULT Hydrogen source=0 target=3 amount=32768000 ok=true value=true extra=32768000 before=128000000/0
[2022-10-20 21:25:58] [INFO] [EOH] Передано Hydrogen: 32768000L
[2022-10-20 21:28:08] [INFO] [EOH] TRANSFER_RESULT Helium source=1 target=3 amount=32768000 ok=true value=true extra=32768000 before=128000000/0
[2022-10-20 21:28:08] [INFO] [EOH] Передано Helium: 32768000L
[2022-10-20 21:30:28] [INFO] [EOH] TRANSFER_RESULT Hydrogen source=0 target=3 amount=32768000 ok=true value=true extra=32768000 before=128000000/0
[2022-10-20 21:30:28] [INFO] [EOH] Передано Hydrogen: 32768000L
[2022-10-20 21:32:38] [INFO] [EOH] TRANSFER_RESULT Helium source=1 target=3 amount=32768000 ok=true value=true extra=32768000 before=128000000/0
[2022-10-20 21:32:38] [INFO] [EOH] Передано Helium: 32768000L
[2022-10-20 21:35:02] [INFO] [EOH] TRANSFER_RESULT Hydrogen source=0 target=3 amount=32768000 ok=true value=true extra=32768000 before=128000000/0
[2022-10-20 21:35:02] [INFO] [EOH] Передано Hydrogen: 32768000L
[2022-10-20 21:37:12] [INFO] [EOH] TRANSFER_RESULT Helium source=1 target=3 amount=32768000 ok=true value=true extra=32768000 before=128000000/0
[2022-10-20 21:37:12] [INFO] [EOH] Передано Helium: 32768000L
[2022-10-20 21:39:28] [INFO] [EOH] TRANSFER_RESULT Hydrogen source=0 target=3 amount=32768000 ok=true value=true extra=32768000 before=128000000/0
[2022-10-20 21:39:28] [INFO] [EOH] Передано Hydrogen: 32768000L
[2022-10-20 21:41:38] [INFO] [EOH] TRANSFER_RESULT Helium source=1 target=3 amount=32768000 ok=true value=true extra=32768000 before=128000000/0
[2022-10-20 21:41:42] [INFO] [EOH] Передано Helium: 32768000L
[2022-10-20 21:44:02] [INFO] [EOH] TRANSFER_RESULT Hydrogen source=0 target=3 amount=32768000 ok=true value=true extra=32768000 before=128000000/0
[2022-10-20 21:44:02] [INFO] [EOH] Передано Hydrogen: 32768000L
[2022-10-20 21:46:12] [INFO] [EOH] TRANSFER_RESULT Helium source=1 target=3 amount=32768000 ok=true value=true extra=32768000 before=128000000/0
[2022-10-20 21:46:12] [INFO] [EOH] Передано Helium: 32768000L
[2022-10-20 21:48:28] [INFO] [EOH] TRANSFER_RESULT Hydrogen source=0 target=3 amount=32768000 ok=true value=true extra=32768000 before=128000000/0
[2022-10-20 21:48:28] [INFO] [EOH] Передано Hydrogen: 32768000L
[2022-10-20 21:50:38] [INFO] [EOH] TRANSFER_RESULT Helium source=1 target=3 amount=32768000 ok=true value=true extra=32768000 before=128000000/0
[2022-10-20 21:50:38] [INFO] [EOH] Передано Helium: 32768000L
[2022-10-20 21:37:15] [INFO] [EOH] TRANSFER_RESULT Helium source=1 target=3 amount=32768000 ok=true value=true extra=32768000 before=128000000/0
[2022-10-20 21:37:15] [INFO] [EOH] Передано Helium: 32768000L
[2022-10-20 21:39:36] [INFO] [EOH] TRANSFER_RESULT Hydrogen source=0 target=3 amount=32768000 ok=true value=true extra=32768000 before=128000000/0
[2022-10-20 21:39:36] [INFO] [EOH] Передано Hydrogen: 32768000L
[2022-10-20 21:39:54] [INFO] [EOH] TRANSFER_RESULT Helium source=1 target=3 amount=425984000.0 ok=true value=false extra=0 before=128000000/32768000
[2022-10-20 21:39:54] [DEBUG] [EOH] Transfer paused for Helium; waiting for target space (attempt 1)
[2022-10-20 21:40:22] [INFO] [EOH] TRANSFER_RESULT Hydrogen source=0 target=3 amount=410176000.0 ok=true value=false extra=0 before=128000000/32768000
[2022-10-20 21:40:22] [DEBUG] [EOH] Transfer paused for Hydrogen; waiting for target space (attempt 1)
[2022-10-20 21:40:48] [INFO] [EOH] TRANSFER_RESULT Helium source=1 target=3 amount=425984000.0 ok=true value=false extra=0 before=128000000/32768000
[2022-10-20 21:40:48] [DEBUG] [EOH] Transfer paused for Helium; waiting for target space (attempt 2)
[2022-10-20 21:41:16] [INFO] [EOH] TRANSFER_RESULT Hydrogen source=0 target=3 amount=410176000.0 ok=true value=false extra=0 before=128000000/32768000
[2022-10-20 21:41:16] [DEBUG] [EOH] Transfer paused for Hydrogen; waiting for target space (attempt 2)
[2022-10-20 21:41:42] [INFO] [EOH] TRANSFER_RESULT Helium source=1 target=3 amount=425984000.0 ok=true value=false extra=0 before=128000000/32768000
[2022-10-20 21:41:42] [DEBUG] [EOH] Transfer paused for Helium; waiting for target space (attempt 3)
[2022-10-20 21:42:10] [INFO] [EOH] TRANSFER_RESULT Hydrogen source=0 target=3 amount=410176000.0 ok=true value=false extra=0 before=128000000/32768000
[2022-10-20 21:42:10] [DEBUG] [EOH] Transfer paused for Hydrogen; waiting for target space (attempt 3)
[2022-10-20 21:42:36] [INFO] [EOH] TRANSFER_RESULT Helium source=1 target=3 amount=425984000.0 ok=true value=false extra=0 before=128000000/32768000
[2022-10-20 21:42:36] [DEBUG] [EOH] Transfer paused for Helium; waiting for target space (attempt 4)
[2022-10-20 21:44:56] [INFO] [EOH] TRANSFER_RESULT Hydrogen source=0 target=3 amount=32768000 ok=true value=true extra=32768000 before=128000000/0
[2022-10-20 21:44:56] [INFO] [EOH] Передано Hydrogen: 32768000L
[2022-10-20 21:47:06] [INFO] [EOH] TRANSFER_RESULT Helium source=1 target=3 amount=32768000 ok=true value=true extra=32768000 before=128000000/0
[2022-10-20 21:47:06] [INFO] [EOH] Передано Helium: 32768000L
[2022-10-20 21:49:26] [INFO] [EOH] TRANSFER_RESULT Hydrogen source=0 target=3 amount=32768000 ok=true value=true extra=32768000 before=128000000/0
[2022-10-20 21:49:26] [INFO] [EOH] Передано Hydrogen: 32768000L
[2022-10-20 21:51:36] [INFO] [EOH] TRANSFER_RESULT Helium source=1 target=3 amount=32768000 ok=true value=true extra=32768000 before=128000000/0
[2022-10-20 21:51:36] [INFO] [EOH] Передано Helium: 32768000L
[2022-10-20 21:53:56] [INFO] [EOH] TRANSFER_RESULT Hydrogen source=0 target=3 amount=32768000 ok=true value=true extra=32768000 before=128000000/0
[2022-10-20 21:53:56] [INFO] [EOH] Передано Hydrogen: 32768000L
[2022-10-20 21:56:06] [INFO] [EOH] TRANSFER_RESULT Helium source=1 target=3 amount=32768000 ok=true value=true extra=32768000 before=128000000/0
[2022-10-20 21:56:06] [INFO] [EOH] Передано Helium: 32768000L
[2022-10-20 21:58:26] [INFO] [EOH] TRANSFER_RESULT Hydrogen source=0 target=3 amount=32768000 ok=true value=true extra=32768000 before=128000000/0
[2022-10-20 21:58:26] [INFO] [EOH] Передано Hydrogen: 32768000L
[2022-10-20 22:00:36] [INFO] [EOH] TRANSFER_RESULT Helium source=1 target=3 amount=32768000 ok=true value=true extra=32768000 before=128000000/0
[2022-10-20 22:00:36] [INFO] [EOH] Передано Helium: 32768000L
[2022-10-20 22:02:52] [INFO] [EOH] TRANSFER_RESULT Hydrogen source=0 target=3 amount=32768000 ok=true value=true extra=32768000 before=128000000/0
[2022-10-20 22:02:52] [INFO] [EOH] Передано Hydrogen: 32768000L
[2022-10-20 22:05:02] [INFO] [EOH] TRANSFER_RESULT Helium source=1 target=3 amount=32768000 ok=true value=true extra=32768000 before=128000000/0
[2022-10-20 22:05:02] [INFO] [EOH] Передано Helium: 32768000L
[2022-10-20 22:07:19] [INFO] [EOH] TRANSFER_RESULT Hydrogen source=0 target=3 amount=32768000 ok=true value=true extra=32768000 before=128000000/0
[2022-10-20 22:07:19] [INFO] [EOH] Передано Hydrogen: 32768000L
[2022-10-20 22:09:28] [INFO] [EOH] TRANSFER_RESULT Helium source=1 target=3 amount=32768000 ok=true value=true extra=32768000 before=128000000/0
[2022-10-20 22:09:28] [INFO] [EOH] Передано Helium: 32768000L
[2022-10-20 22:11:45] [INFO] [EOH] TRANSFER_RESULT Hydrogen source=0 target=3 amount=32768000 ok=true value=true extra=32768000 before=128000000/0
[2022-10-20 22:11:45] [INFO] [EOH] Передано Hydrogen: 32768000L
[2022-10-20 22:13:55] [INFO] [EOH] TRANSFER_RESULT Helium source=1 target=3 amount=32768000 ok=true value=true extra=32768000 before=128000000/0
[2022-10-20 22:13:55] [INFO] [EOH] Передано Helium: 32768000L
[2022-10-20 22:16:12] [INFO] [EOH] TRANSFER_RESULT Hydrogen source=0 target=3 amount=32768000 ok=true value=true extra=32768000 before=128000000/0
[2022-10-20 22:16:12] [INFO] [EOH] Передано Hydrogen: 32768000L
[2022-10-20 22:18:21] [INFO] [EOH] TRANSFER_RESULT Helium source=1 target=3 amount=32768000 ok=true value=true extra=32768000 before=128000000/0
[2022-10-20 22:18:21] [INFO] [EOH] Передано Helium: 32768000L
[2022-10-20 22:20:38] [INFO] [EOH] TRANSFER_RESULT Hydrogen source=0 target=3 amount=32768000 ok=true value=true extra=32768000 before=128000000/0
[2022-10-20 22:20:38] [INFO] [EOH] Передано Hydrogen: 32768000L
[2022-10-20 22:22:48] [INFO] [EOH] TRANSFER_RESULT Helium source=1 target=3 amount=32768000 ok=true value=true extra=32768000 before=128000000/0
[2022-10-20 22:22:48] [INFO] [EOH] Передано Helium: 32768000L
[2022-10-20 22:25:08] [INFO] [EOH] TRANSFER_RESULT Hydrogen source=0 target=3 amount=32768000 ok=true value=true extra=32768000 before=128000000/0
[2022-10-20 22:25:08] [INFO] [EOH] Передано Hydrogen: 32768000L
[2022-10-20 22:27:18] [INFO] [EOH] TRANSFER_RESULT Helium source=1 target=3 amount=32768000 ok=true value=true extra=32768000 before=128000000/0
[2022-10-20 22:27:18] [INFO] [EOH] Передано Helium: 32768000L
[2022-10-20 22:29:34] [INFO] [EOH] TRANSFER_RESULT Hydrogen source=0 target=3 amount=32768000 ok=true value=true extra=32768000 before=128000000/0
[2022-10-20 22:29:34] [INFO] [EOH] Передано Hydrogen: 32768000L
[2022-10-20 22:31:44] [INFO] [EOH] TRANSFER_RESULT Helium source=1 target=3 amount=32768000 ok=true value=true extra=32768000 before=128000000/0
[2022-10-20 22:31:44] [INFO] [EOH] Передано Helium: 32768000L
[2022-10-20 22:34:01] [INFO] [EOH] TRANSFER_RESULT Hydrogen source=0 target=3 amount=32768000 ok=true value=true extra=32768000 before=128000000/0
[2022-10-20 22:34:01] [INFO] [EOH] Передано Hydrogen: 32768000L
[2022-10-20 22:36:10] [INFO] [EOH] TRANSFER_RESULT Helium source=1 target=3 amount=32768000 ok=true value=true extra=32768000 before=128000000/0
[2022-10-20 22:36:10] [INFO] [EOH] Передано Helium: 32768000L
[2022-10-20 22:37:33] [INFO] [EOH] TRANSFER_RESULT Hydrogen source=0 target=3 amount=16960000.0 ok=true value=true extra=16960000 before=128000000/0
[2022-10-20 22:37:33] [INFO] [EOH] Передано Hydrogen: 16960000L
[2022-10-20 22:39:43] [INFO] [EOH] TRANSFER_RESULT Helium source=1 target=3 amount=32768000.0 ok=true value=true extra=32768000 before=128000000/0
[2022-10-20 22:39:43] [INFO] [EOH] Передано Helium: 32768000L
[2022-10-20 22:39:54] [INFO] [EOH] Рецепт запущен
[2022-10-20 22:39:54] [INFO] [EOH] Ожидание завершения...
[2022-10-21 01:55:04] [INFO] [EOH] Recipe completed
[2022-10-21 01:55:04] [INFO] [EOH] Цикл завершен
[2022-10-21 01:55:04] [INFO] [EOH] Запуск рецепта: тир 1, AA: false
[2022-10-21 01:55:55] [INFO] [EOH] TRANSFER Hydrogen addr=ec79567c-cac0-4df5-ae92-899252adaef9 sources=0 target=3 requested=1000000000.0
[2022-10-21 01:58:04] [INFO] [EOH] TRANSFER_RESULT Hydrogen source=0 target=3 amount=32768000 ok=true value=true extra=32768000 before=128000000/0
[2022-10-21 01:58:04] [INFO] [EOH] Передано Hydrogen: 32768000L
[2022-10-21 01:58:48] [INFO] [EOH] TRANSFER Helium addr=1f2235f4-e1c1-4a0b-bdc1-c6ef0884a88c sources=1 target=3 requested=1000000000.0
[2022-10-21 02:00:57] [INFO] [EOH] TRANSFER_RESULT Helium source=1 target=3 amount=32768000 ok=true value=true extra=32768000 before=128000000/0
[2022-10-21 02:00:57] [INFO] [EOH] Передано Helium: 32768000L
[2022-10-21 02:01:22] [INFO] [EOH] TRANSFER_RESULT Hydrogen source=0 target=3 amount=967232000.0 ok=true value=false extra=0 before=128000000/32768000
[2022-10-21 02:01:22] [DEBUG] [EOH] Transfer paused for Hydrogen; waiting for target space (attempt 1)
[2022-10-21 02:01:40] [INFO] [EOH] TRANSFER_RESULT Helium source=1 target=3 amount=967232000.0 ok=true value=false extra=0 before=128000000/32768000
[2022-10-21 02:01:40] [DEBUG] [EOH] Transfer paused for Helium; waiting for target space (attempt 1)
[2022-10-21 02:04:08] [INFO] [EOH] TRANSFER_RESULT Hydrogen source=0 target=3 amount=32768000 ok=true value=true extra=32768000 before=128000000/0
[2022-10-21 02:04:08] [INFO] [EOH] Передано Hydrogen: 32768000L
[2022-10-21 02:06:18] [INFO] [EOH] TRANSFER_RESULT Helium source=1 target=3 amount=32768000 ok=true value=true extra=32768000 before=128000000/0
[2022-10-21 02:06:18] [INFO] [EOH] Передано Helium: 32768000L
[2022-10-21 02:08:38] [INFO] [EOH] TRANSFER_RESULT Hydrogen source=0 target=3 amount=32768000 ok=true value=true extra=32768000 before=128000000/0
[2022-10-21 02:08:38] [INFO] [EOH] Передано Hydrogen: 32768000L
[2022-10-21 02:10:48] [INFO] [EOH] TRANSFER_RESULT Helium source=1 target=3 amount=32768000 ok=true value=true extra=32768000 before=128000000/0
[2022-10-21 02:10:48] [INFO] [EOH] Передано Helium: 32768000L
[2022-10-21 02:13:04] [INFO] [EOH] TRANSFER_RESULT Hydrogen source=0 target=3 amount=32768000 ok=true value=true extra=32768000 before=128000000/0
[2022-10-21 02:13:04] [INFO] [EOH] Передано Hydrogen: 32768000L
[2022-10-21 02:15:14] [INFO] [EOH] TRANSFER_RESULT Helium source=1 target=3 amount=32768000 ok=true value=true extra=32768000 before=128000000/0
[2022-10-21 02:15:14] [INFO] [EOH] Передано Helium: 32768000L
[2022-10-21 02:17:34] [INFO] [EOH] TRANSFER_RESULT Hydrogen source=0 target=3 amount=32768000 ok=true value=true extra=32768000 before=128000000/0
[2022-10-21 02:17:38] [INFO] [EOH] Передано Hydrogen: 32768000L
[2022-10-21 02:19:48] [INFO] [EOH] TRANSFER_RESULT Helium source=1 target=3 amount=32768000 ok=true value=true extra=32768000 before=128000000/0
[2022-10-21 02:19:48] [INFO] [EOH] Передано Helium: 32768000L
[2022-10-21 02:22:04] [INFO] [EOH] TRANSFER_RESULT Hydrogen source=0 target=3 amount=32768000 ok=true value=true extra=32768000 before=128000000/0
[2022-10-21 02:22:04] [INFO] [EOH] Передано Hydrogen: 32768000L
[2022-10-21 02:24:18] [INFO] [EOH] TRANSFER_RESULT Helium source=1 target=3 amount=32768000 ok=true value=true extra=32768000 before=128000000/0
[2022-10-21 02:24:18] [INFO] [EOH] Передано Helium: 32768000L
[2022-10-21 02:26:45] [INFO] [EOH] TRANSFER_RESULT Hydrogen source=0 target=3 amount=32768000 ok=true value=true extra=32768000 before=128000000/0
[2022-10-21 02:26:45] [INFO] [EOH] Передано Hydrogen: 32768000L
[2022-10-21 02:28:55] [INFO] [EOH] TRANSFER_RESULT Helium source=1 target=3 amount=32768000 ok=true value=true extra=32768000 before=128000000/0
[2022-10-21 02:28:55] [INFO] [EOH] Передано Helium: 32768000L
[2022-10-21 02:31:12] [INFO] [EOH] TRANSFER_RESULT Hydrogen source=0 target=3 amount=32768000 ok=true value=true extra=32768000 before=128000000/0
[2022-10-21 02:31:12] [INFO] [EOH] Передано Hydrogen: 32768000L
[2022-10-21 02:33:21] [INFO] [EOH] TRANSFER_RESULT Helium source=1 target=3 amount=32768000 ok=true value=true extra=32768000 before=128000000/0
[2022-10-21 02:33:21] [INFO] [EOH] Передано Helium: 32768000L
[2022-10-21 02:35:42] [INFO] [EOH] TRANSFER_RESULT Hydrogen source=0 target=3 amount=32768000 ok=true value=true extra=32768000 before=128000000/0
[2022-10-21 02:35:42] [INFO] [EOH] Передано Hydrogen: 32768000L
[2022-10-21 02:37:51] [INFO] [EOH] TRANSFER_RESULT Helium source=1 target=3 amount=32768000 ok=true value=true extra=32768000 before=128000000/0
[2022-10-21 02:37:51] [INFO] [EOH] Передано Helium: 32768000L
[2022-10-21 02:40:08] [INFO] [EOH] TRANSFER_RESULT Hydrogen source=0 target=3 amount=32768000 ok=true value=true extra=32768000 before=128000000/0
[2022-10-21 02:40:08] [INFO] [EOH] Передано Hydrogen: 32768000L
[2022-10-21 02:42:18] [INFO] [EOH] TRANSFER_RESULT Helium source=1 target=3 amount=32768000 ok=true value=true extra=32768000 before=128000000/0
[2022-10-21 02:42:18] [INFO] [EOH] Передано Helium: 32768000L
[2022-10-21 02:44:34] [INFO] [EOH] TRANSFER_RESULT Hydrogen source=0 target=3 amount=32768000 ok=true value=true extra=32768000 before=128000000/0
[2022-10-21 02:44:34] [INFO] [EOH] Передано Hydrogen: 32768000L
[2022-10-21 02:46:44] [INFO] [EOH] TRANSFER_RESULT Helium source=1 target=3 amount=32768000 ok=true value=true extra=32768000 before=128000000/0
[2022-10-21 02:46:44] [INFO] [EOH] Передано Helium: 32768000L
[2022-10-21 02:49:01] [INFO] [EOH] TRANSFER_RESULT Hydrogen source=0 target=3 amount=32768000 ok=true value=true extra=32768000 before=128000000/0
[2022-10-21 02:49:01] [INFO] [EOH] Передано Hydrogen: 32768000L
[2022-10-21 02:51:10] [INFO] [EOH] TRANSFER_RESULT Helium source=1 target=3 amount=32768000 ok=true value=true extra=32768000 before=128000000/0
[2022-10-21 02:51:10] [INFO] [EOH] Передано Helium: 32768000L
[2022-10-21 02:53:27] [INFO] [EOH] TRANSFER_RESULT Hydrogen source=0 target=3 amount=32768000 ok=true value=true extra=32768000 before=128000000/0
[2022-10-21 02:53:27] [INFO] [EOH] Передано Hydrogen: 32768000L
[2022-10-21 02:55:40] [INFO] [EOH] TRANSFER_RESULT Helium source=1 target=3 amount=32768000 ok=true value=true extra=32768000 before=128000000/0
[2022-10-21 02:55:40] [INFO] [EOH] Передано Helium: 32768000L
[2022-10-21 02:57:57] [INFO] [EOH] TRANSFER_RESULT Hydrogen source=0 target=3 amount=32768000 ok=true value=true extra=32768000 before=128000000/0
[2022-10-21 02:57:57] [INFO] [EOH] Передано Hydrogen: 32768000L
[2022-10-21 03:00:07] [INFO] [EOH] TRANSFER_RESULT Helium source=1 target=3 amount=32768000 ok=true value=true extra=32768000 before=128000000/0
[2022-10-21 03:00:07] [INFO] [EOH] Передано Helium: 32768000L
[2022-10-21 03:02:24] [INFO] [EOH] TRANSFER_RESULT Hydrogen source=0 target=3 amount=32768000 ok=true value=true extra=32768000 before=128000000/0
[2022-10-21 03:02:24] [INFO] [EOH] Передано Hydrogen: 32768000L
[2022-10-21 03:04:33] [INFO] [EOH] TRANSFER_RESULT Helium source=1 target=3 amount=32768000 ok=true value=true extra=32768000 before=128000000/0
[2022-10-21 03:04:33] [INFO] [EOH] Передано Helium: 32768000L
[2022-10-21 03:06:50] [INFO] [EOH] TRANSFER_RESULT Hydrogen source=0 target=3 amount=32768000 ok=true value=true extra=32768000 before=128000000/0
[2022-10-21 03:06:50] [INFO] [EOH] Передано Hydrogen: 32768000L
[2022-10-21 03:09:00] [INFO] [EOH] TRANSFER_RESULT Helium source=1 target=3 amount=32768000 ok=true value=true extra=32768000 before=128000000/0
[2022-10-21 03:09:00] [INFO] [EOH] Передано Helium: 32768000L
[2022-10-21 03:11:20] [INFO] [EOH] TRANSFER_RESULT Hydrogen source=0 target=3 amount=32768000 ok=true value=true extra=32768000 before=128000000/0
[2022-10-21 03:11:20] [INFO] [EOH] Передано Hydrogen: 32768000L
[2022-10-21 03:13:30] [INFO] [EOH] TRANSFER_RESULT Helium source=1 target=3 amount=32768000 ok=true value=true extra=32768000 before=128000000/0
[2022-10-21 03:13:30] [INFO] [EOH] Передано Helium: 32768000L
[2022-10-21 03:15:50] [INFO] [EOH] TRANSFER_RESULT Hydrogen source=0 target=3 amount=32768000 ok=true value=true extra=32768000 before=128000000/0
[2022-10-21 03:15:50] [INFO] [EOH] Передано Hydrogen: 32768000L
[2022-10-21 03:18:00] [INFO] [EOH] TRANSFER_RESULT Helium source=1 target=3 amount=32768000 ok=true value=true extra=32768000 before=128000000/0
[2022-10-21 03:18:00] [INFO] [EOH] Передано Helium: 32768000L
[2022-10-21 03:20:16] [INFO] [EOH] TRANSFER_RESULT Hydrogen source=0 target=3 amount=32768000 ok=true value=true extra=32768000 before=128000000/0
[2022-10-21 03:20:16] [INFO] [EOH] Передано Hydrogen: 32768000L
[2022-10-21 03:22:26] [INFO] [EOH] TRANSFER_RESULT Helium source=1 target=3 amount=32768000 ok=true value=true extra=32768000 before=128000000/0
[2022-10-21 03:22:26] [INFO] [EOH] Передано Helium: 32768000L
[2022-10-21 03:24:46] [INFO] [EOH] TRANSFER_RESULT Hydrogen source=0 target=3 amount=32768000 ok=true value=true extra=32768000 before=128000000/0
[2022-10-21 03:24:46] [INFO] [EOH] Передано Hydrogen: 32768000L
[2022-10-21 03:26:56] [INFO] [EOH] TRANSFER_RESULT Helium source=1 target=3 amount=32768000 ok=true value=true extra=32768000 before=128000000/0
[2022-10-21 03:26:56] [INFO] [EOH] Передано Helium: 32768000L
[2022-10-21 03:29:16] [INFO] [EOH] TRANSFER_RESULT Hydrogen source=0 target=3 amount=32768000 ok=true value=true extra=32768000 before=128000000/0
[2022-10-21 03:29:20] [INFO] [EOH] Передано Hydrogen: 32768000L
[2022-10-21 03:31:30] [INFO] [EOH] TRANSFER_RESULT Helium source=1 target=3 amount=32768000 ok=true value=true extra=32768000 before=128000000/0
[2022-10-21 03:31:30] [INFO] [EOH] Передано Helium: 32768000L
[2022-10-21 03:33:46] [INFO] [EOH] TRANSFER_RESULT Hydrogen source=0 target=3 amount=32768000 ok=true value=true extra=32768000 before=128000000/0
[2022-10-21 03:33:46] [INFO] [EOH] Передано Hydrogen: 32768000L
[2022-10-21 03:35:56] [INFO] [EOH] TRANSFER_RESULT Helium source=1 target=3 amount=32768000 ok=true value=true extra=32768000 before=128000000/0
[2022-10-21 03:35:56] [INFO] [EOH] Передано Helium: 32768000L
[2022-10-21 03:38:13] [INFO] [EOH] TRANSFER_RESULT Hydrogen source=0 target=3 amount=32768000 ok=true value=true extra=32768000 before=128000000/0
[2022-10-21 03:38:13] [INFO] [EOH] Передано Hydrogen: 32768000L
[2022-10-21 03:40:22] [INFO] [EOH] TRANSFER_RESULT Helium source=1 target=3 amount=32768000 ok=true value=true extra=32768000 before=128000000/0
[2022-10-21 03:40:22] [INFO] [EOH] Передано Helium: 32768000L
[2022-10-21 03:42:39] [INFO] [EOH] TRANSFER_RESULT Hydrogen source=0 target=3 amount=32768000 ok=true value=true extra=32768000 before=128000000/0
[2022-10-21 03:42:39] [INFO] [EOH] Передано Hydrogen: 32768000L
[2022-10-21 03:44:49] [INFO] [EOH] TRANSFER_RESULT Helium source=1 target=3 amount=32768000 ok=true value=true extra=32768000 before=128000000/0
[2022-10-21 03:44:49] [INFO] [EOH] Передано Helium: 32768000L
[2022-10-21 03:47:09] [INFO] [EOH] TRANSFER_RESULT Hydrogen source=0 target=3 amount=32768000 ok=true value=true extra=32768000 before=128000000/0
[2022-10-21 03:47:09] [INFO] [EOH] Передано Hydrogen: 32768000L
[2022-10-21 03:49:19] [INFO] [EOH] TRANSFER_RESULT Helium source=1 target=3 amount=32768000 ok=true value=true extra=32768000 before=128000000/0
[2022-10-21 03:49:19] [INFO] [EOH] Передано Helium: 32768000L
[2022-10-21 03:51:36] [INFO] [EOH] TRANSFER_RESULT Hydrogen source=0 target=3 amount=32768000 ok=true value=true extra=32768000 before=128000000/0
[2022-10-21 03:51:36] [INFO] [EOH] Передано Hydrogen: 32768000L
[2022-10-21 03:53:45] [INFO] [EOH] TRANSFER_RESULT Helium source=1 target=3 amount=32768000 ok=true value=true extra=32768000 before=128000000/0
[2022-10-21 03:53:45] [INFO] [EOH] Передано Helium: 32768000L
[2022-10-21 03:56:06] [INFO] [EOH] TRANSFER_RESULT Hydrogen source=0 target=3 amount=32768000 ok=true value=true extra=32768000 before=128000000/0
[2022-10-21 03:56:06] [INFO] [EOH] Передано Hydrogen: 32768000L
[2022-10-21 03:58:15] [INFO] [EOH] TRANSFER_RESULT Helium source=1 target=3 amount=32768000 ok=true value=true extra=32768000 before=128000000/0
[2022-10-21 03:58:15] [INFO] [EOH] Передано Helium: 32768000L
[2022-10-21 04:00:36] [INFO] [EOH] TRANSFER_RESULT Hydrogen source=0 target=3 amount=32768000 ok=true value=true extra=32768000 before=128000000/0
[2022-10-21 04:00:36] [INFO] [EOH] Передано Hydrogen: 32768000L
[2022-10-21 04:02:45] [INFO] [EOH] TRANSFER_RESULT Helium source=1 target=3 amount=32768000 ok=true value=true extra=32768000 before=128000000/0
[2022-10-21 04:02:45] [INFO] [EOH] Передано Helium: 32768000L
[2022-10-21 04:05:06] [INFO] [EOH] TRANSFER_RESULT Hydrogen source=0 target=3 amount=32768000 ok=true value=true extra=32768000 before=128000000/0
[2022-10-21 04:05:06] [INFO] [EOH] Передано Hydrogen: 32768000L
[2022-10-21 04:07:19] [INFO] [EOH] TRANSFER_RESULT Helium source=1 target=3 amount=32768000 ok=true value=true extra=32768000 before=128000000/0
[2022-10-21 04:07:19] [INFO] [EOH] Передано Helium: 32768000L
[2022-10-21 04:09:36] [INFO] [EOH] TRANSFER_RESULT Hydrogen source=0 target=3 amount=32768000 ok=true value=true extra=32768000 before=128000000/0
[2022-10-21 04:09:36] [INFO] [EOH] Передано Hydrogen: 32768000L
[2022-10-21 04:11:45] [INFO] [EOH] TRANSFER_RESULT Helium source=1 target=3 amount=32768000 ok=true value=true extra=32768000 before=128000000/0
[2022-10-21 04:11:45] [INFO] [EOH] Передано Helium: 32768000L
[2022-10-21 04:13:08] [INFO] [EOH] TRANSFER_RESULT Hydrogen source=0 target=3 amount=16960000.0 ok=true value=true extra=16960000 before=128000000/0
[2022-10-21 04:13:08] [INFO] [EOH] Передано Hydrogen: 16960000L
[2022-10-21 04:14:24] [INFO] [EOH] TRANSFER_RESULT Helium source=1 target=3 amount=16960000.0 ok=true value=true extra=16960000 before=128000000/0
[2022-10-21 04:14:24] [INFO] [EOH] Передано Helium: 16960000L
[2022-10-21 04:14:34] [INFO] [EOH] Рецепт запущен
[2022-10-21 04:14:34] [INFO] [EOH] Ожидание завершения...
[2022-10-21 18:26:24] [INFO] [EOH] Production Mode: тир 1
[2022-10-21 18:26:24] [INFO] [EOH] Запуск рецепта: тир 1, AA: false
[2022-10-21 18:26:24] [ERROR] [EOH] Транспозер недоступен: ec79567c-cac0-4df5-ae92-899252adaef9
[2022-10-21 18:26:27] [ERROR] [EOH] Транспозер недоступен: 1f2235f4-e1c1-4a0b-bdc1-c6ef0884a88c
[2022-10-21 18:26:27] [ERROR] [EOH] Ошибка подачи жидкости
[2022-10-21 18:26:27] [ERROR] [EOH] Ошибка: CORE 20260904-1488 | Fluid supply failed: Hydrogen: transposer unavailable
[2022-10-21 18:36:03] [INFO] [EOH] Поиск компонентов...
[2022-10-21 18:36:03] [DEBUG] [EOH] gt_machine: gt_machine [b67a94bf-5d84-4187-8ba4-ac7d1749831b]
[2022-10-21 18:36:54] [INFO] [EOH] Найден транспозер: d9855f4b-3a94-4684-9503-4c65b815601d, capacity=128000000, fluid=hydrogen
[2022-10-21 18:37:40] [INFO] [EOH] Найден транспозер: 77817939-e5e5-47e3-a26f-b0613c4df0d5, capacity=128000000, fluid=helium
[2022-10-21 18:37:40] [WARN] [EOH] Использован единственный gt_machine как контроллер EOH
[2022-10-21 18:46:30] [INFO] [EOH] Production Mode: тир 3
[2022-10-21 18:46:33] [INFO] [EOH] Запуск рецепта: тир 3, AA: false
[2022-10-21 18:46:37] [WARN] [EOH] EOH already contains excess fluid; skipping refill and starting with stored input
[2022-10-21 18:46:44] [WARN] [EOH] EOH contains excess fluid after supply; starting with stored input
[2022-10-21 18:46:44] [INFO] [EOH] Рецепт запущен
[2022-10-21 18:46:44] [INFO] [EOH] Ожидание завершения...
[2022-10-21 18:53:49] [ERROR] [EOH] Completion wait failed: EOH did not become active after enabling work
[2022-10-21 19:28:12] [INFO] [EOH] Поиск компонентов...
[2022-10-21 19:28:12] [DEBUG] [EOH] gt_machine: gt_machine [b67a94bf-5d84-4187-8ba4-ac7d1749831b]
[2022-10-21 19:28:58] [INFO] [EOH] Найден транспозер: d9855f4b-3a94-4684-9503-4c65b815601d, capacity=128000000, fluid=hydrogen
[2022-10-21 19:29:45] [INFO] [EOH] Найден транспозер: 77817939-e5e5-47e3-a26f-b0613c4df0d5, capacity=128000000, fluid=helium
[2022-10-21 19:29:45] [WARN] [EOH] Использован единственный gt_machine как контроллер EOH
[2022-10-21 19:29:49] [INFO] [EOH] Production Mode: тир 6
[2022-10-21 19:29:49] [INFO] [EOH] Запуск рецепта: тир 6, AA: false
[2022-10-21 19:30:39] [INFO] [EOH] TRANSFER Hydrogen addr=d9855f4b-3a94-4684-9503-4c65b815601d sources=0 target=3 requested=1934464000.0
[2022-10-21 19:32:49] [INFO] [EOH] TRANSFER_RESULT Hydrogen source=0 target=3 amount=32768000 ok=true value=true extra=32768000 before=128000000/0
[2022-10-21 19:32:49] [INFO] [EOH] Передано Hydrogen: 32768000L
[2022-10-21 19:33:32] [INFO] [EOH] TRANSFER Helium addr=77817939-e5e5-47e3-a26f-b0613c4df0d5 sources=1 target=3 requested=1934464000.0
[2022-10-21 19:35:45] [INFO] [EOH] TRANSFER_RESULT Helium source=1 target=3 amount=32768000 ok=true value=true extra=32768000 before=128000000/0
[2022-10-21 19:35:45] [INFO] [EOH] Передано Helium: 32768000L
[2022-10-21 19:37:55] [INFO] [EOH] TRANSFER_RESULT Hydrogen source=0 target=3 amount=32768000 ok=true value=true extra=32768000 before=128000000/0
[2022-10-21 19:37:55] [INFO] [EOH] Передано Hydrogen: 32768000L
[2022-10-21 19:40:08] [INFO] [EOH] TRANSFER_RESULT Helium source=1 target=3 amount=32768000 ok=true value=true extra=32768000 before=128000000/0
[2022-10-21 19:40:08] [INFO] [EOH] Передано Helium: 32768000L
[2022-10-21 19:42:18] [INFO] [EOH] TRANSFER_RESULT Hydrogen source=0 target=3 amount=32768000 ok=true value=true extra=32768000 before=128000000/0
[2022-10-21 19:42:18] [INFO] [EOH] Передано Hydrogen: 32768000L
[2022-10-21 19:44:27] [INFO] [EOH] TRANSFER_RESULT Helium source=1 target=3 amount=32768000 ok=true value=true extra=32768000 before=128000000/0
[2022-10-21 19:44:27] [INFO] [EOH] Передано Helium: 32768000L
[2022-10-21 19:46:44] [INFO] [EOH] TRANSFER_RESULT Hydrogen source=0 target=3 amount=32768000 ok=true value=true extra=32768000 before=128000000/0
[2022-10-21 19:46:44] [INFO] [EOH] Передано Hydrogen: 32768000L
[2022-10-21 19:51:10] [INFO] [EOH] Production Mode: тир 6
[2022-10-21 19:51:10] [INFO] [EOH] Запуск рецепта: тир 6, AA: false
[2022-10-21 19:51:57] [INFO] [EOH] TRANSFER Hydrogen addr=d9855f4b-3a94-4684-9503-4c65b815601d sources=0 target=3 requested=1803392000.0
[2022-10-21 19:54:07] [INFO] [EOH] TRANSFER_RESULT Hydrogen source=0 target=3 amount=32768000 ok=true value=true extra=32768000 before=128000000/0
[2022-10-21 19:54:07] [INFO] [EOH] Передано Hydrogen: 32768000L
[2022-10-21 19:54:50] [INFO] [EOH] TRANSFER Helium addr=77817939-e5e5-47e3-a26f-b0613c4df0d5 sources=1 target=3 requested=1836160000.0
[2022-10-21 19:57:00] [INFO] [EOH] TRANSFER_RESULT Helium source=1 target=3 amount=32768000 ok=true value=true extra=32768000 before=128000000/0
[2022-10-21 19:57:00] [INFO] [EOH] Передано Helium: 32768000L
[2022-10-21 19:59:20] [INFO] [EOH] TRANSFER_RESULT Hydrogen source=0 target=3 amount=32768000 ok=true value=true extra=32768000 before=128000000/0
[2022-10-21 19:59:20] [INFO] [EOH] Передано Hydrogen: 32768000L
[2022-10-21 20:01:30] [INFO] [EOH] TRANSFER_RESULT Helium source=1 target=3 amount=32768000 ok=true value=true extra=32768000 before=128000000/0
[2022-10-21 20:01:30] [INFO] [EOH] Передано Helium: 32768000L
[2022-10-21 20:03:50] [INFO] [EOH] TRANSFER_RESULT Hydrogen source=0 target=3 amount=32768000 ok=true value=true extra=32768000 before=128000000/0
[2022-10-21 20:03:50] [INFO] [EOH] Передано Hydrogen: 32768000L
[2022-10-21 20:06:00] [INFO] [EOH] TRANSFER_RESULT Helium source=1 target=3 amount=32768000 ok=true value=true extra=32768000 before=128000000/0
[2022-10-21 20:06:00] [INFO] [EOH] Передано Helium: 32768000L
[2022-10-21 20:08:16] [INFO] [EOH] TRANSFER_RESULT Hydrogen source=0 target=3 amount=32768000 ok=true value=true extra=32768000 before=128000000/0
[2022-10-21 20:08:16] [INFO] [EOH] Передано Hydrogen: 32768000L
[2022-10-21 20:10:26] [INFO] [EOH] TRANSFER_RESULT Helium source=1 target=3 amount=32768000 ok=true value=true extra=32768000 before=128000000/0
[2022-10-21 20:10:26] [INFO] [EOH] Передано Helium: 32768000L
[2022-10-21 20:12:46] [INFO] [EOH] TRANSFER_RESULT Hydrogen source=0 target=3 amount=32768000 ok=true value=true extra=32768000 before=128000000/0
[2022-10-21 20:12:46] [INFO] [EOH] Передано Hydrogen: 32768000L
[2022-10-21 20:14:56] [INFO] [EOH] TRANSFER_RESULT Helium source=1 target=3 amount=32768000 ok=true value=true extra=32768000 before=128000000/0
[2022-10-21 20:14:56] [INFO] [EOH] Передано Helium: 32768000L
[2022-10-21 20:17:13] [INFO] [EOH] TRANSFER_RESULT Hydrogen source=0 target=3 amount=32768000 ok=true value=true extra=32768000 before=128000000/0
[2022-10-21 20:17:13] [INFO] [EOH] Передано Hydrogen: 32768000L
[2022-10-21 20:19:22] [INFO] [EOH] TRANSFER_RESULT Helium source=1 target=3 amount=32768000 ok=true value=true extra=32768000 before=128000000/0
[2022-10-21 20:19:22] [INFO] [EOH] Передано Helium: 32768000L
[2022-10-21 20:21:39] [INFO] [EOH] TRANSFER_RESULT Hydrogen source=0 target=3 amount=32768000 ok=true value=true extra=32768000 before=128000000/0
[2022-10-21 20:21:39] [INFO] [EOH] Передано Hydrogen: 32768000L
[2022-10-21 20:23:49] [INFO] [EOH] TRANSFER_RESULT Helium source=1 target=3 amount=32768000 ok=true value=true extra=32768000 before=128000000/0
[2022-10-21 20:23:49] [INFO] [EOH] Передано Helium: 32768000L
[2022-10-21 20:26:06] [INFO] [EOH] TRANSFER_RESULT Hydrogen source=0 target=3 amount=32768000 ok=true value=true extra=32768000 before=128000000/0
[2022-10-21 20:26:06] [INFO] [EOH] Передано Hydrogen: 32768000L
[2022-10-21 20:28:15] [INFO] [EOH] TRANSFER_RESULT Helium source=1 target=3 amount=32768000 ok=true value=true extra=32768000 before=128000000/0
[2022-10-21 20:28:15] [INFO] [EOH] Передано Helium: 32768000L
[2022-10-21 20:30:32] [INFO] [EOH] TRANSFER_RESULT Hydrogen source=0 target=3 amount=32768000 ok=true value=true extra=32768000 before=128000000/0
[2022-10-21 20:30:32] [INFO] [EOH] Передано Hydrogen: 32768000L
[2022-10-22 02:31:55] [INFO] [EOH] Production Mode: тир 6
[2022-10-22 02:31:55] [INFO] [EOH] Запуск рецепта: тир 6, AA: false
[2022-10-22 02:32:45] [INFO] [EOH] TRANSFER Hydrogen addr=d9855f4b-3a94-4684-9503-4c65b815601d sources=0 target=3 requested=1508480000.0
[2022-10-22 02:34:55] [INFO] [EOH] TRANSFER_RESULT Hydrogen source=0 target=3 amount=32768000 ok=true value=true extra=32768000 before=128000000/0
[2022-10-22 02:34:55] [INFO] [EOH] Передано Hydrogen: 32768000L
[2022-10-22 02:35:38] [INFO] [EOH] TRANSFER Helium addr=77817939-e5e5-47e3-a26f-b0613c4df0d5 sources=1 target=3 requested=1541248000.0
[2022-10-22 02:37:48] [INFO] [EOH] TRANSFER_RESULT Helium source=1 target=3 amount=32768000 ok=true value=true extra=32768000 before=128000000/0
[2022-10-22 02:37:48] [INFO] [EOH] Передано Helium: 32768000L
[2022-10-22 02:40:08] [INFO] [EOH] TRANSFER_RESULT Hydrogen source=0 target=3 amount=32768000 ok=true value=true extra=32768000 before=128000000/0
[2022-10-22 02:40:08] [INFO] [EOH] Передано Hydrogen: 32768000L
[2022-10-22 02:42:18] [INFO] [EOH] TRANSFER_RESULT Helium source=1 target=3 amount=32768000 ok=true value=true extra=32768000 before=128000000/0
[2022-10-22 02:42:18] [INFO] [EOH] Передано Helium: 32768000L
[2022-10-22 02:44:38] [INFO] [EOH] TRANSFER_RESULT Hydrogen source=0 target=3 amount=32768000 ok=true value=true extra=32768000 before=128000000/0
[2022-10-22 02:44:38] [INFO] [EOH] Передано Hydrogen: 32768000L
[2022-10-22 02:46:48] [INFO] [EOH] TRANSFER_RESULT Helium source=1 target=3 amount=32768000 ok=true value=true extra=32768000 before=128000000/0
[2022-10-22 02:46:48] [INFO] [EOH] Передано Helium: 32768000L
[2022-10-22 02:49:04] [INFO] [EOH] TRANSFER_RESULT Hydrogen source=0 target=3 amount=32768000 ok=true value=true extra=32768000 before=128000000/0
[2022-10-22 02:49:04] [INFO] [EOH] Передано Hydrogen: 32768000L
[2022-10-22 02:51:14] [INFO] [EOH] TRANSFER_RESULT Helium source=1 target=3 amount=32768000 ok=true value=true extra=32768000 before=128000000/0
[2022-10-22 02:51:14] [INFO] [EOH] Передано Helium: 32768000L
[2022-10-22 02:53:34] [INFO] [EOH] TRANSFER_RESULT Hydrogen source=0 target=3 amount=32768000 ok=true value=true extra=32768000 before=128000000/0
[2022-10-22 02:53:34] [INFO] [EOH] Передано Hydrogen: 32768000L
[2022-10-22 02:55:44] [INFO] [EOH] TRANSFER_RESULT Helium source=1 target=3 amount=32768000 ok=true value=true extra=32768000 before=128000000/0
[2022-10-22 02:55:44] [INFO] [EOH] Передано Helium: 32768000L
[2022-10-22 02:58:01] [INFO] [EOH] TRANSFER_RESULT Hydrogen source=0 target=3 amount=32768000 ok=true value=true extra=32768000 before=128000000/0
[2022-10-22 02:58:01] [INFO] [EOH] Передано Hydrogen: 32768000L
[2022-10-22 03:00:10] [INFO] [EOH] TRANSFER_RESULT Helium source=1 target=3 amount=32768000 ok=true value=true extra=32768000 before=128000000/0
[2022-10-22 03:00:10] [INFO] [EOH] Передано Helium: 32768000L
[2022-10-22 03:02:34] [INFO] [EOH] TRANSFER_RESULT Hydrogen source=0 target=3 amount=32768000 ok=true value=true extra=32768000 before=128000000/0
[2022-10-22 03:02:34] [INFO] [EOH] Передано Hydrogen: 32768000L
[2022-10-22 03:04:44] [INFO] [EOH] TRANSFER_RESULT Helium source=1 target=3 amount=32768000 ok=true value=true extra=32768000 before=128000000/0
[2022-10-22 03:04:44] [INFO] [EOH] Передано Helium: 32768000L
[2022-10-22 03:07:01] [INFO] [EOH] TRANSFER_RESULT Hydrogen source=0 target=3 amount=32768000 ok=true value=true extra=32768000 before=128000000/0
[2022-10-22 03:07:01] [INFO] [EOH] Передано Hydrogen: 32768000L
[2022-10-22 03:09:10] [INFO] [EOH] TRANSFER_RESULT Helium source=1 target=3 amount=32768000 ok=true value=true extra=32768000 before=128000000/0
[2022-10-22 03:09:10] [INFO] [EOH] Передано Helium: 32768000L
[2022-10-22 03:11:31] [INFO] [EOH] TRANSFER_RESULT Hydrogen source=0 target=3 amount=32768000 ok=true value=true extra=32768000 before=128000000/0
[2022-10-22 03:11:31] [INFO] [EOH] Передано Hydrogen: 32768000L
[2022-10-22 03:13:40] [INFO] [EOH] TRANSFER_RESULT Helium source=1 target=3 amount=32768000 ok=true value=true extra=32768000 before=128000000/0
[2022-10-22 03:13:40] [INFO] [EOH] Передано Helium: 32768000L
[2022-10-22 03:15:57] [INFO] [EOH] TRANSFER_RESULT Hydrogen source=0 target=3 amount=32768000 ok=true value=true extra=32768000 before=128000000/0
[2022-10-22 03:15:57] [INFO] [EOH] Передано Hydrogen: 32768000L
[2022-10-22 03:18:07] [INFO] [EOH] TRANSFER_RESULT Helium source=1 target=3 amount=32768000 ok=true value=true extra=32768000 before=128000000/0
[2022-10-22 03:18:07] [INFO] [EOH] Передано Helium: 32768000L
[2022-10-22 03:20:24] [INFO] [EOH] TRANSFER_RESULT Hydrogen source=0 target=3 amount=32768000 ok=true value=true extra=32768000 before=128000000/0
[2022-10-22 03:20:24] [INFO] [EOH] Передано Hydrogen: 32768000L
[2022-10-22 03:22:33] [INFO] [EOH] TRANSFER_RESULT Helium source=1 target=3 amount=32768000 ok=true value=true extra=32768000 before=128000000/0
[2022-10-22 03:22:33] [INFO] [EOH] Передано Helium: 32768000L
[2022-10-22 03:22:58] [INFO] [EOH] TRANSFER_RESULT Hydrogen source=0 target=3 amount=1148032000.0 ok=false value=no such component extra=nil before=nil/nil
[2022-10-22 03:23:02] [DEBUG] [EOH] Transfer paused for Hydrogen; waiting for target space (attempt 1)
[2022-10-22 03:23:20] [INFO] [EOH] TRANSFER_RESULT Helium source=1 target=3 amount=1180800000.0 ok=false value=no such component extra=nil before=nil/nil
[2022-10-22 03:23:20] [DEBUG] [EOH] Transfer paused for Helium; waiting for target space (attempt 1)
[2022-10-22 03:24:00] [INFO] [EOH] TRANSFER_RESULT Hydrogen source=0 target=3 amount=1148032000.0 ok=false value=no such component extra=nil before=nil/nil
[2022-10-22 03:24:00] [DEBUG] [EOH] Transfer paused for Hydrogen; waiting for target space (attempt 2)
[2022-10-22 03:24:18] [INFO] [EOH] TRANSFER_RESULT Helium source=1 target=3 amount=1180800000.0 ok=false value=no such component extra=nil before=nil/nil
[2022-10-22 03:24:18] [DEBUG] [EOH] Transfer paused for Helium; waiting for target space (attempt 2)
[2022-10-22 03:24:32] [INFO] [EOH] Поиск компонентов...
[2022-10-22 03:24:32] [DEBUG] [EOH] gt_machine: gt_machine [b67a94bf-5d84-4187-8ba4-ac7d1749831b]
[2022-10-22 03:24:32] [WARN] [EOH] Использован единственный gt_machine как контроллер EOH
[2022-10-22 03:24:54] [INFO] [EOH] TRANSFER_RESULT Hydrogen source=0 target=3 amount=1148032000.0 ok=false value=no such component extra=nil before=nil/nil
[2022-10-22 03:24:54] [DEBUG] [EOH] Transfer paused for Hydrogen; waiting for target space (attempt 3)
[2022-10-22 03:25:12] [INFO] [EOH] TRANSFER_RESULT Helium source=1 target=3 amount=1180800000.0 ok=false value=no such component extra=nil before=nil/nil
[2022-10-22 03:25:12] [DEBUG] [EOH] Transfer paused for Helium; waiting for target space (attempt 3)
[2022-10-22 03:25:48] [INFO] [EOH] TRANSFER_RESULT Hydrogen source=0 target=3 amount=1148032000.0 ok=false value=no such component extra=nil before=nil/nil
[2022-10-22 03:25:48] [DEBUG] [EOH] Transfer paused for Hydrogen; waiting for target space (attempt 4)
[2022-10-22 03:26:06] [INFO] [EOH] TRANSFER_RESULT Helium source=1 target=3 amount=1180800000.0 ok=false value=no such component extra=nil before=nil/nil
[2022-10-22 03:26:06] [DEBUG] [EOH] Transfer paused for Helium; waiting for target space (attempt 4)
[2022-10-22 03:26:42] [INFO] [EOH] TRANSFER_RESULT Hydrogen source=0 target=3 amount=1148032000.0 ok=false value=no such component extra=nil before=nil/nil
[2022-10-22 03:26:42] [DEBUG] [EOH] Transfer paused for Hydrogen; waiting for target space (attempt 5)
[2022-10-22 03:27:00] [INFO] [EOH] TRANSFER_RESULT Helium source=1 target=3 amount=1180800000.0 ok=false value=no such component extra=nil before=nil/nil
[2022-10-22 03:27:00] [DEBUG] [EOH] Transfer paused for Helium; waiting for target space (attempt 5)
[2022-10-22 03:27:36] [INFO] [EOH] TRANSFER_RESULT Hydrogen source=0 target=3 amount=1148032000.0 ok=false value=no such component extra=nil before=nil/nil
[2022-10-22 03:27:36] [DEBUG] [EOH] Transfer paused for Hydrogen; waiting for target space (attempt 6)
[2022-10-22 03:27:54] [INFO] [EOH] TRANSFER_RESULT Helium source=1 target=3 amount=1180800000.0 ok=false value=no such component extra=nil before=nil/nil
[2022-10-22 03:27:54] [DEBUG] [EOH] Transfer paused for Helium; waiting for target space (attempt 6)
[2022-10-22 03:28:30] [INFO] [EOH] TRANSFER_RESULT Hydrogen source=0 target=3 amount=1148032000.0 ok=false value=no such component extra=nil before=nil/nil
[2022-10-22 03:28:30] [DEBUG] [EOH] Transfer paused for Hydrogen; waiting for target space (attempt 7)
[2022-10-22 03:28:48] [INFO] [EOH] TRANSFER_RESULT Helium source=1 target=3 amount=1180800000.0 ok=false value=no such component extra=nil before=nil/nil
[2022-10-22 03:28:48] [DEBUG] [EOH] Transfer paused for Helium; waiting for target space (attempt 7)
[2022-10-22 03:29:27] [INFO] [EOH] TRANSFER_RESULT Hydrogen source=0 target=3 amount=1148032000.0 ok=false value=no such component extra=nil before=nil/nil
[2022-10-22 03:29:27] [DEBUG] [EOH] Transfer paused for Hydrogen; waiting for target space (attempt 8)
[2022-10-22 03:29:45] [INFO] [EOH] TRANSFER_RESULT Helium source=1 target=3 amount=1180800000.0 ok=false value=no such component extra=nil before=nil/nil
[2022-10-22 03:29:45] [DEBUG] [EOH] Transfer paused for Helium; waiting for target space (attempt 8)
[2022-10-22 03:30:21] [INFO] [EOH] TRANSFER_RESULT Hydrogen source=0 target=3 amount=1148032000.0 ok=false value=no such component extra=nil before=nil/nil
[2022-10-22 03:30:21] [DEBUG] [EOH] Transfer paused for Hydrogen; waiting for target space (attempt 9)
[2022-10-22 03:30:39] [INFO] [EOH] TRANSFER_RESULT Helium source=1 target=3 amount=1180800000.0 ok=false value=no such component extra=nil before=nil/nil
[2022-10-22 03:30:39] [DEBUG] [EOH] Transfer paused for Helium; waiting for target space (attempt 9)
[2022-10-22 03:31:15] [INFO] [EOH] TRANSFER_RESULT Hydrogen source=0 target=3 amount=1148032000.0 ok=false value=no such component extra=nil before=nil/nil
[2022-10-22 03:31:15] [DEBUG] [EOH] Transfer paused for Hydrogen; waiting for target space (attempt 10)
[2022-10-22 03:31:33] [INFO] [EOH] TRANSFER_RESULT Helium source=1 target=3 amount=1180800000.0 ok=false value=no such component extra=nil before=nil/nil
[2022-10-22 03:31:33] [DEBUG] [EOH] Transfer paused for Helium; waiting for target space (attempt 10)
[2022-10-22 03:32:09] [INFO] [EOH] TRANSFER_RESULT Hydrogen source=0 target=3 amount=1148032000.0 ok=false value=no such component extra=nil before=nil/nil
[2022-10-22 03:32:09] [DEBUG] [EOH] Transfer paused for Hydrogen; waiting for target space (attempt 11)
[2022-10-22 03:32:31] [INFO] [EOH] TRANSFER_RESULT Helium source=1 target=3 amount=1180800000.0 ok=false value=no such component extra=nil before=nil/nil
[2022-10-22 03:32:31] [DEBUG] [EOH] Transfer paused for Helium; waiting for target space (attempt 11)
[2022-10-22 03:33:03] [INFO] [EOH] TRANSFER_RESULT Hydrogen source=0 target=3 amount=1148032000.0 ok=false value=no such component extra=nil before=nil/nil
[2022-10-22 03:33:03] [DEBUG] [EOH] Transfer paused for Hydrogen; waiting for target space (attempt 12)
[2022-10-22 03:33:25] [INFO] [EOH] TRANSFER_RESULT Helium source=1 target=3 amount=1180800000.0 ok=false value=no such component extra=nil before=nil/nil
[2022-10-22 03:33:25] [DEBUG] [EOH] Transfer paused for Helium; waiting for target space (attempt 12)
[2022-10-22 03:33:57] [INFO] [EOH] TRANSFER_RESULT Hydrogen source=0 target=3 amount=1148032000.0 ok=false value=no such component extra=nil before=nil/nil
[2022-10-22 03:33:57] [DEBUG] [EOH] Transfer paused for Hydrogen; waiting for target space (attempt 13)
[2022-10-22 03:34:19] [INFO] [EOH] TRANSFER_RESULT Helium source=1 target=3 amount=1180800000.0 ok=false value=no such component extra=nil before=nil/nil
[2022-10-22 03:34:19] [DEBUG] [EOH] Transfer paused for Helium; waiting for target space (attempt 13)
[2022-10-22 03:34:51] [INFO] [EOH] TRANSFER_RESULT Hydrogen source=0 target=3 amount=1148032000.0 ok=false value=no such component extra=nil before=nil/nil
[2022-10-22 03:34:51] [DEBUG] [EOH] Transfer paused for Hydrogen; waiting for target space (attempt 14)
[2022-10-22 03:35:13] [INFO] [EOH] TRANSFER_RESULT Helium source=1 target=3 amount=1180800000.0 ok=false value=no such component extra=nil before=nil/nil
[2022-10-22 03:35:13] [DEBUG] [EOH] Transfer paused for Helium; waiting for target space (attempt 14)
[2022-10-22 03:35:45] [INFO] [EOH] TRANSFER_RESULT Hydrogen source=0 target=3 amount=1148032000.0 ok=false value=no such component extra=nil before=nil/nil
[2022-10-22 03:35:45] [DEBUG] [EOH] Transfer paused for Hydrogen; waiting for target space (attempt 15)
[2022-10-22 03:36:07] [INFO] [EOH] TRANSFER_RESULT Helium source=1 target=3 amount=1180800000.0 ok=false value=no such component extra=nil before=nil/nil
[2022-10-22 03:36:07] [DEBUG] [EOH] Transfer paused for Helium; waiting for target space (attempt 15)
[2022-10-22 03:36:46] [INFO] [EOH] TRANSFER_RESULT Hydrogen source=0 target=3 amount=1148032000.0 ok=false value=no such component extra=nil before=nil/nil
[2022-10-22 03:36:46] [DEBUG] [EOH] Transfer paused for Hydrogen; waiting for target space (attempt 16)
[2022-10-22 03:37:04] [INFO] [EOH] TRANSFER_RESULT Helium source=1 target=3 amount=1180800000.0 ok=false value=no such component extra=nil before=nil/nil
[2022-10-22 03:37:04] [DEBUG] [EOH] Transfer paused for Helium; waiting for target space (attempt 16)
[2022-10-22 03:37:40] [INFO] [EOH] TRANSFER_RESULT Hydrogen source=0 target=3 amount=1148032000.0 ok=false value=no such component extra=nil before=nil/nil
[2022-10-22 03:37:40] [DEBUG] [EOH] Transfer paused for Hydrogen; waiting for target space (attempt 17)
[2022-10-22 03:37:58] [INFO] [EOH] TRANSFER_RESULT Helium source=1 target=3 amount=1180800000.0 ok=false value=no such component extra=nil before=nil/nil
[2022-10-22 03:37:58] [DEBUG] [EOH] Transfer paused for Helium; waiting for target space (attempt 17)
[2022-10-22 03:38:34] [INFO] [EOH] TRANSFER_RESULT Hydrogen source=0 target=3 amount=1148032000.0 ok=false value=no such component extra=nil before=nil/nil
[2022-10-22 03:38:34] [DEBUG] [EOH] Transfer paused for Hydrogen; waiting for target space (attempt 18)
[2022-10-22 03:39:00] [INFO] [EOH] TRANSFER_RESULT Helium source=1 target=3 amount=1180800000.0 ok=false value=no such component extra=nil before=nil/nil
[2022-10-22 03:39:00] [DEBUG] [EOH] Transfer paused for Helium; waiting for target space (attempt 18)
[2022-10-22 03:39:32] [INFO] [EOH] TRANSFER_RESULT Hydrogen source=0 target=3 amount=1148032000.0 ok=false value=no such component extra=nil before=nil/nil
[2022-10-22 03:39:32] [DEBUG] [EOH] Transfer paused for Hydrogen; waiting for target space (attempt 19)
[2022-10-22 03:39:54] [INFO] [EOH] TRANSFER_RESULT Helium source=1 target=3 amount=1180800000.0 ok=false value=no such component extra=nil before=nil/nil
[2022-10-22 03:39:54] [DEBUG] [EOH] Transfer paused for Helium; waiting for target space (attempt 19)
[2022-10-22 03:40:26] [INFO] [EOH] TRANSFER_RESULT Hydrogen source=0 target=3 amount=1148032000.0 ok=false value=no such component extra=nil before=nil/nil
[2022-10-22 03:40:26] [DEBUG] [EOH] Transfer paused for Hydrogen; waiting for target space (attempt 20)
[2022-10-22 03:40:48] [INFO] [EOH] TRANSFER_RESULT Helium source=1 target=3 amount=1180800000.0 ok=false value=no such component extra=nil before=nil/nil
[2022-10-22 03:40:48] [DEBUG] [EOH] Transfer paused for Helium; waiting for target space (attempt 20)
[2022-10-22 03:41:20] [INFO] [EOH] TRANSFER_RESULT Hydrogen source=0 target=3 amount=1148032000.0 ok=false value=no such component extra=nil before=nil/nil
[2022-10-22 03:41:20] [DEBUG] [EOH] Transfer paused for Hydrogen; waiting for target space (attempt 21)
[2022-10-22 03:41:45] [INFO] [EOH] TRANSFER_RESULT Helium source=1 target=3 amount=1180800000.0 ok=false value=no such component extra=nil before=nil/nil
[2022-10-22 03:41:45] [DEBUG] [EOH] Transfer paused for Helium; waiting for target space (attempt 21)
[2022-10-22 03:42:14] [INFO] [EOH] TRANSFER_RESULT Hydrogen source=0 target=3 amount=1148032000.0 ok=false value=no such component extra=nil before=nil/nil
[2022-10-22 03:42:14] [DEBUG] [EOH] Transfer paused for Hydrogen; waiting for target space (attempt 22)
[2022-10-22 03:42:43] [INFO] [EOH] TRANSFER_RESULT Helium source=1 target=3 amount=1180800000.0 ok=false value=no such component extra=nil before=nil/nil
[2022-10-22 03:42:43] [DEBUG] [EOH] Transfer paused for Helium; waiting for target space (attempt 22)
[2022-10-22 03:43:12] [INFO] [EOH] TRANSFER_RESULT Hydrogen source=0 target=3 amount=1148032000.0 ok=false value=no such component extra=nil before=nil/nil
[2022-10-22 03:43:12] [DEBUG] [EOH] Transfer paused for Hydrogen; waiting for target space (attempt 23)
[2022-10-22 03:43:37] [INFO] [EOH] TRANSFER_RESULT Helium source=1 target=3 amount=1180800000.0 ok=false value=no such component extra=nil before=nil/nil
[2022-10-22 03:43:37] [DEBUG] [EOH] Transfer paused for Helium; waiting for target space (attempt 23)
[2022-10-22 03:44:06] [INFO] [EOH] TRANSFER_RESULT Hydrogen source=0 target=3 amount=1148032000.0 ok=false value=no such component extra=nil before=nil/nil
[2022-10-22 03:44:06] [DEBUG] [EOH] Transfer paused for Hydrogen; waiting for target space (attempt 24)
[2022-10-22 03:44:06] [INFO] [EOH] Поиск компонентов...
[2022-10-22 03:44:09] [DEBUG] [EOH] gt_machine: gt_machine [b67a94bf-5d84-4187-8ba4-ac7d1749831b]
[2022-10-22 03:44:09] [WARN] [EOH] Использован единственный gt_machine как контроллер EOH
[2022-10-22 03:44:31] [INFO] [EOH] TRANSFER_RESULT Helium source=1 target=3 amount=1180800000.0 ok=false value=no such component extra=nil before=nil/nil
[2022-10-22 03:44:31] [DEBUG] [EOH] Transfer paused for Helium; waiting for target space (attempt 24)
[2022-10-22 03:45:00] [INFO] [EOH] TRANSFER_RESULT Hydrogen source=0 target=3 amount=1148032000.0 ok=false value=no such component extra=nil before=nil/nil
[2022-10-22 03:45:00] [DEBUG] [EOH] Transfer paused for Hydrogen; waiting for target space (attempt 25)
[2022-10-22 03:45:25] [INFO] [EOH] TRANSFER_RESULT Helium source=1 target=3 amount=1180800000.0 ok=false value=no such component extra=nil before=nil/nil
[2022-10-22 03:45:25] [DEBUG] [EOH] Transfer paused for Helium; waiting for target space (attempt 25)
[2022-10-22 03:45:54] [INFO] [EOH] TRANSFER_RESULT Hydrogen source=0 target=3 amount=1148032000.0 ok=false value=no such component extra=nil before=nil/nil
[2022-10-22 03:45:54] [DEBUG] [EOH] Transfer paused for Hydrogen; waiting for target space (attempt 26)
[2022-10-22 03:46:19] [INFO] [EOH] TRANSFER_RESULT Helium source=1 target=3 amount=1180800000.0 ok=false value=no such component extra=nil before=nil/nil
[2022-10-22 03:46:19] [DEBUG] [EOH] Transfer paused for Helium; waiting for target space (attempt 26)
[2022-10-22 03:46:48] [INFO] [EOH] TRANSFER_RESULT Hydrogen source=0 target=3 amount=1148032000.0 ok=false value=no such component extra=nil before=nil/nil
[2022-10-22 03:46:48] [DEBUG] [EOH] Transfer paused for Hydrogen; waiting for target space (attempt 27)
[2022-10-22 03:47:13] [INFO] [EOH] TRANSFER_RESULT Helium source=1 target=3 amount=1180800000.0 ok=false value=no such component extra=nil before=nil/nil
[2022-10-22 03:47:13] [DEBUG] [EOH] Transfer paused for Helium; waiting for target space (attempt 27)
[2022-10-22 03:47:42] [INFO] [EOH] TRANSFER_RESULT Hydrogen source=0 target=3 amount=1148032000.0 ok=false value=no such component extra=nil before=nil/nil
[2022-10-22 03:47:42] [DEBUG] [EOH] Transfer paused for Hydrogen; waiting for target space (attempt 28)
[2022-10-22 03:48:07] [INFO] [EOH] TRANSFER_RESULT Helium source=1 target=3 amount=1180800000.0 ok=false value=no such component extra=nil before=nil/nil
[2022-10-22 03:48:07] [DEBUG] [EOH] Transfer paused for Helium; waiting for target space (attempt 28)
[2022-10-22 03:48:36] [INFO] [EOH] TRANSFER_RESULT Hydrogen source=0 target=3 amount=1148032000.0 ok=false value=no such component extra=nil before=nil/nil
[2022-10-22 03:48:36] [DEBUG] [EOH] Transfer paused for Hydrogen; waiting for target space (attempt 29)
[2022-10-22 03:49:01] [INFO] [EOH] TRANSFER_RESULT Helium source=1 target=3 amount=1180800000.0 ok=false value=no such component extra=nil before=nil/nil
[2022-10-22 03:49:01] [DEBUG] [EOH] Transfer paused for Helium; waiting for target space (attempt 29)
[2022-10-22 03:49:30] [INFO] [EOH] TRANSFER_RESULT Hydrogen source=0 target=3 amount=1148032000.0 ok=false value=no such component extra=nil before=nil/nil
[2022-10-22 03:49:30] [DEBUG] [EOH] Transfer paused for Hydrogen; waiting for target space (attempt 30)
[2022-10-22 03:49:55] [INFO] [EOH] TRANSFER_RESULT Helium source=1 target=3 amount=1180800000.0 ok=false value=no such component extra=nil before=nil/nil
[2022-10-22 03:49:55] [DEBUG] [EOH] Transfer paused for Helium; waiting for target space (attempt 30)
[2022-10-22 03:50:24] [INFO] [EOH] TRANSFER_RESULT Hydrogen source=0 target=3 amount=1148032000.0 ok=false value=no such component extra=nil before=nil/nil
[2022-10-22 03:50:24] [DEBUG] [EOH] Transfer paused for Hydrogen; waiting for target space (attempt 31)
[2022-10-22 03:50:49] [INFO] [EOH] TRANSFER_RESULT Helium source=1 target=3 amount=1180800000.0 ok=false value=no such component extra=nil before=nil/nil
[2022-10-22 03:50:52] [DEBUG] [EOH] Transfer paused for Helium; waiting for target space (attempt 31)
[2022-10-22 03:51:18] [INFO] [EOH] TRANSFER_RESULT Hydrogen source=0 target=3 amount=1148032000.0 ok=false value=no such component extra=nil before=nil/nil
[2022-10-22 03:51:18] [DEBUG] [EOH] Transfer paused for Hydrogen; waiting for target space (attempt 32)
[2022-10-22 03:51:46] [INFO] [EOH] TRANSFER_RESULT Helium source=1 target=3 amount=1180800000.0 ok=false value=no such component extra=nil before=nil/nil
[2022-10-22 03:51:46] [DEBUG] [EOH] Transfer paused for Helium; waiting for target space (attempt 32)
[2022-10-22 03:52:12] [INFO] [EOH] TRANSFER_RESULT Hydrogen source=0 target=3 amount=1148032000.0 ok=false value=no such component extra=nil before=nil/nil
[2022-10-22 03:52:12] [DEBUG] [EOH] Transfer paused for Hydrogen; waiting for target space (attempt 33)
[2022-10-22 03:52:40] [INFO] [EOH] TRANSFER_RESULT Helium source=1 target=3 amount=1180800000.0 ok=false value=no such component extra=nil before=nil/nil
[2022-10-22 03:52:40] [DEBUG] [EOH] Transfer paused for Helium; waiting for target space (attempt 33)
[2022-10-22 03:53:06] [INFO] [EOH] TRANSFER_RESULT Hydrogen source=0 target=3 amount=1148032000.0 ok=false value=no such component extra=nil before=nil/nil
[2022-10-22 03:53:06] [DEBUG] [EOH] Transfer paused for Hydrogen; waiting for target space (attempt 34)
[2022-10-22 03:53:34] [INFO] [EOH] TRANSFER_RESULT Helium source=1 target=3 amount=1180800000.0 ok=false value=no such component extra=nil before=nil/nil
[2022-10-22 03:53:34] [DEBUG] [EOH] Transfer paused for Helium; waiting for target space (attempt 34)
[2022-10-22 03:54:00] [INFO] [EOH] TRANSFER_RESULT Hydrogen source=0 target=3 amount=1148032000.0 ok=false value=no such component extra=nil before=nil/nil
[2022-10-22 03:54:00] [DEBUG] [EOH] Transfer paused for Hydrogen; waiting for target space (attempt 35)
[2022-10-22 03:54:28] [INFO] [EOH] TRANSFER_RESULT Helium source=1 target=3 amount=1180800000.0 ok=false value=no such component extra=nil before=nil/nil
[2022-10-22 03:54:28] [DEBUG] [EOH] Transfer paused for Helium; waiting for target space (attempt 35)
[2022-10-22 03:54:54] [INFO] [EOH] TRANSFER_RESULT Hydrogen source=0 target=3 amount=1148032000.0 ok=false value=no such component extra=nil before=nil/nil
[2022-10-22 03:54:54] [DEBUG] [EOH] Transfer paused for Hydrogen; waiting for target space (attempt 36)
[2022-10-22 03:55:22] [INFO] [EOH] TRANSFER_RESULT Helium source=1 target=3 amount=1180800000.0 ok=false value=no such component extra=nil before=nil/nil
[2022-10-22 03:55:22] [DEBUG] [EOH] Transfer paused for Helium; waiting for target space (attempt 36)
[2022-10-22 03:55:48] [INFO] [EOH] TRANSFER_RESULT Hydrogen source=0 target=3 amount=1148032000.0 ok=false value=no such component extra=nil before=nil/nil
[2022-10-22 03:55:48] [DEBUG] [EOH] Transfer paused for Hydrogen; waiting for target space (attempt 37)
[2022-10-22 03:56:16] [INFO] [EOH] TRANSFER_RESULT Helium source=1 target=3 amount=1180800000.0 ok=false value=no such component extra=nil before=nil/nil
[2022-10-22 03:56:16] [DEBUG] [EOH] Transfer paused for Helium; waiting for target space (attempt 37)
[2022-10-22 03:56:42] [INFO] [EOH] TRANSFER_RESULT Hydrogen source=0 target=3 amount=1148032000.0 ok=false value=no such component extra=nil before=nil/nil
[2022-10-22 03:56:42] [DEBUG] [EOH] Transfer paused for Hydrogen; waiting for target space (attempt 38)
[2022-10-22 03:57:10] [INFO] [EOH] TRANSFER_RESULT Helium source=1 target=3 amount=1180800000.0 ok=false value=no such component extra=nil before=nil/nil
[2022-10-22 03:57:10] [DEBUG] [EOH] Transfer paused for Helium; waiting for target space (attempt 38)
[2022-10-22 03:57:39] [INFO] [EOH] TRANSFER_RESULT Hydrogen source=0 target=3 amount=1148032000.0 ok=false value=no such component extra=nil before=nil/nil
[2022-10-22 03:57:39] [DEBUG] [EOH] Transfer paused for Hydrogen; waiting for target space (attempt 39)
[2022-10-22 03:58:04] [INFO] [EOH] TRANSFER_RESULT Helium source=1 target=3 amount=1180800000.0 ok=false value=no such component extra=nil before=nil/nil
[2022-10-22 03:58:04] [DEBUG] [EOH] Transfer paused for Helium; waiting for target space (attempt 39)
[2022-10-22 03:58:33] [INFO] [EOH] TRANSFER_RESULT Hydrogen source=0 target=3 amount=1148032000.0 ok=false value=no such component extra=nil before=nil/nil
[2022-10-22 03:58:33] [DEBUG] [EOH] Transfer paused for Hydrogen; waiting for target space (attempt 40)
[2022-10-22 03:59:02] [INFO] [EOH] TRANSFER_RESULT Helium source=1 target=3 amount=1180800000.0 ok=false value=no such component extra=nil before=nil/nil
[2022-10-22 03:59:02] [DEBUG] [EOH] Transfer paused for Helium; waiting for target space (attempt 40)
[2022-10-22 03:59:27] [INFO] [EOH] TRANSFER_RESULT Hydrogen source=0 target=3 amount=1148032000.0 ok=false value=no such component extra=nil before=nil/nil
[2022-10-22 03:59:27] [DEBUG] [EOH] Transfer paused for Hydrogen; waiting for target space (attempt 41)
[2022-10-22 03:59:56] [INFO] [EOH] TRANSFER_RESULT Helium source=1 target=3 amount=1180800000.0 ok=false value=no such component extra=nil before=nil/nil
[2022-10-22 03:59:56] [DEBUG] [EOH] Transfer paused for Helium; waiting for target space (attempt 41)
[2022-10-22 04:00:21] [INFO] [EOH] TRANSFER_RESULT Hydrogen source=0 target=3 amount=1148032000.0 ok=false value=no such component extra=nil before=nil/nil
[2022-10-22 04:00:21] [DEBUG] [EOH] Transfer paused for Hydrogen; waiting for target space (attempt 42)
[2022-10-22 04:00:50] [INFO] [EOH] TRANSFER_RESULT Helium source=1 target=3 amount=1180800000.0 ok=false value=no such component extra=nil before=nil/nil
[2022-10-22 04:00:50] [DEBUG] [EOH] Transfer paused for Helium; waiting for target space (attempt 42)
[2022-10-22 04:01:15] [INFO] [EOH] TRANSFER_RESULT Hydrogen source=0 target=3 amount=1148032000.0 ok=false value=no such component extra=nil before=nil/nil
[2022-10-22 04:01:15] [DEBUG] [EOH] Transfer paused for Hydrogen; waiting for target space (attempt 43)
[2022-10-22 04:01:44] [INFO] [EOH] TRANSFER_RESULT Helium source=1 target=3 amount=1180800000.0 ok=false value=no such component extra=nil before=nil/nil
[2022-10-22 04:01:44] [DEBUG] [EOH] Transfer paused for Helium; waiting for target space (attempt 43)
[2022-10-22 04:02:09] [INFO] [EOH] TRANSFER_RESULT Hydrogen source=0 target=3 amount=1148032000.0 ok=false value=no such component extra=nil before=nil/nil
[2022-10-22 04:02:09] [DEBUG] [EOH] Transfer paused for Hydrogen; waiting for target space (attempt 44)
[2022-10-22 04:02:38] [INFO] [EOH] TRANSFER_RESULT Helium source=1 target=3 amount=1180800000.0 ok=false value=no such component extra=nil before=nil/nil
[2022-10-22 04:02:38] [DEBUG] [EOH] Transfer paused for Helium; waiting for target space (attempt 44)
[2022-10-22 04:03:07] [INFO] [EOH] TRANSFER_RESULT Hydrogen source=0 target=3 amount=1148032000.0 ok=false value=no such component extra=nil before=nil/nil
[2022-10-22 04:03:07] [DEBUG] [EOH] Transfer paused for Hydrogen; waiting for target space (attempt 45)
[2022-10-22 04:03:36] [INFO] [EOH] TRANSFER_RESULT Helium source=1 target=3 amount=1180800000.0 ok=false value=no such component extra=nil before=nil/nil
[2022-10-22 04:03:36] [DEBUG] [EOH] Transfer paused for Helium; waiting for target space (attempt 45)
[2022-10-22 04:04:01] [INFO] [EOH] TRANSFER_RESULT Hydrogen source=0 target=3 amount=1148032000.0 ok=false value=no such component extra=nil before=nil/nil
[2022-10-22 04:04:01] [DEBUG] [EOH] Transfer paused for Hydrogen; waiting for target space (attempt 46)
[2022-10-22 04:04:30] [INFO] [EOH] TRANSFER_RESULT Helium source=1 target=3 amount=1180800000.0 ok=false value=no such component extra=nil before=nil/nil
[2022-10-22 04:04:30] [DEBUG] [EOH] Transfer paused for Helium; waiting for target space (attempt 46)
[2022-10-22 04:04:55] [INFO] [EOH] TRANSFER_RESULT Hydrogen source=0 target=3 amount=1148032000.0 ok=false value=no such component extra=nil before=nil/nil
[2022-10-22 04:04:55] [DEBUG] [EOH] Transfer paused for Hydrogen; waiting for target space (attempt 47)
[2022-10-22 04:05:27] [INFO] [EOH] TRANSFER_RESULT Helium source=1 target=3 amount=1180800000.0 ok=false value=no such component extra=nil before=nil/nil
[2022-10-22 04:05:27] [DEBUG] [EOH] Transfer paused for Helium; waiting for target space (attempt 47)
[2022-10-22 04:05:49] [INFO] [EOH] TRANSFER_RESULT Hydrogen source=0 target=3 amount=1148032000.0 ok=false value=no such component extra=nil before=nil/nil
[2022-10-22 04:05:49] [DEBUG] [EOH] Transfer paused for Hydrogen; waiting for target space (attempt 48)
[2022-10-22 04:06:25] [INFO] [EOH] TRANSFER_RESULT Helium source=1 target=3 amount=1180800000.0 ok=false value=no such component extra=nil before=nil/nil
[2022-10-22 04:06:25] [DEBUG] [EOH] Transfer paused for Helium; waiting for target space (attempt 48)
[2022-10-22 04:06:46] [INFO] [EOH] TRANSFER_RESULT Hydrogen source=0 target=3 amount=1148032000.0 ok=false value=no such component extra=nil before=nil/nil
[2022-10-22 04:06:46] [DEBUG] [EOH] Transfer paused for Hydrogen; waiting for target space (attempt 49)
[2022-10-22 04:07:19] [INFO] [EOH] TRANSFER_RESULT Helium source=1 target=3 amount=1180800000.0 ok=false value=no such component extra=nil before=nil/nil
[2022-10-22 04:07:19] [DEBUG] [EOH] Transfer paused for Helium; waiting for target space (attempt 49)
[2022-10-22 04:07:40] [INFO] [EOH] TRANSFER_RESULT Hydrogen source=0 target=3 amount=1148032000.0 ok=false value=no such component extra=nil before=nil/nil
[2022-10-22 04:07:40] [DEBUG] [EOH] Transfer paused for Hydrogen; waiting for target space (attempt 50)
[2022-10-22 04:10:04] [INFO] [EOH] TRANSFER_RESULT Helium source=1 target=3 amount=1180800000.0 ok=true value=true extra=32768000 before=nil/nil
[2022-10-22 04:10:04] [INFO] [EOH] Передано Helium: 32768000L
[2022-10-22 04:12:21] [INFO] [EOH] TRANSFER_RESULT Hydrogen source=0 target=3 amount=32768000 ok=true value=true extra=32768000 before=128000000/0
[2022-10-22 04:12:21] [INFO] [EOH] Передано Hydrogen: 32768000L
[2022-10-22 04:14:31] [INFO] [EOH] TRANSFER_RESULT Helium source=1 target=3 amount=32768000 ok=true value=true extra=32768000 before=128000000/0
[2022-10-22 04:14:31] [INFO] [EOH] Передано Helium: 32768000L
[2022-10-22 04:16:48] [INFO] [EOH] TRANSFER_RESULT Hydrogen source=0 target=3 amount=32768000 ok=true value=true extra=32768000 before=128000000/0
[2022-10-22 04:16:48] [INFO] [EOH] Передано Hydrogen: 32768000L
[2022-10-22 04:19:01] [INFO] [EOH] TRANSFER_RESULT Helium source=1 target=3 amount=32768000 ok=true value=true extra=32768000 before=128000000/0
[2022-10-22 04:19:01] [INFO] [EOH] Передано Helium: 32768000L
[2022-10-22 04:21:18] [INFO] [EOH] TRANSFER_RESULT Hydrogen source=0 target=3 amount=32768000 ok=true value=true extra=32768000 before=128000000/0
[2022-10-22 04:21:18] [INFO] [EOH] Передано Hydrogen: 32768000L
[2022-10-22 04:23:27] [INFO] [EOH] TRANSFER_RESULT Helium source=1 target=3 amount=32768000 ok=true value=true extra=32768000 before=128000000/0
[2022-10-22 04:23:27] [INFO] [EOH] Передано Helium: 32768000L
[2022-10-22 04:25:44] [INFO] [EOH] TRANSFER_RESULT Hydrogen source=0 target=3 amount=32768000 ok=true value=true extra=32768000 before=128000000/0
[2022-10-22 04:25:44] [INFO] [EOH] Передано Hydrogen: 32768000L
[2022-10-22 04:27:54] [INFO] [EOH] TRANSFER_RESULT Helium source=1 target=3 amount=32768000 ok=true value=true extra=32768000 before=128000000/0
[2022-10-22 04:27:54] [INFO] [EOH] Передано Helium: 32768000L
[2022-10-22 04:30:10] [INFO] [EOH] TRANSFER_RESULT Hydrogen source=0 target=3 amount=32768000 ok=true value=true extra=32768000 before=128000000/0
[2022-10-22 04:30:10] [INFO] [EOH] Передано Hydrogen: 32768000L
[2022-10-22 04:32:20] [INFO] [EOH] TRANSFER_RESULT Helium source=1 target=3 amount=32768000 ok=true value=true extra=32768000 before=128000000/0
[2022-10-22 04:32:20] [INFO] [EOH] Передано Helium: 32768000L
[2022-10-22 04:32:20] [INFO] [EOH] Поиск компонентов...
[2022-10-22 04:32:24] [DEBUG] [EOH] gt_machine: gt_machine [b67a94bf-5d84-4187-8ba4-ac7d1749831b]
[2022-10-22 04:33:10] [INFO] [EOH] Найден транспозер: 77817939-e5e5-47e3-a26f-b0613c4df0d5, capacity=128000000, fluid=helium
[2022-10-22 04:33:57] [INFO] [EOH] Найден транспозер: d9855f4b-3a94-4684-9503-4c65b815601d, capacity=128000000, fluid=hydrogen
[2022-10-22 04:33:57] [WARN] [EOH] Использован единственный gt_machine как контроллер EOH
[2022-10-22 04:36:10] [INFO] [EOH] TRANSFER_RESULT Hydrogen source=0 target=3 amount=32768000 ok=true value=true extra=32768000 before=128000000/0
[2022-10-22 04:36:10] [INFO] [EOH] Передано Hydrogen: 32768000L
[2022-10-22 04:38:20] [INFO] [EOH] TRANSFER_RESULT Helium source=1 target=3 amount=32768000 ok=true value=true extra=32768000 before=128000000/0
[2022-10-22 04:38:20] [INFO] [EOH] Передано Helium: 32768000L
[2022-10-22 04:40:30] [INFO] [EOH] TRANSFER_RESULT Hydrogen source=0 target=3 amount=32768000 ok=true value=true extra=32768000 before=128000000/0
[2022-10-22 04:40:30] [INFO] [EOH] Передано Hydrogen: 32768000L
[2022-10-22 04:42:39] [INFO] [EOH] TRANSFER_RESULT Helium source=1 target=3 amount=32768000 ok=true value=true extra=32768000 before=128000000/0
[2022-10-22 04:42:39] [INFO] [EOH] Передано Helium: 32768000L
[2022-10-22 04:44:52] [INFO] [EOH] TRANSFER_RESULT Hydrogen source=0 target=3 amount=32768000 ok=true value=true extra=32768000 before=128000000/0
[2022-10-22 04:44:52] [INFO] [EOH] Передано Hydrogen: 32768000L
[2022-10-22 04:47:02] [INFO] [EOH] TRANSFER_RESULT Helium source=1 target=3 amount=32768000 ok=true value=true extra=32768000 before=128000000/0
[2022-10-22 04:47:02] [INFO] [EOH] Передано Helium: 32768000L
[2022-10-22 04:49:12] [INFO] [EOH] TRANSFER_RESULT Hydrogen source=0 target=3 amount=32768000 ok=true value=true extra=32768000 before=128000000/0
[2022-10-22 04:49:12] [INFO] [EOH] Передано Hydrogen: 32768000L
[2022-10-22 04:51:21] [INFO] [EOH] TRANSFER_RESULT Helium source=1 target=3 amount=32768000 ok=true value=true extra=32768000 before=128000000/0
[2022-10-22 04:51:21] [INFO] [EOH] Передано Helium: 32768000L
[2022-10-22 04:53:31] [INFO] [EOH] TRANSFER_RESULT Hydrogen source=0 target=3 amount=32768000 ok=true value=true extra=32768000 before=128000000/0
[2022-10-22 04:53:31] [INFO] [EOH] Передано Hydrogen: 32768000L
[2022-10-22 04:55:44] [INFO] [EOH] TRANSFER_RESULT Helium source=1 target=3 amount=32768000 ok=true value=true extra=32768000 before=128000000/0
[2022-10-22 04:55:44] [INFO] [EOH] Передано Helium: 32768000L
[2022-10-22 04:57:57] [INFO] [EOH] TRANSFER_RESULT Hydrogen source=0 target=3 amount=32768000 ok=true value=true extra=32768000 before=128000000/0
[2022-10-22 04:57:57] [INFO] [EOH] Передано Hydrogen: 32768000L
[2022-10-22 05:00:07] [INFO] [EOH] TRANSFER_RESULT Helium source=1 target=3 amount=32768000 ok=true value=true extra=32768000 before=128000000/0
[2022-10-22 05:00:07] [INFO] [EOH] Передано Helium: 32768000L
[2022-10-22 05:02:16] [INFO] [EOH] TRANSFER_RESULT Hydrogen source=0 target=3 amount=32768000 ok=true value=true extra=32768000 before=128000000/0
[2022-10-22 05:02:16] [INFO] [EOH] Передано Hydrogen: 32768000L
[2022-10-22 05:04:26] [INFO] [EOH] TRANSFER_RESULT Helium source=1 target=3 amount=32768000 ok=true value=true extra=32768000 before=128000000/0
[2022-10-22 05:04:26] [INFO] [EOH] Передано Helium: 32768000L
[2022-10-22 05:06:36] [INFO] [EOH] TRANSFER_RESULT Hydrogen source=0 target=3 amount=32768000 ok=true value=true extra=32768000 before=128000000/0
[2022-10-22 05:06:36] [INFO] [EOH] Передано Hydrogen: 32768000L
[2022-10-22 05:08:45] [INFO] [EOH] TRANSFER_RESULT Helium source=1 target=3 amount=32768000 ok=true value=true extra=32768000 before=128000000/0
[2022-10-22 05:08:45] [INFO] [EOH] Передано Helium: 32768000L
[2022-10-22 05:10:55] [INFO] [EOH] TRANSFER_RESULT Hydrogen source=0 target=3 amount=32768000 ok=true value=true extra=32768000 before=128000000/0
[2022-10-22 05:10:55] [INFO] [EOH] Передано Hydrogen: 32768000L
[2022-10-22 05:13:04] [INFO] [EOH] TRANSFER_RESULT Helium source=1 target=3 amount=32768000 ok=true value=true extra=32768000 before=128000000/0
[2022-10-22 05:13:04] [INFO] [EOH] Передано Helium: 32768000L
[2022-10-22 05:15:14] [INFO] [EOH] TRANSFER_RESULT Hydrogen source=0 target=3 amount=32768000 ok=true value=true extra=32768000 before=128000000/0
[2022-10-22 05:15:14] [INFO] [EOH] Передано Hydrogen: 32768000L
[2022-10-22 05:17:24] [INFO] [EOH] TRANSFER_RESULT Helium source=1 target=3 amount=32768000 ok=true value=true extra=32768000 before=128000000/0
[2022-10-22 05:17:24] [INFO] [EOH] Передано Helium: 32768000L
[2022-10-22 05:19:40] [INFO] [EOH] TRANSFER_RESULT Hydrogen source=0 target=3 amount=32768000 ok=true value=true extra=32768000 before=128000000/0
[2022-10-22 05:19:40] [INFO] [EOH] Передано Hydrogen: 32768000L
[2022-10-22 05:21:50] [INFO] [EOH] TRANSFER_RESULT Helium source=1 target=3 amount=32768000 ok=true value=true extra=32768000 before=128000000/0
[2022-10-22 05:21:50] [INFO] [EOH] Передано Helium: 32768000L
[2022-10-22 05:24:00] [INFO] [EOH] TRANSFER_RESULT Hydrogen source=0 target=3 amount=32768000 ok=true value=true extra=32768000 before=128000000/0
[2022-10-22 05:24:00] [INFO] [EOH] Передано Hydrogen: 32768000L
[2022-10-22 05:26:09] [INFO] [EOH] TRANSFER_RESULT Helium source=1 target=3 amount=32768000 ok=true value=true extra=32768000 before=128000000/0
[2022-10-22 05:26:09] [INFO] [EOH] Передано Helium: 32768000L
[2022-10-22 05:28:19] [INFO] [EOH] TRANSFER_RESULT Hydrogen source=0 target=3 amount=32768000 ok=true value=true extra=32768000 before=128000000/0
[2022-10-22 05:28:19] [INFO] [EOH] Передано Hydrogen: 32768000L
[2022-10-22 05:30:28] [INFO] [EOH] TRANSFER_RESULT Helium source=1 target=3 amount=32768000 ok=true value=true extra=32768000 before=128000000/0
[2022-10-22 05:30:28] [INFO] [EOH] Передано Helium: 32768000L
[2022-10-22 05:32:38] [INFO] [EOH] TRANSFER_RESULT Hydrogen source=0 target=3 amount=32768000 ok=true value=true extra=32768000 before=128000000/0
[2022-10-22 05:32:38] [INFO] [EOH] Передано Hydrogen: 32768000L
[2022-10-22 05:34:48] [INFO] [EOH] TRANSFER_RESULT Helium source=1 target=3 amount=32768000 ok=true value=true extra=32768000 before=128000000/0
[2022-10-22 05:34:48] [INFO] [EOH] Передано Helium: 32768000L
[2022-10-22 05:37:01] [INFO] [EOH] TRANSFER_RESULT Hydrogen source=0 target=3 amount=32768000 ok=true value=true extra=32768000 before=128000000/0
[2022-10-22 05:37:01] [INFO] [EOH] Передано Hydrogen: 32768000L
[2022-10-22 05:39:10] [INFO] [EOH] TRANSFER_RESULT Helium source=1 target=3 amount=32768000 ok=true value=true extra=32768000 before=128000000/0
[2022-10-22 05:39:10] [INFO] [EOH] Передано Helium: 32768000L
[2022-10-22 05:41:24] [INFO] [EOH] TRANSFER_RESULT Hydrogen source=0 target=3 amount=32768000 ok=true value=true extra=32768000 before=128000000/0
[2022-10-22 05:41:24] [INFO] [EOH] Передано Hydrogen: 32768000L
[2022-10-22 05:43:33] [INFO] [EOH] TRANSFER_RESULT Helium source=1 target=3 amount=32768000 ok=true value=true extra=32768000 before=128000000/0
[2022-10-22 05:43:33] [INFO] [EOH] Передано Helium: 32768000L
[2022-10-22 05:45:43] [INFO] [EOH] TRANSFER_RESULT Hydrogen source=0 target=3 amount=32768000 ok=true value=true extra=32768000 before=128000000/0
[2022-10-22 05:45:43] [INFO] [EOH] Передано Hydrogen: 32768000L
[2022-10-22 05:47:52] [INFO] [EOH] TRANSFER_RESULT Helium source=1 target=3 amount=32768000 ok=true value=true extra=32768000 before=128000000/0
[2022-10-22 05:47:52] [INFO] [EOH] Передано Helium: 32768000L
[2022-10-22 05:50:06] [INFO] [EOH] TRANSFER_RESULT Hydrogen source=0 target=3 amount=32768000 ok=true value=true extra=32768000 before=128000000/0
[2022-10-22 05:50:06] [INFO] [EOH] Передано Hydrogen: 32768000L
[2022-10-22 05:52:15] [INFO] [EOH] TRANSFER_RESULT Helium source=1 target=3 amount=32768000 ok=true value=true extra=32768000 before=128000000/0
[2022-10-22 05:52:15] [INFO] [EOH] Передано Helium: 32768000L
[2022-10-22 05:54:32] [INFO] [EOH] TRANSFER_RESULT Hydrogen source=0 target=3 amount=32768000 ok=true value=true extra=32768000 before=128000000/0
[2022-10-22 05:54:32] [INFO] [EOH] Передано Hydrogen: 32768000L
[2022-10-22 05:56:42] [INFO] [EOH] TRANSFER_RESULT Helium source=1 target=3 amount=32768000 ok=true value=true extra=32768000 before=128000000/0
[2022-10-22 05:56:42] [INFO] [EOH] Передано Helium: 32768000L
[2022-10-22 05:58:51] [INFO] [EOH] TRANSFER_RESULT Hydrogen source=0 target=3 amount=32768000 ok=true value=true extra=32768000 before=128000000/0
[2022-10-22 05:58:51] [INFO] [EOH] Передано Hydrogen: 32768000L
[2022-10-22 06:01:01] [INFO] [EOH] TRANSFER_RESULT Helium source=1 target=3 amount=32768000 ok=true value=true extra=32768000 before=128000000/0
[2022-10-22 06:01:04] [INFO] [EOH] Передано Helium: 32768000L
[2022-10-22 06:03:14] [INFO] [EOH] TRANSFER_RESULT Hydrogen source=0 target=3 amount=32768000 ok=true value=true extra=32768000 before=128000000/0
[2022-10-22 06:03:14] [INFO] [EOH] Передано Hydrogen: 32768000L
[2022-10-22 06:05:24] [INFO] [EOH] TRANSFER_RESULT Helium source=1 target=3 amount=32768000 ok=true value=true extra=32768000 before=128000000/0
[2022-10-22 06:05:24] [INFO] [EOH] Передано Helium: 32768000L
[2022-10-22 06:07:33] [INFO] [EOH] TRANSFER_RESULT Hydrogen source=0 target=3 amount=32768000 ok=true value=true extra=32768000 before=128000000/0
[2022-10-22 06:07:37] [INFO] [EOH] Передано Hydrogen: 32768000L
[2022-10-22 06:09:50] [INFO] [EOH] TRANSFER_RESULT Helium source=1 target=3 amount=32768000 ok=true value=true extra=32768000 before=128000000/0
[2022-10-22 06:09:50] [INFO] [EOH] Передано Helium: 32768000L
[2022-10-22 06:12:00] [INFO] [EOH] TRANSFER_RESULT Hydrogen source=0 target=3 amount=32768000 ok=true value=true extra=32768000 before=128000000/0
[2022-10-22 06:12:00] [INFO] [EOH] Передано Hydrogen: 32768000L
[2022-10-22 06:14:09] [INFO] [EOH] TRANSFER_RESULT Helium source=1 target=3 amount=32768000 ok=true value=true extra=32768000 before=128000000/0
[2022-10-22 06:14:09] [INFO] [EOH] Передано Helium: 32768000L
[2022-10-22 06:16:19] [INFO] [EOH] TRANSFER_RESULT Hydrogen source=0 target=3 amount=32768000 ok=true value=true extra=32768000 before=128000000/0
[2022-10-22 06:16:19] [INFO] [EOH] Передано Hydrogen: 32768000L
[2022-10-22 06:18:28] [INFO] [EOH] TRANSFER_RESULT Helium source=1 target=3 amount=32768000 ok=true value=true extra=32768000 before=128000000/0
[2022-10-22 06:18:28] [INFO] [EOH] Передано Helium: 32768000L
[2022-10-22 06:20:38] [INFO] [EOH] TRANSFER_RESULT Hydrogen source=0 target=3 amount=32768000 ok=true value=true extra=32768000 before=128000000/0
[2022-10-22 06:20:38] [INFO] [EOH] Передано Hydrogen: 32768000L
[2022-10-22 06:22:48] [INFO] [EOH] TRANSFER_RESULT Helium source=1 target=3 amount=32768000 ok=true value=true extra=32768000 before=128000000/0
[2022-10-22 06:22:48] [INFO] [EOH] Передано Helium: 32768000L
[2022-10-22 06:24:57] [INFO] [EOH] TRANSFER_RESULT Hydrogen source=0 target=3 amount=32768000 ok=true value=true extra=32768000 before=128000000/0
[2022-10-22 06:24:57] [INFO] [EOH] Передано Hydrogen: 32768000L
[2022-10-22 06:27:07] [INFO] [EOH] TRANSFER_RESULT Helium source=1 target=3 amount=32768000 ok=true value=true extra=32768000 before=128000000/0
[2022-10-22 06:27:07] [INFO] [EOH] Передано Helium: 32768000L
[2022-10-22 06:29:16] [INFO] [EOH] TRANSFER_RESULT Hydrogen source=0 target=3 amount=32768000 ok=true value=true extra=32768000 before=128000000/0
[2022-10-22 06:29:16] [INFO] [EOH] Передано Hydrogen: 32768000L
[2022-10-22 06:31:30] [INFO] [EOH] TRANSFER_RESULT Helium source=1 target=3 amount=32768000 ok=true value=true extra=32768000 before=128000000/0
[2022-10-22 06:31:30] [INFO] [EOH] Передано Helium: 32768000L
[2022-10-22 06:33:39] [INFO] [EOH] TRANSFER_RESULT Hydrogen source=0 target=3 amount=32768000 ok=true value=true extra=32768000 before=128000000/0
[2022-10-22 06:33:39] [INFO] [EOH] Передано Hydrogen: 32768000L
[2022-10-22 06:35:49] [INFO] [EOH] TRANSFER_RESULT Helium source=1 target=3 amount=32768000 ok=true value=true extra=32768000 before=128000000/0
[2022-10-22 06:35:49] [INFO] [EOH] Передано Helium: 32768000L
[2022-10-22 06:38:02] [INFO] [EOH] TRANSFER_RESULT Hydrogen source=0 target=3 amount=32768000 ok=true value=true extra=32768000 before=128000000/0
[2022-10-22 06:38:02] [INFO] [EOH] Передано Hydrogen: 32768000L
[2022-10-22 06:40:12] [INFO] [EOH] TRANSFER_RESULT Helium source=1 target=3 amount=32768000 ok=true value=true extra=32768000 before=128000000/0
[2022-10-22 06:40:12] [INFO] [EOH] Передано Helium: 32768000L
[2022-10-22 06:42:25] [INFO] [EOH] TRANSFER_RESULT Hydrogen source=0 target=3 amount=32768000 ok=true value=true extra=32768000 before=128000000/0
[2022-10-22 06:42:25] [INFO] [EOH] Передано Hydrogen: 32768000L
[2022-10-22 06:44:34] [INFO] [EOH] TRANSFER_RESULT Helium source=1 target=3 amount=32768000 ok=true value=true extra=32768000 before=128000000/0
[2022-10-22 06:44:34] [INFO] [EOH] Передано Helium: 32768000L
[2022-10-22 06:44:56] [INFO] [EOH] TRANSFER_RESULT Hydrogen source=0 target=3 amount=1152000.0 ok=true value=true extra=1152000 before=128000000/0
[2022-10-22 06:44:56] [INFO] [EOH] Передано Hydrogen: 1152000L
[2022-10-22 06:45:18] [INFO] [EOH] TRANSFER_RESULT Helium source=1 target=3 amount=1152000.0 ok=true value=true extra=1152000 before=128000000/0
[2022-10-22 06:45:18] [INFO] [EOH] Передано Helium: 1152000L
[2022-10-22 06:45:21] [INFO] [EOH] Рецепт запущен
[2022-10-22 06:45:21] [INFO] [EOH] Ожидание завершения...
[2022-10-22 06:51:57] [ERROR] [EOH] Completion wait failed: EOH did not become active after enabling work
[2022-10-22 08:00:03] [INFO] [EOH] Production Mode: тир 3
[2022-10-22 08:00:07] [INFO] [EOH] Запуск рецепта: тир 3, AA: false
[2022-10-22 08:00:10] [WARN] [EOH] EOH already contains excess fluid; skipping refill and starting with stored input
[2022-10-22 08:00:14] [WARN] [EOH] EOH contains excess fluid after supply; starting with stored input
[2022-10-22 08:00:18] [INFO] [EOH] Рецепт запущен
[2022-10-22 08:00:18] [INFO] [EOH] Ожидание завершения...
[2022-10-22 08:05:09] [INFO] [EOH] Поиск компонентов...
[2022-10-22 08:05:09] [DEBUG] [EOH] gt_machine: gt_machine [b67a94bf-5d84-4187-8ba4-ac7d1749831b]
[2022-10-22 08:05:56] [INFO] [EOH] Найден транспозер: 77817939-e5e5-47e3-a26f-b0613c4df0d5, capacity=128000000, fluid=helium
[2022-10-22 08:06:43] [INFO] [EOH] Найден транспозер: d9855f4b-3a94-4684-9503-4c65b815601d, capacity=128000000, fluid=hydrogen
[2022-10-22 08:06:43] [WARN] [EOH] Использован единственный gt_machine как контроллер EOH
[2022-10-22 08:08:09] [ERROR] [EOH] Completion wait failed: EOH did not become active after enabling work
[2022-10-22 08:31:37] [INFO] [EOH] Production Mode: тир 7
[2022-10-22 08:31:37] [INFO] [EOH] Запуск рецепта: тир 7, AA: false
[2022-10-22 08:32:24] [INFO] [EOH] TRANSFER Hydrogen addr=d9855f4b-3a94-4684-9503-4c65b815601d sources=0 target=3 requested=1000000000.0
[2022-10-22 08:34:33] [INFO] [EOH] TRANSFER_RESULT Hydrogen source=0 target=3 amount=32768000 ok=true value=true extra=32768000 before=128000000/0
[2022-10-22 08:34:33] [INFO] [EOH] Передано Hydrogen: 32768000L
[2022-10-22 08:35:20] [INFO] [EOH] TRANSFER Helium addr=77817939-e5e5-47e3-a26f-b0613c4df0d5 sources=1 target=3 requested=1000000000.0
[2022-10-22 08:37:30] [INFO] [EOH] TRANSFER_RESULT Helium source=1 target=3 amount=32768000 ok=true value=true extra=32768000 before=128000000/0
[2022-10-22 08:37:30] [INFO] [EOH] Передано Helium: 32768000L
[2022-10-22 08:39:46] [INFO] [EOH] TRANSFER_RESULT Hydrogen source=0 target=3 amount=32768000 ok=true value=true extra=32768000 before=128000000/0
[2022-10-22 08:39:46] [INFO] [EOH] Передано Hydrogen: 32768000L
[2022-10-22 08:41:56] [INFO] [EOH] TRANSFER_RESULT Helium source=1 target=3 amount=32768000 ok=true value=true extra=32768000 before=128000000/0
[2022-10-22 08:41:56] [INFO] [EOH] Передано Helium: 32768000L
[2022-10-22 08:44:16] [INFO] [EOH] TRANSFER_RESULT Hydrogen source=0 target=3 amount=32768000 ok=true value=true extra=32768000 before=128000000/0
[2022-10-22 08:44:16] [INFO] [EOH] Передано Hydrogen: 32768000L
[2022-10-22 08:46:26] [INFO] [EOH] TRANSFER_RESULT Helium source=1 target=3 amount=32768000 ok=true value=true extra=32768000 before=128000000/0
[2022-10-22 08:46:26] [INFO] [EOH] Передано Helium: 32768000L
[2022-10-22 08:48:39] [INFO] [EOH] TRANSFER_RESULT Hydrogen source=0 target=3 amount=32768000 ok=true value=true extra=32768000 before=128000000/0
[2022-10-22 08:48:39] [INFO] [EOH] Передано Hydrogen: 32768000L
[2022-10-22 08:50:49] [INFO] [EOH] TRANSFER_RESULT Helium source=1 target=3 amount=32768000 ok=true value=true extra=32768000 before=128000000/0
[2022-10-22 08:50:49] [INFO] [EOH] Передано Helium: 32768000L
[2022-10-22 08:53:06] [INFO] [EOH] TRANSFER_RESULT Hydrogen source=0 target=3 amount=32768000 ok=true value=true extra=32768000 before=128000000/0
[2022-10-22 08:53:06] [INFO] [EOH] Передано Hydrogen: 32768000L
[2022-10-22 08:55:19] [INFO] [EOH] TRANSFER_RESULT Helium source=1 target=3 amount=32768000 ok=true value=true extra=32768000 before=128000000/0
[2022-10-22 08:55:19] [INFO] [EOH] Передано Helium: 32768000L
[2022-10-22 08:57:36] [INFO] [EOH] TRANSFER_RESULT Hydrogen source=0 target=3 amount=32768000 ok=true value=true extra=32768000 before=128000000/0
[2022-10-22 08:57:36] [INFO] [EOH] Передано Hydrogen: 32768000L
[2022-10-22 08:59:45] [INFO] [EOH] TRANSFER_RESULT Helium source=1 target=3 amount=32768000 ok=true value=true extra=32768000 before=128000000/0
[2022-10-22 08:59:49] [INFO] [EOH] Передано Helium: 32768000L
[2022-10-22 09:02:06] [INFO] [EOH] TRANSFER_RESULT Hydrogen source=0 target=3 amount=32768000 ok=true value=true extra=32768000 before=128000000/0
[2022-10-22 09:02:06] [INFO] [EOH] Передано Hydrogen: 32768000L
[2022-10-22 09:04:15] [INFO] [EOH] TRANSFER_RESULT Helium source=1 target=3 amount=32768000 ok=true value=true extra=32768000 before=128000000/0
[2022-10-22 09:04:15] [INFO] [EOH] Передано Helium: 32768000L
[2022-10-22 09:06:32] [INFO] [EOH] TRANSFER_RESULT Hydrogen source=0 target=3 amount=32768000 ok=true value=true extra=32768000 before=128000000/0
[2022-10-22 09:06:32] [INFO] [EOH] Передано Hydrogen: 32768000L
[2022-10-22 09:08:42] [INFO] [EOH] TRANSFER_RESULT Helium source=1 target=3 amount=32768000 ok=true value=true extra=32768000 before=128000000/0
[2022-10-22 09:08:42] [INFO] [EOH] Передано Helium: 32768000L
[2022-10-22 09:10:58] [INFO] [EOH] TRANSFER_RESULT Hydrogen source=0 target=3 amount=32768000 ok=true value=true extra=32768000 before=128000000/0
[2022-10-22 09:10:58] [INFO] [EOH] Передано Hydrogen: 32768000L
[2022-10-22 09:13:08] [INFO] [EOH] TRANSFER_RESULT Helium source=1 target=3 amount=32768000 ok=true value=true extra=32768000 before=128000000/0
[2022-10-22 09:13:08] [INFO] [EOH] Передано Helium: 32768000L
[2022-10-22 09:15:25] [INFO] [EOH] TRANSFER_RESULT Hydrogen source=0 target=3 amount=32768000 ok=true value=true extra=32768000 before=128000000/0
[2022-10-22 09:15:25] [INFO] [EOH] Передано Hydrogen: 32768000L
[2022-10-22 09:17:34] [INFO] [EOH] TRANSFER_RESULT Helium source=1 target=3 amount=32768000 ok=true value=true extra=32768000 before=128000000/0
[2022-10-22 09:17:34] [INFO] [EOH] Передано Helium: 32768000L
[2022-10-22 09:19:55] [INFO] [EOH] TRANSFER_RESULT Hydrogen source=0 target=3 amount=32768000 ok=true value=true extra=32768000 before=128000000/0
[2022-10-22 09:19:55] [INFO] [EOH] Передано Hydrogen: 32768000L
[2022-10-22 09:22:04] [INFO] [EOH] TRANSFER_RESULT Helium source=1 target=3 amount=32768000 ok=true value=true extra=32768000 before=128000000/0
[2022-10-22 09:22:04] [INFO] [EOH] Передано Helium: 32768000L
[2022-10-22 09:24:32] [INFO] [EOH] TRANSFER_RESULT Hydrogen source=0 target=3 amount=32768000 ok=true value=true extra=32768000 before=128000000/0
[2022-10-22 09:24:32] [INFO] [EOH] Передано Hydrogen: 32768000L
[2022-10-22 09:26:42] [INFO] [EOH] TRANSFER_RESULT Helium source=1 target=3 amount=32768000 ok=true value=true extra=32768000 before=128000000/0
[2022-10-22 09:26:42] [INFO] [EOH] Передано Helium: 32768000L
[2022-10-22 09:28:58] [INFO] [EOH] TRANSFER_RESULT Hydrogen source=0 target=3 amount=32768000 ok=true value=true extra=32768000 before=128000000/0
[2022-10-22 09:28:58] [INFO] [EOH] Передано Hydrogen: 32768000L
[2022-10-22 09:31:08] [INFO] [EOH] TRANSFER_RESULT Helium source=1 target=3 amount=32768000 ok=true value=true extra=32768000 before=128000000/0
[2022-10-22 09:31:08] [INFO] [EOH] Передано Helium: 32768000L
[2022-10-22 09:33:25] [INFO] [EOH] TRANSFER_RESULT Hydrogen source=0 target=3 amount=32768000 ok=true value=true extra=32768000 before=128000000/0
[2022-10-22 09:33:25] [INFO] [EOH] Передано Hydrogen: 32768000L
[2022-10-22 09:35:34] [INFO] [EOH] TRANSFER_RESULT Helium source=1 target=3 amount=32768000 ok=true value=true extra=32768000 before=128000000/0
[2022-10-22 09:35:34] [INFO] [EOH] Передано Helium: 32768000L
[2022-10-22 09:37:58] [INFO] [EOH] TRANSFER_RESULT Hydrogen source=0 target=3 amount=32768000 ok=true value=true extra=32768000 before=128000000/0
[2022-10-22 09:37:58] [INFO] [EOH] Передано Hydrogen: 32768000L
[2022-10-22 09:40:08] [INFO] [EOH] TRANSFER_RESULT Helium source=1 target=3 amount=32768000 ok=true value=true extra=32768000 before=128000000/0
[2022-10-22 09:40:08] [INFO] [EOH] Передано Helium: 32768000L
[2022-10-22 09:42:25] [INFO] [EOH] TRANSFER_RESULT Hydrogen source=0 target=3 amount=32768000 ok=true value=true extra=32768000 before=128000000/0
[2022-10-22 09:42:25] [INFO] [EOH] Передано Hydrogen: 32768000L
[2022-10-22 09:44:34] [INFO] [EOH] TRANSFER_RESULT Helium source=1 target=3 amount=32768000 ok=true value=true extra=32768000 before=128000000/0
[2022-10-22 09:44:34] [INFO] [EOH] Передано Helium: 32768000L
[2022-10-22 09:46:51] [INFO] [EOH] TRANSFER_RESULT Hydrogen source=0 target=3 amount=32768000 ok=true value=true extra=32768000 before=128000000/0
[2022-10-22 09:46:51] [INFO] [EOH] Передано Hydrogen: 32768000L
[2022-10-22 09:49:01] [INFO] [EOH] TRANSFER_RESULT Helium source=1 target=3 amount=32768000 ok=true value=true extra=32768000 before=128000000/0
[2022-10-22 09:49:01] [INFO] [EOH] Передано Helium: 32768000L
[2022-10-22 09:51:18] [INFO] [EOH] TRANSFER_RESULT Hydrogen source=0 target=3 amount=32768000 ok=true value=true extra=32768000 before=128000000/0
[2022-10-22 09:51:18] [INFO] [EOH] Передано Hydrogen: 32768000L
[2022-10-22 09:53:27] [INFO] [EOH] TRANSFER_RESULT Helium source=1 target=3 amount=32768000 ok=true value=true extra=32768000 before=128000000/0
[2022-10-22 09:53:27] [INFO] [EOH] Передано Helium: 32768000L
[2022-10-22 09:55:44] [INFO] [EOH] TRANSFER_RESULT Hydrogen source=0 target=3 amount=32768000 ok=true value=true extra=32768000 before=128000000/0
[2022-10-22 09:55:44] [INFO] [EOH] Передано Hydrogen: 32768000L
[2022-10-22 09:57:54] [INFO] [EOH] TRANSFER_RESULT Helium source=1 target=3 amount=32768000 ok=true value=true extra=32768000 before=128000000/0
[2022-10-22 09:57:54] [INFO] [EOH] Передано Helium: 32768000L
[2022-10-22 10:00:10] [INFO] [EOH] TRANSFER_RESULT Hydrogen source=0 target=3 amount=32768000 ok=true value=true extra=32768000 before=128000000/0
[2022-10-22 10:00:10] [INFO] [EOH] Передано Hydrogen: 32768000L
[2022-10-22 10:02:20] [INFO] [EOH] TRANSFER_RESULT Helium source=1 target=3 amount=32768000 ok=true value=true extra=32768000 before=128000000/0
[2022-10-22 10:02:20] [INFO] [EOH] Передано Helium: 32768000L
[2022-10-22 10:04:37] [INFO] [EOH] TRANSFER_RESULT Hydrogen source=0 target=3 amount=32768000 ok=true value=true extra=32768000 before=128000000/0
[2022-10-22 10:04:37] [INFO] [EOH] Передано Hydrogen: 32768000L
[2022-10-22 10:06:46] [INFO] [EOH] TRANSFER_RESULT Helium source=1 target=3 amount=32768000 ok=true value=true extra=32768000 before=128000000/0
[2022-10-22 10:06:46] [INFO] [EOH] Передано Helium: 32768000L
[2022-10-22 10:09:03] [INFO] [EOH] TRANSFER_RESULT Hydrogen source=0 target=3 amount=32768000 ok=true value=true extra=32768000 before=128000000/0
[2022-10-22 10:09:03] [INFO] [EOH] Передано Hydrogen: 32768000L
[2022-10-22 10:11:13] [INFO] [EOH] TRANSFER_RESULT Helium source=1 target=3 amount=32768000 ok=true value=true extra=32768000 before=128000000/0
[2022-10-22 10:11:13] [INFO] [EOH] Передано Helium: 32768000L
[2022-10-22 10:13:30] [INFO] [EOH] TRANSFER_RESULT Hydrogen source=0 target=3 amount=32768000 ok=true value=true extra=32768000 before=128000000/0
[2022-10-22 10:13:30] [INFO] [EOH] Передано Hydrogen: 32768000L
[2022-10-22 10:15:39] [INFO] [EOH] TRANSFER_RESULT Helium source=1 target=3 amount=32768000 ok=true value=true extra=32768000 before=128000000/0
[2022-10-22 10:15:39] [INFO] [EOH] Передано Helium: 32768000L
[2022-10-22 10:17:52] [INFO] [EOH] TRANSFER_RESULT Hydrogen source=0 target=3 amount=32768000 ok=true value=true extra=32768000 before=128000000/0
[2022-10-22 10:17:52] [INFO] [EOH] Передано Hydrogen: 32768000L
[2022-10-22 10:20:02] [INFO] [EOH] TRANSFER_RESULT Helium source=1 target=3 amount=32768000 ok=true value=true extra=32768000 before=128000000/0
[2022-10-22 10:20:02] [INFO] [EOH] Передано Helium: 32768000L
[2022-10-22 10:22:22] [INFO] [EOH] TRANSFER_RESULT Hydrogen source=0 target=3 amount=32768000 ok=true value=true extra=32768000 before=128000000/0
[2022-10-22 10:22:22] [INFO] [EOH] Передано Hydrogen: 32768000L
[2022-10-22 10:24:32] [INFO] [EOH] TRANSFER_RESULT Helium source=1 target=3 amount=32768000 ok=true value=true extra=32768000 before=128000000/0
[2022-10-22 10:24:32] [INFO] [EOH] Передано Helium: 32768000L
[2022-10-22 10:26:45] [INFO] [EOH] TRANSFER_RESULT Hydrogen source=0 target=3 amount=32768000 ok=true value=true extra=32768000 before=128000000/0
[2022-10-22 10:26:45] [INFO] [EOH] Передано Hydrogen: 32768000L
[2022-10-22 10:28:55] [INFO] [EOH] TRANSFER_RESULT Helium source=1 target=3 amount=32768000 ok=true value=true extra=32768000 before=128000000/0
[2022-10-22 10:28:55] [INFO] [EOH] Передано Helium: 32768000L
[2022-10-22 10:31:15] [INFO] [EOH] TRANSFER_RESULT Hydrogen source=0 target=3 amount=32768000 ok=true value=true extra=32768000 before=128000000/0
[2022-10-22 10:31:15] [INFO] [EOH] Передано Hydrogen: 32768000L
[2022-10-22 10:33:25] [INFO] [EOH] TRANSFER_RESULT Helium source=1 target=3 amount=32768000 ok=true value=true extra=32768000 before=128000000/0
[2022-10-22 10:33:25] [INFO] [EOH] Передано Helium: 32768000L
[2022-10-22 10:35:42] [INFO] [EOH] TRANSFER_RESULT Hydrogen source=0 target=3 amount=32768000 ok=true value=true extra=32768000 before=128000000/0
[2022-10-22 10:35:42] [INFO] [EOH] Передано Hydrogen: 32768000L
[2022-10-22 10:37:51] [INFO] [EOH] TRANSFER_RESULT Helium source=1 target=3 amount=32768000 ok=true value=true extra=32768000 before=128000000/0
[2022-10-22 10:37:51] [INFO] [EOH] Передано Helium: 32768000L
[2022-10-22 10:40:08] [INFO] [EOH] TRANSFER_RESULT Hydrogen source=0 target=3 amount=32768000 ok=true value=true extra=32768000 before=128000000/0
[2022-10-22 10:40:08] [INFO] [EOH] Передано Hydrogen: 32768000L
[2022-10-22 10:42:18] [INFO] [EOH] TRANSFER_RESULT Helium source=1 target=3 amount=32768000 ok=true value=true extra=32768000 before=128000000/0
[2022-10-22 10:42:18] [INFO] [EOH] Передано Helium: 32768000L
[2022-10-22 10:44:38] [INFO] [EOH] TRANSFER_RESULT Hydrogen source=0 target=3 amount=32768000 ok=true value=true extra=32768000 before=128000000/0
[2022-10-22 10:44:38] [INFO] [EOH] Передано Hydrogen: 32768000L
[2022-10-22 10:46:48] [INFO] [EOH] TRANSFER_RESULT Helium source=1 target=3 amount=32768000 ok=true value=true extra=32768000 before=128000000/0
[2022-10-22 10:46:48] [INFO] [EOH] Передано Helium: 32768000L
[2022-10-22 10:48:10] [INFO] [EOH] TRANSFER_RESULT Hydrogen source=0 target=3 amount=16960000.0 ok=true value=true extra=16960000 before=128000000/0
[2022-10-22 10:48:10] [INFO] [EOH] Передано Hydrogen: 16960000L
[2022-10-22 10:49:26] [INFO] [EOH] TRANSFER_RESULT Helium source=1 target=3 amount=16960000.0 ok=true value=true extra=16960000 before=128000000/0
[2022-10-22 10:49:26] [INFO] [EOH] Передано Helium: 16960000L
[2022-10-22 10:49:37] [INFO] [EOH] Рецепт запущен
[2022-10-22 10:49:37] [INFO] [EOH] Ожидание завершения...
[2022-10-22 10:56:52] [ERROR] [EOH] Completion wait failed: EOH did not become active after enabling work
[2022-10-22 16:00:36] [INFO] [EOH] Production Mode: тир 7
[2022-10-22 16:00:36] [INFO] [EOH] Запуск рецепта: тир 7, AA: false
[2022-10-22 16:01:22] [INFO] [EOH] TRANSFER Hydrogen addr=d9855f4b-3a94-4684-9503-4c65b815601d sources=0 target=3 requested=1000000000.0
[2022-10-22 16:03:32] [INFO] [EOH] TRANSFER_RESULT Hydrogen source=0 target=3 amount=32768000 ok=true value=true extra=32768000 before=128000000/0
[2022-10-22 16:03:32] [INFO] [EOH] Передано Hydrogen: 32768000L
[2022-10-22 16:04:15] [INFO] [EOH] TRANSFER Helium addr=77817939-e5e5-47e3-a26f-b0613c4df0d5 sources=1 target=3 requested=1000000000.0
[2022-10-22 16:06:25] [INFO] [EOH] TRANSFER_RESULT Helium source=1 target=3 amount=32768000 ok=true value=true extra=32768000 before=128000000/0
[2022-10-22 16:06:25] [INFO] [EOH] Передано Helium: 32768000L
[2022-10-22 16:08:42] [INFO] [EOH] TRANSFER_RESULT Hydrogen source=0 target=3 amount=32768000 ok=true value=true extra=32768000 before=128000000/0
[2022-10-22 16:08:42] [INFO] [EOH] Передано Hydrogen: 32768000L
[2022-10-22 16:10:51] [INFO] [EOH] TRANSFER_RESULT Helium source=1 target=3 amount=32768000 ok=true value=true extra=32768000 before=128000000/0
[2022-10-22 16:10:51] [INFO] [EOH] Передано Helium: 32768000L
[2022-10-22 16:13:08] [INFO] [EOH] TRANSFER_RESULT Hydrogen source=0 target=3 amount=32768000 ok=true value=true extra=32768000 before=128000000/0
[2022-10-22 16:13:08] [INFO] [EOH] Передано Hydrogen: 32768000L
[2022-10-22 16:15:18] [INFO] [EOH] TRANSFER_RESULT Helium source=1 target=3 amount=32768000 ok=true value=true extra=32768000 before=128000000/0
[2022-10-22 16:15:18] [INFO] [EOH] Передано Helium: 32768000L
[2022-10-22 16:17:34] [INFO] [EOH] TRANSFER_RESULT Hydrogen source=0 target=3 amount=32768000 ok=true value=true extra=32768000 before=128000000/0
[2022-10-22 16:17:34] [INFO] [EOH] Передано Hydrogen: 32768000L
[2022-10-22 16:19:44] [INFO] [EOH] TRANSFER_RESULT Helium source=1 target=3 amount=32768000 ok=true value=true extra=32768000 before=128000000/0
[2022-10-22 16:19:44] [INFO] [EOH] Передано Helium: 32768000L
[2022-10-22 16:22:04] [INFO] [EOH] TRANSFER_RESULT Hydrogen source=0 target=3 amount=32768000 ok=true value=true extra=32768000 before=128000000/0
[2022-10-22 16:22:04] [INFO] [EOH] Передано Hydrogen: 32768000L
[2022-10-22 16:24:14] [INFO] [EOH] TRANSFER_RESULT Helium source=1 target=3 amount=32768000 ok=true value=true extra=32768000 before=128000000/0
[2022-10-22 16:24:14] [INFO] [EOH] Передано Helium: 32768000L
[2022-10-22 16:26:31] [INFO] [EOH] TRANSFER_RESULT Hydrogen source=0 target=3 amount=32768000 ok=true value=true extra=32768000 before=128000000/0
[2022-10-22 16:26:31] [INFO] [EOH] Передано Hydrogen: 32768000L
[2022-10-22 16:28:40] [INFO] [EOH] TRANSFER_RESULT Helium source=1 target=3 amount=32768000 ok=true value=true extra=32768000 before=128000000/0
[2022-10-22 16:28:40] [INFO] [EOH] Передано Helium: 32768000L
[2022-10-22 16:30:57] [INFO] [EOH] TRANSFER_RESULT Hydrogen source=0 target=3 amount=32768000 ok=true value=true extra=32768000 before=128000000/0
[2022-10-22 16:30:57] [INFO] [EOH] Передано Hydrogen: 32768000L
[2022-10-22 16:33:07] [INFO] [EOH] TRANSFER_RESULT Helium source=1 target=3 amount=32768000 ok=true value=true extra=32768000 before=128000000/0
[2022-10-22 16:33:07] [INFO] [EOH] Передано Helium: 32768000L
[2022-10-22 16:35:24] [INFO] [EOH] TRANSFER_RESULT Hydrogen source=0 target=3 amount=32768000 ok=true value=true extra=32768000 before=128000000/0
[2022-10-22 16:35:24] [INFO] [EOH] Передано Hydrogen: 32768000L
[2022-10-22 16:37:33] [INFO] [EOH] TRANSFER_RESULT Helium source=1 target=3 amount=32768000 ok=true value=true extra=32768000 before=128000000/0
[2022-10-22 16:37:33] [INFO] [EOH] Передано Helium: 32768000L
[2022-10-22 16:39:50] [INFO] [EOH] TRANSFER_RESULT Hydrogen source=0 target=3 amount=32768000 ok=true value=true extra=32768000 before=128000000/0
[2022-10-22 16:39:50] [INFO] [EOH] Передано Hydrogen: 32768000L
[2022-10-22 16:42:00] [INFO] [EOH] TRANSFER_RESULT Helium source=1 target=3 amount=32768000 ok=true value=true extra=32768000 before=128000000/0
[2022-10-22 16:42:00] [INFO] [EOH] Передано Helium: 32768000L
[2022-10-22 16:44:16] [INFO] [EOH] TRANSFER_RESULT Hydrogen source=0 target=3 amount=32768000 ok=true value=true extra=32768000 before=128000000/0
[2022-10-22 16:44:16] [INFO] [EOH] Передано Hydrogen: 32768000L
[2022-10-22 16:46:26] [INFO] [EOH] TRANSFER_RESULT Helium source=1 target=3 amount=32768000 ok=true value=true extra=32768000 before=128000000/0
[2022-10-22 16:46:26] [INFO] [EOH] Передано Helium: 32768000L
[2022-10-22 16:48:46] [INFO] [EOH] TRANSFER_RESULT Hydrogen source=0 target=3 amount=32768000 ok=true value=true extra=32768000 before=128000000/0
[2022-10-22 16:48:46] [INFO] [EOH] Передано Hydrogen: 32768000L
[2022-10-22 16:50:56] [INFO] [EOH] TRANSFER_RESULT Helium source=1 target=3 amount=32768000 ok=true value=true extra=32768000 before=128000000/0
[2022-10-22 16:50:56] [INFO] [EOH] Передано Helium: 32768000L
[2022-10-22 16:53:13] [INFO] [EOH] TRANSFER_RESULT Hydrogen source=0 target=3 amount=32768000 ok=true value=true extra=32768000 before=128000000/0
[2022-10-22 16:53:13] [INFO] [EOH] Передано Hydrogen: 32768000L
[2022-10-22 16:55:22] [INFO] [EOH] TRANSFER_RESULT Helium source=1 target=3 amount=32768000 ok=true value=true extra=32768000 before=128000000/0
[2022-10-22 16:55:22] [INFO] [EOH] Передано Helium: 32768000L
[2022-10-22 16:57:46] [INFO] [EOH] TRANSFER_RESULT Hydrogen source=0 target=3 amount=32768000 ok=true value=true extra=32768000 before=128000000/0
[2022-10-22 16:57:46] [INFO] [EOH] Передано Hydrogen: 32768000L
[2022-10-22 16:59:56] [INFO] [EOH] TRANSFER_RESULT Helium source=1 target=3 amount=32768000 ok=true value=true extra=32768000 before=128000000/0
[2022-10-22 16:59:56] [INFO] [EOH] Передано Helium: 32768000L
[2022-10-22 17:02:13] [INFO] [EOH] TRANSFER_RESULT Hydrogen source=0 target=3 amount=32768000 ok=true value=true extra=32768000 before=128000000/0
[2022-10-22 17:02:13] [INFO] [EOH] Передано Hydrogen: 32768000L
[2022-10-22 17:04:22] [INFO] [EOH] TRANSFER_RESULT Helium source=1 target=3 amount=32768000 ok=true value=true extra=32768000 before=128000000/0
[2022-10-22 17:04:22] [INFO] [EOH] Передано Helium: 32768000L
[2022-10-22 17:06:43] [INFO] [EOH] TRANSFER_RESULT Hydrogen source=0 target=3 amount=32768000 ok=true value=true extra=32768000 before=128000000/0
[2022-10-22 17:06:43] [INFO] [EOH] Передано Hydrogen: 32768000L
[2022-10-22 17:08:52] [INFO] [EOH] TRANSFER_RESULT Helium source=1 target=3 amount=32768000 ok=true value=true extra=32768000 before=128000000/0
[2022-10-22 17:08:56] [INFO] [EOH] Передано Helium: 32768000L
[2022-10-22 17:11:09] [INFO] [EOH] TRANSFER_RESULT Hydrogen source=0 target=3 amount=32768000 ok=true value=true extra=32768000 before=128000000/0
[2022-10-22 17:11:09] [INFO] [EOH] Передано Hydrogen: 32768000L
[2022-10-22 17:13:19] [INFO] [EOH] TRANSFER_RESULT Helium source=1 target=3 amount=32768000 ok=true value=true extra=32768000 before=128000000/0
[2022-10-22 17:13:19] [INFO] [EOH] Передано Helium: 32768000L
[2022-10-22 17:15:39] [INFO] [EOH] TRANSFER_RESULT Hydrogen source=0 target=3 amount=32768000 ok=true value=true extra=32768000 before=128000000/0
[2022-10-22 17:15:39] [INFO] [EOH] Передано Hydrogen: 32768000L
[2022-10-22 17:17:49] [INFO] [EOH] TRANSFER_RESULT Helium source=1 target=3 amount=32768000 ok=true value=true extra=32768000 before=128000000/0
[2022-10-22 17:17:49] [INFO] [EOH] Передано Helium: 32768000L
[2022-10-22 17:20:06] [INFO] [EOH] TRANSFER_RESULT Hydrogen source=0 target=3 amount=32768000 ok=true value=true extra=32768000 before=128000000/0
[2022-10-22 17:20:06] [INFO] [EOH] Передано Hydrogen: 32768000L
[2022-10-22 17:22:15] [INFO] [EOH] TRANSFER_RESULT Helium source=1 target=3 amount=32768000 ok=true value=true extra=32768000 before=128000000/0
[2022-10-22 17:22:15] [INFO] [EOH] Передано Helium: 32768000L
[2022-10-22 17:24:36] [INFO] [EOH] TRANSFER_RESULT Hydrogen source=0 target=3 amount=32768000 ok=true value=true extra=32768000 before=128000000/0
[2022-10-22 17:24:36] [INFO] [EOH] Передано Hydrogen: 32768000L
[2022-10-22 17:26:45] [INFO] [EOH] TRANSFER_RESULT Helium source=1 target=3 amount=32768000 ok=true value=true extra=32768000 before=128000000/0
[2022-10-22 17:26:45] [INFO] [EOH] Передано Helium: 32768000L
[2022-10-22 17:29:02] [INFO] [EOH] TRANSFER_RESULT Hydrogen source=0 target=3 amount=32768000 ok=true value=true extra=32768000 before=128000000/0
[2022-10-22 17:29:02] [INFO] [EOH] Передано Hydrogen: 32768000L
[2022-10-22 17:31:12] [INFO] [EOH] TRANSFER_RESULT Helium source=1 target=3 amount=32768000 ok=true value=true extra=32768000 before=128000000/0
[2022-10-22 17:31:12] [INFO] [EOH] Передано Helium: 32768000L
[2022-10-22 17:33:28] [INFO] [EOH] TRANSFER_RESULT Hydrogen source=0 target=3 amount=32768000 ok=true value=true extra=32768000 before=128000000/0
[2022-10-22 17:33:28] [INFO] [EOH] Передано Hydrogen: 32768000L
[2022-10-22 17:35:38] [INFO] [EOH] TRANSFER_RESULT Helium source=1 target=3 amount=32768000 ok=true value=true extra=32768000 before=128000000/0
[2022-10-22 17:35:38] [INFO] [EOH] Передано Helium: 32768000L
[2022-10-22 17:38:02] [INFO] [EOH] TRANSFER_RESULT Hydrogen source=0 target=3 amount=32768000 ok=true value=true extra=32768000 before=128000000/0
[2022-10-22 17:38:06] [INFO] [EOH] Передано Hydrogen: 32768000L
[2022-10-22 17:40:15] [INFO] [EOH] TRANSFER_RESULT Helium source=1 target=3 amount=32768000 ok=true value=true extra=32768000 before=128000000/0
[2022-10-22 17:40:15] [INFO] [EOH] Передано Helium: 32768000L
[2022-10-22 17:42:39] [INFO] [EOH] TRANSFER_RESULT Hydrogen source=0 target=3 amount=32768000 ok=true value=true extra=32768000 before=128000000/0
[2022-10-22 17:42:39] [INFO] [EOH] Передано Hydrogen: 32768000L
[2022-10-22 17:44:49] [INFO] [EOH] TRANSFER_RESULT Helium source=1 target=3 amount=32768000 ok=true value=true extra=32768000 before=128000000/0
[2022-10-22 17:44:49] [INFO] [EOH] Передано Helium: 32768000L
[2022-10-22 17:47:06] [INFO] [EOH] TRANSFER_RESULT Hydrogen source=0 target=3 amount=32768000 ok=true value=true extra=32768000 before=128000000/0
[2022-10-22 17:47:06] [INFO] [EOH] Передано Hydrogen: 32768000L
[2022-10-22 17:49:19] [INFO] [EOH] TRANSFER_RESULT Helium source=1 target=3 amount=32768000 ok=true value=true extra=32768000 before=128000000/0
[2022-10-22 17:49:19] [INFO] [EOH] Передано Helium: 32768000L
[2022-10-22 17:51:36] [INFO] [EOH] TRANSFER_RESULT Hydrogen source=0 target=3 amount=32768000 ok=true value=true extra=32768000 before=128000000/0
[2022-10-22 17:51:36] [INFO] [EOH] Передано Hydrogen: 32768000L
[2022-10-22 17:53:45] [INFO] [EOH] TRANSFER_RESULT Helium source=1 target=3 amount=32768000 ok=true value=true extra=32768000 before=128000000/0
[2022-10-22 17:53:45] [INFO] [EOH] Передано Helium: 32768000L
[2022-10-22 17:56:06] [INFO] [EOH] TRANSFER_RESULT Hydrogen source=0 target=3 amount=32768000 ok=true value=true extra=32768000 before=128000000/0
[2022-10-22 17:56:06] [INFO] [EOH] Передано Hydrogen: 32768000L
[2022-10-22 17:58:15] [INFO] [EOH] TRANSFER_RESULT Helium source=1 target=3 amount=32768000 ok=true value=true extra=32768000 before=128000000/0
[2022-10-22 17:58:15] [INFO] [EOH] Передано Helium: 32768000L
[2022-10-22 18:00:32] [INFO] [EOH] TRANSFER_RESULT Hydrogen source=0 target=3 amount=32768000 ok=true value=true extra=32768000 before=128000000/0
[2022-10-22 18:00:32] [INFO] [EOH] Передано Hydrogen: 32768000L
[2022-10-22 18:02:42] [INFO] [EOH] TRANSFER_RESULT Helium source=1 target=3 amount=32768000 ok=true value=true extra=32768000 before=128000000/0
[2022-10-22 18:02:42] [INFO] [EOH] Передано Helium: 32768000L
[2022-10-22 18:04:58] [INFO] [EOH] TRANSFER_RESULT Hydrogen source=0 target=3 amount=32768000 ok=true value=true extra=32768000 before=128000000/0
[2022-10-22 18:04:58] [INFO] [EOH] Передано Hydrogen: 32768000L
[2022-10-22 18:07:08] [INFO] [EOH] TRANSFER_RESULT Helium source=1 target=3 amount=32768000 ok=true value=true extra=32768000 before=128000000/0
[2022-10-22 18:07:08] [INFO] [EOH] Передано Helium: 32768000L
[2022-10-22 18:09:25] [INFO] [EOH] TRANSFER_RESULT Hydrogen source=0 target=3 amount=32768000 ok=true value=true extra=32768000 before=128000000/0
[2022-10-22 18:09:25] [INFO] [EOH] Передано Hydrogen: 32768000L
[2022-10-22 18:11:34] [INFO] [EOH] TRANSFER_RESULT Helium source=1 target=3 amount=32768000 ok=true value=true extra=32768000 before=128000000/0
[2022-10-22 18:11:34] [INFO] [EOH] Передано Helium: 32768000L
[2022-10-22 18:13:55] [INFO] [EOH] TRANSFER_RESULT Hydrogen source=0 target=3 amount=32768000 ok=true value=true extra=32768000 before=128000000/0
[2022-10-22 18:13:55] [INFO] [EOH] Передано Hydrogen: 32768000L
[2022-10-22 18:16:04] [INFO] [EOH] TRANSFER_RESULT Helium source=1 target=3 amount=32768000 ok=true value=true extra=32768000 before=128000000/0
[2022-10-22 18:16:04] [INFO] [EOH] Передано Helium: 32768000L
[2022-10-22 18:17:31] [INFO] [EOH] TRANSFER_RESULT Hydrogen source=0 target=3 amount=16960000.0 ok=true value=true extra=16960000 before=128000000/0
[2022-10-22 18:17:31] [INFO] [EOH] Передано Hydrogen: 16960000L
[2022-10-22 18:18:46] [INFO] [EOH] TRANSFER_RESULT Helium source=1 target=3 amount=16960000.0 ok=true value=true extra=16960000 before=128000000/0
[2022-10-22 18:18:46] [INFO] [EOH] Передано Helium: 16960000L
[2022-10-22 18:18:57] [INFO] [EOH] Рецепт запущен
[2022-10-22 18:18:57] [INFO] [EOH] Ожидание завершения...
[2022-10-22 19:52:22] [INFO] [EOH] Поиск компонентов...
[2022-10-22 19:52:22] [DEBUG] [EOH] gt_machine: gt_machine [b67a94bf-5d84-4187-8ba4-ac7d1749831b]
[2022-10-22 19:52:22] [DEBUG] [EOH] gt_machine: gt_machine [d80ef108-4099-4350-9e29-6366ba31c7ea]
[2022-10-22 19:53:13] [INFO] [EOH] Найден транспозер: 77817939-e5e5-47e3-a26f-b0613c4df0d5, capacity=128000000, fluid=helium
[2022-10-22 19:54:00] [INFO] [EOH] Найден транспозер: d9855f4b-3a94-4684-9503-4c65b815601d, capacity=128000000, fluid=hydrogen
[2022-10-22 19:54:46] [INFO] [EOH] Найден транспозер: 1f2235f4-e1c1-4a0b-bdc1-c6ef0884a88c, capacity=128000000, fluid=helium
[2022-10-22 19:55:33] [INFO] [EOH] Найден транспозер: ec79567c-cac0-4df5-ae92-899252adaef9, capacity=128000000, fluid=hydrogen
[2022-10-22 19:55:37] [ERROR] [EOH] Контроллер EOH не найден!
[2022-10-22 19:55:37] [ERROR] [EOH] Completion wait failed: Controller not found
[2022-10-22 20:09:39] [INFO] [EOH] Поиск компонентов...
[2022-10-22 20:09:39] [DEBUG] [EOH] gt_machine: gt_machine [b67a94bf-5d84-4187-8ba4-ac7d1749831b]
[2022-10-22 20:09:39] [DEBUG] [EOH] gt_machine: gt_machine [d80ef108-4099-4350-9e29-6366ba31c7ea]
[2022-10-22 20:10:33] [INFO] [EOH] Найден транспозер: 77817939-e5e5-47e3-a26f-b0613c4df0d5, capacity=128000000, fluid=helium
[2022-10-22 20:11:20] [INFO] [EOH] Найден транспозер: d9855f4b-3a94-4684-9503-4c65b815601d, capacity=128000000, fluid=hydrogen
[2022-10-22 20:12:07] [INFO] [EOH] Найден транспозер: 1f2235f4-e1c1-4a0b-bdc1-c6ef0884a88c, capacity=128000000, fluid=helium
[2022-10-22 20:12:54] [INFO] [EOH] Найден транспозер: ec79567c-cac0-4df5-ae92-899252adaef9, capacity=128000000, fluid=hydrogen
[2022-10-22 20:12:54] [ERROR] [EOH] Контроллер EOH не найден!
[2022-10-23 02:51:43] [INFO] [EOH] Production Mode: тир 7
[2022-10-23 02:51:43] [INFO] [EOH] Запуск рецепта: тир 7, AA: false
[2022-10-23 02:52:30] [INFO] [EOH] TRANSFER Hydrogen addr=d9855f4b-3a94-4684-9503-4c65b815601d sources=0 target=3 requested=8000000000.0
[2022-10-23 02:54:39] [INFO] [EOH] TRANSFER_RESULT Hydrogen source=0 target=3 amount=32768000 ok=true value=true extra=32768000 before=128000000/0
[2022-10-23 02:54:39] [INFO] [EOH] Передано Hydrogen: 32768000L
[2022-10-23 02:55:22] [INFO] [EOH] TRANSFER Helium addr=77817939-e5e5-47e3-a26f-b0613c4df0d5 sources=1 target=3 requested=8000000000.0
[2022-10-23 02:57:32] [INFO] [EOH] TRANSFER_RESULT Helium source=1 target=3 amount=32768000 ok=true value=true extra=32768000 before=128000000/0
[2022-10-23 02:57:32] [INFO] [EOH] Передано Helium: 32768000L
[2022-10-23 02:59:49] [INFO] [EOH] TRANSFER_RESULT Hydrogen source=0 target=3 amount=32768000 ok=true value=true extra=32768000 before=128000000/0
[2022-10-23 02:59:52] [INFO] [EOH] Передано Hydrogen: 32768000L
[2022-10-23 03:02:02] [INFO] [EOH] TRANSFER_RESULT Helium source=1 target=3 amount=32768000 ok=true value=true extra=32768000 before=128000000/0
[2022-10-23 03:02:02] [INFO] [EOH] Передано Helium: 32768000L
[2022-10-23 03:04:19] [INFO] [EOH] TRANSFER_RESULT Hydrogen source=0 target=3 amount=32768000 ok=true value=true extra=32768000 before=128000000/0
[2022-10-23 03:04:19] [INFO] [EOH] Передано Hydrogen: 32768000L
[2022-10-23 03:06:28] [INFO] [EOH] TRANSFER_RESULT Helium source=1 target=3 amount=32768000 ok=true value=true extra=32768000 before=128000000/0
[2022-10-23 03:06:28] [INFO] [EOH] Передано Helium: 32768000L
[2022-10-23 03:08:52] [INFO] [EOH] TRANSFER_RESULT Hydrogen source=0 target=3 amount=32768000 ok=true value=true extra=32768000 before=128000000/0
[2022-10-23 03:08:52] [INFO] [EOH] Передано Hydrogen: 32768000L
[2022-10-23 03:11:02] [INFO] [EOH] TRANSFER_RESULT Helium source=1 target=3 amount=32768000 ok=true value=true extra=32768000 before=128000000/0
[2022-10-23 03:11:02] [INFO] [EOH] Передано Helium: 32768000L
[2022-10-23 03:13:19] [INFO] [EOH] TRANSFER_RESULT Hydrogen source=0 target=3 amount=32768000 ok=true value=true extra=32768000 before=128000000/0
[2022-10-23 03:13:19] [INFO] [EOH] Передано Hydrogen: 32768000L
[2022-10-23 03:15:28] [INFO] [EOH] TRANSFER_RESULT Helium source=1 target=3 amount=32768000 ok=true value=true extra=32768000 before=128000000/0
[2022-10-23 03:15:28] [INFO] [EOH] Передано Helium: 32768000L
[2022-10-23 03:17:45] [INFO] [EOH] TRANSFER_RESULT Hydrogen source=0 target=3 amount=32768000 ok=true value=true extra=32768000 before=128000000/0
[2022-10-23 03:17:45] [INFO] [EOH] Передано Hydrogen: 32768000L
[2022-10-23 03:19:55] [INFO] [EOH] TRANSFER_RESULT Helium source=1 target=3 amount=32768000 ok=true value=true extra=32768000 before=128000000/0
[2022-10-23 03:19:55] [INFO] [EOH] Передано Helium: 32768000L
[2022-10-23 03:22:15] [INFO] [EOH] TRANSFER_RESULT Hydrogen source=0 target=3 amount=32768000 ok=true value=true extra=32768000 before=128000000/0
[2022-10-23 03:22:19] [INFO] [EOH] Передано Hydrogen: 32768000L
[2022-10-23 03:24:28] [INFO] [EOH] TRANSFER_RESULT Helium source=1 target=3 amount=32768000 ok=true value=true extra=32768000 before=128000000/0
[2022-10-23 03:24:28] [INFO] [EOH] Передано Helium: 32768000L
[2022-10-23 03:26:45] [INFO] [EOH] TRANSFER_RESULT Hydrogen source=0 target=3 amount=32768000 ok=true value=true extra=32768000 before=128000000/0
[2022-10-23 03:26:45] [INFO] [EOH] Передано Hydrogen: 32768000L
[2022-10-23 03:28:55] [INFO] [EOH] TRANSFER_RESULT Helium source=1 target=3 amount=32768000 ok=true value=true extra=32768000 before=128000000/0
[2022-10-23 03:28:55] [INFO] [EOH] Передано Helium: 32768000L
[2022-10-23 03:31:19] [INFO] [EOH] TRANSFER_RESULT Hydrogen source=0 target=3 amount=32768000 ok=true value=true extra=32768000 before=128000000/0
[2022-10-23 03:31:19] [INFO] [EOH] Передано Hydrogen: 32768000L
[2022-10-23 03:33:28] [INFO] [EOH] TRANSFER_RESULT Helium source=1 target=3 amount=32768000 ok=true value=true extra=32768000 before=128000000/0
[2022-10-23 03:33:28] [INFO] [EOH] Передано Helium: 32768000L
[2022-10-23 03:35:45] [INFO] [EOH] TRANSFER_RESULT Hydrogen source=0 target=3 amount=32768000 ok=true value=true extra=32768000 before=128000000/0
[2022-10-23 03:35:49] [INFO] [EOH] Передано Hydrogen: 32768000L
[2022-10-23 03:37:58] [INFO] [EOH] TRANSFER_RESULT Helium source=1 target=3 amount=32768000 ok=true value=true extra=32768000 before=128000000/0
[2022-10-23 03:38:02] [INFO] [EOH] Передано Helium: 32768000L
[2022-10-23 03:40:15] [INFO] [EOH] TRANSFER_RESULT Hydrogen source=0 target=3 amount=32768000 ok=true value=true extra=32768000 before=128000000/0
[2022-10-23 03:40:15] [INFO] [EOH] Передано Hydrogen: 32768000L
[2022-10-23 03:42:25] [INFO] [EOH] TRANSFER_RESULT Helium source=1 target=3 amount=32768000 ok=true value=true extra=32768000 before=128000000/0
[2022-10-23 03:42:28] [INFO] [EOH] Передано Helium: 32768000L
[2022-10-23 03:44:45] [INFO] [EOH] TRANSFER_RESULT Hydrogen source=0 target=3 amount=32768000 ok=true value=true extra=32768000 before=128000000/0
[2022-10-23 03:44:45] [INFO] [EOH] Передано Hydrogen: 32768000L
[2022-10-23 03:46:55] [INFO] [EOH] TRANSFER_RESULT Helium source=1 target=3 amount=32768000 ok=true value=true extra=32768000 before=128000000/0
[2022-10-23 03:46:55] [INFO] [EOH] Передано Helium: 32768000L
[2022-10-23 03:49:12] [INFO] [EOH] TRANSFER_RESULT Hydrogen source=0 target=3 amount=32768000 ok=true value=true extra=32768000 before=128000000/0
[2022-10-23 03:49:12] [INFO] [EOH] Передано Hydrogen: 32768000L
[2022-10-23 03:51:21] [INFO] [EOH] TRANSFER_RESULT Helium source=1 target=3 amount=32768000 ok=true value=true extra=32768000 before=128000000/0
[2022-10-23 03:51:25] [INFO] [EOH] Передано Helium: 32768000L
[2022-10-23 03:53:38] [INFO] [EOH] TRANSFER_RESULT Hydrogen source=0 target=3 amount=32768000 ok=true value=true extra=32768000 before=128000000/0
[2022-10-23 03:53:38] [INFO] [EOH] Передано Hydrogen: 32768000L
[2022-10-23 03:55:48] [INFO] [EOH] TRANSFER_RESULT Helium source=1 target=3 amount=32768000 ok=true value=true extra=32768000 before=128000000/0
[2022-10-23 03:55:48] [INFO] [EOH] Передано Helium: 32768000L
[2022-10-23 03:58:08] [INFO] [EOH] TRANSFER_RESULT Hydrogen source=0 target=3 amount=32768000 ok=true value=true extra=32768000 before=128000000/0
[2022-10-23 03:58:08] [INFO] [EOH] Передано Hydrogen: 32768000L
[2022-10-23 04:00:18] [INFO] [EOH] TRANSFER_RESULT Helium source=1 target=3 amount=32768000 ok=true value=true extra=32768000 before=128000000/0
[2022-10-23 04:00:18] [INFO] [EOH] Передано Helium: 32768000L
[2022-10-23 04:02:34] [INFO] [EOH] TRANSFER_RESULT Hydrogen source=0 target=3 amount=32768000 ok=true value=true extra=32768000 before=128000000/0
[2022-10-23 04:02:34] [INFO] [EOH] Передано Hydrogen: 32768000L
[2022-10-23 04:04:44] [INFO] [EOH] TRANSFER_RESULT Helium source=1 target=3 amount=32768000 ok=true value=true extra=32768000 before=128000000/0
[2022-10-23 04:04:44] [INFO] [EOH] Передано Helium: 32768000L
[2022-10-23 04:07:01] [INFO] [EOH] TRANSFER_RESULT Hydrogen source=0 target=3 amount=32768000 ok=true value=true extra=32768000 before=128000000/0
[2022-10-23 04:07:01] [INFO] [EOH] Передано Hydrogen: 32768000L
[2022-10-23 04:09:10] [INFO] [EOH] TRANSFER_RESULT Helium source=1 target=3 amount=32768000 ok=true value=true extra=32768000 before=128000000/0
[2022-10-23 04:09:10] [INFO] [EOH] Передано Helium: 32768000L
[2022-10-23 04:09:10] [INFO] [EOH] Поиск компонентов...
[2022-10-23 04:09:14] [DEBUG] [EOH] gt_machine: gt_machine [b67a94bf-5d84-4187-8ba4-ac7d1749831b]
[2022-10-23 04:09:18] [DEBUG] [EOH] gt_machine: gt_machine [d80ef108-4099-4350-9e29-6366ba31c7ea]
[2022-10-23 04:10:12] [INFO] [EOH] Найден транспозер: d9855f4b-3a94-4684-9503-4c65b815601d, capacity=128000000, fluid=hydrogen
[2022-10-23 04:10:58] [INFO] [EOH] Найден транспозер: 1f2235f4-e1c1-4a0b-bdc1-c6ef0884a88c, capacity=128000000, fluid=helium
[2022-10-23 04:11:45] [INFO] [EOH] Найден транспозер: 77817939-e5e5-47e3-a26f-b0613c4df0d5, capacity=128000000, fluid=helium
[2022-10-23 04:12:32] [INFO] [EOH] Найден транспозер: ec79567c-cac0-4df5-ae92-899252adaef9, capacity=128000000, fluid=hydrogen
[2022-10-23 04:14:42] [INFO] [EOH] TRANSFER_RESULT Hydrogen source=0 target=3 amount=32768000 ok=true value=true extra=32768000 before=128000000/0
[2022-10-23 04:14:42] [INFO] [EOH] Передано Hydrogen: 32768000L
[2022-10-23 04:16:51] [INFO] [EOH] TRANSFER_RESULT Helium source=1 target=3 amount=32768000 ok=true value=true extra=32768000 before=128000000/0
[2022-10-23 04:16:51] [INFO] [EOH] Передано Helium: 32768000L
[2022-10-23 04:19:04] [INFO] [EOH] TRANSFER_RESULT Hydrogen source=0 target=3 amount=32768000 ok=true value=true extra=32768000 before=128000000/0
[2022-10-23 04:19:04] [INFO] [EOH] Передано Hydrogen: 32768000L
[2022-10-23 04:21:14] [INFO] [EOH] TRANSFER_RESULT Helium source=1 target=3 amount=32768000 ok=true value=true extra=32768000 before=128000000/0
[2022-10-23 04:21:18] [INFO] [EOH] Передано Helium: 32768000L
[2022-10-23 04:23:27] [INFO] [EOH] TRANSFER_RESULT Hydrogen source=0 target=3 amount=32768000 ok=true value=true extra=32768000 before=128000000/0
[2022-10-23 04:23:27] [INFO] [EOH] Передано Hydrogen: 32768000L
[2022-10-23 04:25:37] [INFO] [EOH] TRANSFER_RESULT Helium source=1 target=3 amount=32768000 ok=true value=true extra=32768000 before=128000000/0
[2022-10-23 04:25:37] [INFO] [EOH] Передано Helium: 32768000L
[2022-10-23 04:27:46] [INFO] [EOH] TRANSFER_RESULT Hydrogen source=0 target=3 amount=32768000 ok=true value=true extra=32768000 before=128000000/0
[2022-10-23 04:27:46] [INFO] [EOH] Передано Hydrogen: 32768000L
[2022-10-23 04:29:56] [INFO] [EOH] TRANSFER_RESULT Helium source=1 target=3 amount=32768000 ok=true value=true extra=32768000 before=128000000/0
[2022-10-23 04:29:56] [INFO] [EOH] Передано Helium: 32768000L
[2022-10-23 04:32:06] [INFO] [EOH] TRANSFER_RESULT Hydrogen source=0 target=3 amount=32768000 ok=true value=true extra=32768000 before=128000000/0
[2022-10-23 04:32:06] [INFO] [EOH] Передано Hydrogen: 32768000L
[2022-10-23 04:34:15] [INFO] [EOH] TRANSFER_RESULT Helium source=1 target=3 amount=32768000 ok=true value=true extra=32768000 before=128000000/0
[2022-10-23 04:34:15] [INFO] [EOH] Передано Helium: 32768000L
[2022-10-23 04:36:36] [INFO] [EOH] TRANSFER_RESULT Hydrogen source=0 target=3 amount=32768000 ok=true value=true extra=32768000 before=128000000/0
[2022-10-23 04:36:36] [INFO] [EOH] Передано Hydrogen: 32768000L
[2022-10-23 04:38:45] [INFO] [EOH] TRANSFER_RESULT Helium source=1 target=3 amount=32768000 ok=true value=true extra=32768000 before=128000000/0
[2022-10-23 04:38:45] [INFO] [EOH] Передано Helium: 32768000L
[2022-10-23 04:40:55] [INFO] [EOH] TRANSFER_RESULT Hydrogen source=0 target=3 amount=32768000 ok=true value=true extra=32768000 before=128000000/0
[2022-10-23 04:40:55] [INFO] [EOH] Передано Hydrogen: 32768000L
[2022-10-23 04:43:08] [INFO] [EOH] TRANSFER_RESULT Helium source=1 target=3 amount=32768000 ok=true value=true extra=32768000 before=128000000/0
[2022-10-23 04:43:08] [INFO] [EOH] Передано Helium: 32768000L
[2022-10-23 04:45:18] [INFO] [EOH] TRANSFER_RESULT Hydrogen source=0 target=3 amount=32768000 ok=true value=true extra=32768000 before=128000000/0
[2022-10-23 04:45:18] [INFO] [EOH] Передано Hydrogen: 32768000L
[2022-10-23 04:47:27] [INFO] [EOH] TRANSFER_RESULT Helium source=1 target=3 amount=32768000 ok=true value=true extra=32768000 before=128000000/0
[2022-10-23 04:47:27] [INFO] [EOH] Передано Helium: 32768000L
[2022-10-23 04:49:44] [INFO] [EOH] TRANSFER_RESULT Hydrogen source=0 target=3 amount=32768000 ok=true value=true extra=32768000 before=128000000/0
[2022-10-23 04:49:44] [INFO] [EOH] Передано Hydrogen: 32768000L
[2022-10-23 04:51:54] [INFO] [EOH] TRANSFER_RESULT Helium source=1 target=3 amount=32768000 ok=true value=true extra=32768000 before=128000000/0
[2022-10-23 04:51:54] [INFO] [EOH] Передано Helium: 32768000L
[2022-10-23 04:54:03] [INFO] [EOH] TRANSFER_RESULT Hydrogen source=0 target=3 amount=32768000 ok=true value=true extra=32768000 before=128000000/0
[2022-10-23 04:54:03] [INFO] [EOH] Передано Hydrogen: 32768000L
[2022-10-23 04:56:13] [INFO] [EOH] TRANSFER_RESULT Helium source=1 target=3 amount=32768000 ok=true value=true extra=32768000 before=128000000/0
[2022-10-23 04:56:13] [INFO] [EOH] Передано Helium: 32768000L
[2022-10-23 04:58:26] [INFO] [EOH] TRANSFER_RESULT Hydrogen source=0 target=3 amount=32768000 ok=true value=true extra=32768000 before=128000000/0
[2022-10-23 04:58:26] [INFO] [EOH] Передано Hydrogen: 32768000L
[2022-10-23 05:00:36] [INFO] [EOH] TRANSFER_RESULT Helium source=1 target=3 amount=32768000 ok=true value=true extra=32768000 before=128000000/0
[2022-10-23 05:00:36] [INFO] [EOH] Передано Helium: 32768000L
[2022-10-23 05:02:49] [INFO] [EOH] TRANSFER_RESULT Hydrogen source=0 target=3 amount=32768000 ok=true value=true extra=32768000 before=128000000/0
[2022-10-23 05:02:49] [INFO] [EOH] Передано Hydrogen: 32768000L
[2022-10-23 05:04:58] [INFO] [EOH] TRANSFER_RESULT Helium source=1 target=3 amount=32768000 ok=true value=true extra=32768000 before=128000000/0
[2022-10-23 05:04:58] [INFO] [EOH] Передано Helium: 32768000L
[2022-10-23 05:07:08] [INFO] [EOH] TRANSFER_RESULT Hydrogen source=0 target=3 amount=32768000 ok=true value=true extra=32768000 before=128000000/0
[2022-10-23 05:07:08] [INFO] [EOH] Передано Hydrogen: 32768000L
[2022-10-23 05:09:18] [INFO] [EOH] TRANSFER_RESULT Helium source=1 target=3 amount=32768000 ok=true value=true extra=32768000 before=128000000/0
[2022-10-23 05:09:18] [INFO] [EOH] Передано Helium: 32768000L
[2022-10-23 05:11:31] [INFO] [EOH] TRANSFER_RESULT Hydrogen source=0 target=3 amount=32768000 ok=true value=true extra=32768000 before=128000000/0
[2022-10-23 05:11:31] [INFO] [EOH] Передано Hydrogen: 32768000L
[2022-10-23 05:13:40] [INFO] [EOH] TRANSFER_RESULT Helium source=1 target=3 amount=32768000 ok=true value=true extra=32768000 before=128000000/0
[2022-10-23 05:13:40] [INFO] [EOH] Передано Helium: 32768000L
[2022-10-23 05:13:44] [INFO] [EOH] Production Mode: тир 3
[2022-10-23 05:13:44] [INFO] [EOH] Запуск рецепта: тир 3, AA: false
[2022-10-23 05:14:34] [INFO] [EOH] TRANSFER Hydrogen addr=ec79567c-cac0-4df5-ae92-899252adaef9 sources=0 target=3 requested=4000000000.0
[2022-10-23 05:16:44] [INFO] [EOH] TRANSFER_RESULT Hydrogen source=0 target=3 amount=32768000 ok=true value=true extra=32768000 before=128000000/0
[2022-10-23 05:16:44] [INFO] [EOH] Передано Hydrogen: 32768000L
[2022-10-23 05:17:31] [INFO] [EOH] TRANSFER Helium addr=1f2235f4-e1c1-4a0b-bdc1-c6ef0884a88c sources=1 target=3 requested=4000000000.0
[2022-10-23 05:19:40] [INFO] [EOH] TRANSFER_RESULT Helium source=1 target=3 amount=32768000 ok=true value=true extra=32768000 before=128000000/0
[2022-10-23 05:19:40] [INFO] [EOH] Передано Helium: 32768000L
[2022-10-23 05:21:50] [INFO] [EOH] TRANSFER_RESULT Hydrogen source=0 target=3 amount=32768000 ok=true value=true extra=32768000 before=128000000/0
[2022-10-23 05:21:50] [INFO] [EOH] Передано Hydrogen: 32768000L
[2022-10-23 05:24:00] [INFO] [EOH] TRANSFER_RESULT Helium source=1 target=3 amount=32768000 ok=true value=true extra=32768000 before=128000000/0
[2022-10-23 05:24:00] [INFO] [EOH] Передано Helium: 32768000L
[2022-10-23 05:26:13] [INFO] [EOH] TRANSFER_RESULT Hydrogen source=0 target=3 amount=32768000 ok=true value=true extra=32768000 before=95232000/0
[2022-10-23 05:26:13] [INFO] [EOH] Передано Hydrogen: 32768000L
[2022-10-23 05:28:22] [INFO] [EOH] TRANSFER_RESULT Helium source=1 target=3 amount=32768000 ok=true value=true extra=32768000 before=128000000/0
[2022-10-23 05:28:22] [INFO] [EOH] Передано Helium: 32768000L
[2022-10-23 05:30:32] [INFO] [EOH] TRANSFER_RESULT Hydrogen source=0 target=3 amount=32768000 ok=true value=true extra=32768000 before=128000000/0
[2022-10-23 05:30:32] [INFO] [EOH] Передано Hydrogen: 32768000L
[2022-10-23 05:32:42] [INFO] [EOH] TRANSFER_RESULT Helium source=1 target=3 amount=32768000 ok=true value=true extra=32768000 before=128000000/0
[2022-10-23 05:32:42] [INFO] [EOH] Передано Helium: 32768000L
[2022-10-23 05:34:51] [INFO] [EOH] TRANSFER_RESULT Hydrogen source=0 target=3 amount=32768000 ok=true value=true extra=32768000 before=62464000/0
[2022-10-23 05:34:51] [INFO] [EOH] Передано Hydrogen: 32768000L
[2022-10-23 05:37:04] [INFO] [EOH] TRANSFER_RESULT Helium source=1 target=3 amount=32768000 ok=true value=true extra=32768000 before=128000000/0
[2022-10-23 05:37:04] [INFO] [EOH] Передано Helium: 32768000L
[2022-10-23 05:39:21] [INFO] [EOH] TRANSFER_RESULT Hydrogen source=0 target=3 amount=32768000 ok=true value=true extra=32768000 before=128000000/0
[2022-10-23 05:39:21] [INFO] [EOH] Передано Hydrogen: 32768000L
[2022-10-23 05:41:34] [INFO] [EOH] TRANSFER_RESULT Helium source=1 target=3 amount=32768000 ok=true value=true extra=32768000 before=128000000/0
[2022-10-23 05:41:34] [INFO] [EOH] Передано Helium: 32768000L
[2022-10-23 05:43:33] [INFO] [EOH] TRANSFER_RESULT Hydrogen source=0 target=3 amount=32768000 ok=true value=true extra=29696000 before=29696000/0
[2022-10-23 05:43:33] [INFO] [EOH] Передано Hydrogen: 29696000L
[2022-10-23 05:45:43] [INFO] [EOH] TRANSFER_RESULT Helium source=1 target=3 amount=32768000 ok=true value=true extra=32768000 before=128000000/0
[2022-10-23 05:45:43] [INFO] [EOH] Передано Helium: 32768000L
[2022-10-23 05:48:03] [INFO] [EOH] TRANSFER_RESULT Hydrogen source=0 target=3 amount=32768000 ok=true value=true extra=32768000 before=128000000/0
[2022-10-23 05:48:03] [INFO] [EOH] Передано Hydrogen: 32768000L
[2022-10-23 05:50:13] [INFO] [EOH] TRANSFER_RESULT Helium source=1 target=3 amount=32768000 ok=true value=true extra=32768000 before=128000000/0
[2022-10-23 05:50:13] [INFO] [EOH] Передано Helium: 32768000L
[2022-10-23 05:50:31] [INFO] [EOH] TRANSFER_RESULT Hydrogen source=0 target=3 amount=32768000 ok=true value=false extra=0 before=0/0
[2022-10-23 05:50:31] [DEBUG] [EOH] Transfer paused for Hydrogen; waiting for target space (attempt 1)
[2022-10-23 05:52:40] [INFO] [EOH] TRANSFER_RESULT Helium source=1 target=3 amount=32768000 ok=true value=true extra=32768000 before=128000000/0
[2022-10-23 05:52:40] [INFO] [EOH] Передано Helium: 32768000L
[2022-10-23 05:54:57] [INFO] [EOH] TRANSFER_RESULT Hydrogen source=0 target=3 amount=32768000 ok=true value=true extra=32768000 before=128000000/0
[2022-10-23 05:54:57] [INFO] [EOH] Передано Hydrogen: 32768000L
[2022-10-23 05:57:07] [INFO] [EOH] TRANSFER_RESULT Helium source=1 target=3 amount=32768000 ok=true value=true extra=32768000 before=128000000/0
[2022-10-23 05:57:07] [INFO] [EOH] Передано Helium: 32768000L
[2022-10-23 05:57:25] [INFO] [EOH] TRANSFER_RESULT Hydrogen source=0 target=3 amount=32768000 ok=true value=false extra=0 before=0/0
[2022-10-23 05:57:28] [DEBUG] [EOH] Transfer paused for Hydrogen; waiting for target space (attempt 2)
[2022-10-23 05:59:38] [INFO] [EOH] TRANSFER_RESULT Helium source=1 target=3 amount=32768000 ok=true value=true extra=32768000 before=128000000/0
[2022-10-23 05:59:38] [INFO] [EOH] Передано Helium: 32768000L
[2022-10-23 06:01:55] [INFO] [EOH] TRANSFER_RESULT Hydrogen source=0 target=3 amount=32768000 ok=true value=true extra=32768000 before=128000000/0
[2022-10-23 06:01:55] [INFO] [EOH] Передано Hydrogen: 32768000L
[2022-10-23 06:04:08] [INFO] [EOH] TRANSFER_RESULT Helium source=1 target=3 amount=32768000 ok=true value=true extra=32768000 before=128000000/0
[2022-10-23 06:04:08] [INFO] [EOH] Передано Helium: 32768000L
[2022-10-23 06:04:26] [INFO] [EOH] TRANSFER_RESULT Hydrogen source=0 target=3 amount=32768000 ok=true value=false extra=0 before=0/0
[2022-10-23 06:04:26] [DEBUG] [EOH] Transfer paused for Hydrogen; waiting for target space (attempt 3)
[2022-10-23 06:06:36] [INFO] [EOH] TRANSFER_RESULT Helium source=1 target=3 amount=32768000 ok=true value=true extra=32768000 before=128000000/0
[2022-10-23 06:06:36] [INFO] [EOH] Передано Helium: 32768000L
[2022-10-23 06:08:52] [INFO] [EOH] TRANSFER_RESULT Hydrogen source=0 target=3 amount=32768000 ok=true value=true extra=32768000 before=128000000/0
[2022-10-23 06:08:52] [INFO] [EOH] Передано Hydrogen: 32768000L
[2022-10-23 06:11:02] [INFO] [EOH] TRANSFER_RESULT Helium source=1 target=3 amount=32768000 ok=true value=true extra=32768000 before=128000000/0
[2022-10-23 06:11:02] [INFO] [EOH] Передано Helium: 32768000L
[2022-10-23 06:11:20] [INFO] [EOH] TRANSFER_RESULT Hydrogen source=0 target=3 amount=32768000 ok=true value=false extra=0 before=0/0
[2022-10-23 06:11:20] [DEBUG] [EOH] Transfer paused for Hydrogen; waiting for target space (attempt 4)
[2022-10-23 06:13:30] [INFO] [EOH] TRANSFER_RESULT Helium source=1 target=3 amount=32768000 ok=true value=true extra=32768000 before=128000000/0
[2022-10-23 06:13:30] [INFO] [EOH] Передано Helium: 32768000L
[2022-10-23 06:15:46] [INFO] [EOH] TRANSFER_RESULT Hydrogen source=0 target=3 amount=32768000 ok=true value=true extra=32768000 before=128000000/0
[2022-10-23 06:15:46] [INFO] [EOH] Передано Hydrogen: 32768000L
[2022-10-23 06:18:00] [INFO] [EOH] TRANSFER_RESULT Helium source=1 target=3 amount=32768000 ok=true value=true extra=32768000 before=128000000/0
[2022-10-23 06:18:00] [INFO] [EOH] Передано Helium: 32768000L
[2022-10-23 06:18:18] [INFO] [EOH] TRANSFER_RESULT Hydrogen source=0 target=3 amount=32768000 ok=true value=false extra=0 before=0/0
[2022-10-23 06:18:18] [DEBUG] [EOH] Transfer paused for Hydrogen; waiting for target space (attempt 5)
[2022-10-23 06:20:27] [INFO] [EOH] TRANSFER_RESULT Helium source=1 target=3 amount=32768000 ok=true value=true extra=32768000 before=128000000/0
[2022-10-23 06:20:27] [INFO] [EOH] Передано Helium: 32768000L
[2022-10-23 06:22:44] [INFO] [EOH] TRANSFER_RESULT Hydrogen source=0 target=3 amount=32768000 ok=true value=true extra=32768000 before=128000000/0
[2022-10-23 06:22:44] [INFO] [EOH] Передано Hydrogen: 32768000L
[2022-10-23 06:24:54] [INFO] [EOH] TRANSFER_RESULT Helium source=1 target=3 amount=32768000 ok=true value=true extra=32768000 before=128000000/0
[2022-10-23 06:24:54] [INFO] [EOH] Передано Helium: 32768000L
[2022-10-23 06:25:12] [INFO] [EOH] TRANSFER_RESULT Hydrogen source=0 target=3 amount=32768000 ok=true value=false extra=0 before=0/0
[2022-10-23 06:25:12] [DEBUG] [EOH] Transfer paused for Hydrogen; waiting for target space (attempt 6)
[2022-10-23 06:27:21] [INFO] [EOH] TRANSFER_RESULT Helium source=1 target=3 amount=32768000 ok=true value=true extra=32768000 before=128000000/0
[2022-10-23 06:27:21] [INFO] [EOH] Передано Helium: 32768000L
[2022-10-23 06:29:38] [INFO] [EOH] TRANSFER_RESULT Hydrogen source=0 target=3 amount=32768000 ok=true value=true extra=32768000 before=128000000/0
[2022-10-23 06:29:38] [INFO] [EOH] Передано Hydrogen: 32768000L
[2022-10-23 06:31:51] [INFO] [EOH] TRANSFER_RESULT Helium source=1 target=3 amount=32768000 ok=true value=true extra=32768000 before=128000000/0
[2022-10-23 06:31:51] [INFO] [EOH] Передано Helium: 32768000L
[2022-10-23 06:32:09] [INFO] [EOH] TRANSFER_RESULT Hydrogen source=0 target=3 amount=32768000 ok=true value=false extra=0 before=0/0
[2022-10-23 06:32:09] [DEBUG] [EOH] Transfer paused for Hydrogen; waiting for target space (attempt 7)
[2022-10-23 06:34:19] [INFO] [EOH] TRANSFER_RESULT Helium source=1 target=3 amount=32768000 ok=true value=true extra=32768000 before=128000000/0
[2022-10-23 06:34:19] [INFO] [EOH] Передано Helium: 32768000L
[2022-10-23 06:36:36] [INFO] [EOH] TRANSFER_RESULT Hydrogen source=0 target=3 amount=32768000 ok=true value=true extra=32768000 before=128000000/0
[2022-10-23 06:36:36] [INFO] [EOH] Передано Hydrogen: 32768000L
[2022-10-23 06:38:45] [INFO] [EOH] TRANSFER_RESULT Helium source=1 target=3 amount=32768000 ok=true value=true extra=32768000 before=128000000/0
[2022-10-23 06:38:45] [INFO] [EOH] Передано Helium: 32768000L
[2022-10-23 06:39:03] [INFO] [EOH] TRANSFER_RESULT Hydrogen source=0 target=3 amount=32768000 ok=true value=false extra=0 before=0/0
[2022-10-23 06:39:03] [DEBUG] [EOH] Transfer paused for Hydrogen; waiting for target space (attempt 8)
[2022-10-23 06:41:13] [INFO] [EOH] TRANSFER_RESULT Helium source=1 target=3 amount=32768000 ok=true value=true extra=32768000 before=128000000/0
[2022-10-23 06:41:13] [INFO] [EOH] Передано Helium: 32768000L
[2022-10-23 06:43:30] [INFO] [EOH] TRANSFER_RESULT Hydrogen source=0 target=3 amount=32768000 ok=true value=true extra=32768000 before=128000000/0
[2022-10-23 06:43:30] [INFO] [EOH] Передано Hydrogen: 32768000L
[2022-10-23 06:45:39] [INFO] [EOH] TRANSFER_RESULT Helium source=1 target=3 amount=32768000 ok=true value=true extra=32768000 before=128000000/0
[2022-10-23 06:45:39] [INFO] [EOH] Передано Helium: 32768000L
[2022-10-23 06:45:57] [INFO] [EOH] TRANSFER_RESULT Hydrogen source=0 target=3 amount=32768000 ok=true value=false extra=0 before=0/0
[2022-10-23 06:45:57] [DEBUG] [EOH] Transfer paused for Hydrogen; waiting for target space (attempt 9)
[2022-10-23 06:48:07] [INFO] [EOH] TRANSFER_RESULT Helium source=1 target=3 amount=32768000 ok=true value=true extra=32768000 before=128000000/0
[2022-10-23 06:48:07] [INFO] [EOH] Передано Helium: 32768000L
[2022-10-23 06:50:24] [INFO] [EOH] TRANSFER_RESULT Hydrogen source=0 target=3 amount=32768000 ok=true value=true extra=32768000 before=128000000/0
[2022-10-23 06:50:24] [INFO] [EOH] Передано Hydrogen: 32768000L
[2022-10-23 06:52:33] [INFO] [EOH] TRANSFER_RESULT Helium source=1 target=3 amount=32768000 ok=true value=true extra=32768000 before=128000000/0
[2022-10-23 06:52:33] [INFO] [EOH] Передано Helium: 32768000L
[2022-10-23 06:52:51] [INFO] [EOH] TRANSFER_RESULT Hydrogen source=0 target=3 amount=32768000 ok=true value=false extra=0 before=0/0
[2022-10-23 06:52:51] [DEBUG] [EOH] Transfer paused for Hydrogen; waiting for target space (attempt 10)
[2022-10-23 06:55:01] [INFO] [EOH] TRANSFER_RESULT Helium source=1 target=3 amount=32768000 ok=true value=true extra=32768000 before=128000000/0
[2022-10-23 06:55:01] [INFO] [EOH] Передано Helium: 32768000L
[2022-10-23 06:57:18] [INFO] [EOH] TRANSFER_RESULT Hydrogen source=0 target=3 amount=32768000 ok=true value=true extra=32768000 before=128000000/0
[2022-10-23 06:57:18] [INFO] [EOH] Передано Hydrogen: 32768000L
[2022-10-23 06:59:27] [INFO] [EOH] TRANSFER_RESULT Helium source=1 target=3 amount=32768000 ok=true value=true extra=32768000 before=128000000/0
[2022-10-23 06:59:27] [INFO] [EOH] Передано Helium: 32768000L
[2022-10-23 06:59:45] [INFO] [EOH] TRANSFER_RESULT Hydrogen source=0 target=3 amount=32768000 ok=true value=false extra=0 before=0/0
[2022-10-23 06:59:45] [DEBUG] [EOH] Transfer paused for Hydrogen; waiting for target space (attempt 11)
[2022-10-23 07:01:55] [INFO] [EOH] TRANSFER_RESULT Helium source=1 target=3 amount=32768000 ok=true value=true extra=32768000 before=128000000/0
[2022-10-23 07:01:55] [INFO] [EOH] Передано Helium: 32768000L
[2022-10-23 07:04:15] [INFO] [EOH] TRANSFER_RESULT Hydrogen source=0 target=3 amount=32768000 ok=true value=true extra=32768000 before=128000000/0
[2022-10-23 07:04:15] [INFO] [EOH] Передано Hydrogen: 32768000L
[2022-10-23 07:06:25] [INFO] [EOH] TRANSFER_RESULT Helium source=1 target=3 amount=32768000 ok=true value=true extra=32768000 before=128000000/0
[2022-10-23 07:06:25] [INFO] [EOH] Передано Helium: 32768000L
[2022-10-23 07:06:43] [INFO] [EOH] TRANSFER_RESULT Hydrogen source=0 target=3 amount=32768000 ok=true value=false extra=0 before=0/0
[2022-10-23 07:06:43] [DEBUG] [EOH] Transfer paused for Hydrogen; waiting for target space (attempt 12)
[2022-10-23 07:08:52] [INFO] [EOH] TRANSFER_RESULT Helium source=1 target=3 amount=32768000 ok=true value=true extra=32768000 before=128000000/0
[2022-10-23 07:08:52] [INFO] [EOH] Передано Helium: 32768000L
[2022-10-23 07:11:13] [INFO] [EOH] TRANSFER_RESULT Hydrogen source=0 target=3 amount=32768000 ok=true value=true extra=32768000 before=128000000/0
[2022-10-23 07:11:13] [INFO] [EOH] Передано Hydrogen: 32768000L
[2022-10-23 07:13:30] [INFO] [EOH] TRANSFER_RESULT Helium source=1 target=3 amount=32768000 ok=true value=true extra=32768000 before=128000000/0
[2022-10-23 07:13:30] [INFO] [EOH] Передано Helium: 32768000L
[2022-10-23 07:13:48] [INFO] [EOH] TRANSFER_RESULT Hydrogen source=0 target=3 amount=32768000 ok=true value=false extra=0 before=0/0
[2022-10-23 07:13:48] [DEBUG] [EOH] Transfer paused for Hydrogen; waiting for target space (attempt 13)
[2022-10-23 07:15:57] [INFO] [EOH] TRANSFER_RESULT Helium source=1 target=3 amount=32768000 ok=true value=true extra=32768000 before=128000000/0
[2022-10-23 07:15:57] [INFO] [EOH] Передано Helium: 32768000L
[2022-10-23 07:18:14] [INFO] [EOH] TRANSFER_RESULT Hydrogen source=0 target=3 amount=32768000 ok=true value=true extra=32768000 before=128000000/0
[2022-10-23 07:18:14] [INFO] [EOH] Передано Hydrogen: 32768000L
[2022-10-23 07:20:24] [INFO] [EOH] TRANSFER_RESULT Helium source=1 target=3 amount=32768000 ok=true value=true extra=32768000 before=128000000/0
[2022-10-23 07:20:24] [INFO] [EOH] Передано Helium: 32768000L
[2022-10-23 07:20:42] [INFO] [EOH] TRANSFER_RESULT Hydrogen source=0 target=3 amount=32768000 ok=true value=false extra=0 before=0/0
[2022-10-23 07:20:42] [DEBUG] [EOH] Transfer paused for Hydrogen; waiting for target space (attempt 14)
[2022-10-23 07:22:51] [INFO] [EOH] TRANSFER_RESULT Helium source=1 target=3 amount=32768000 ok=true value=true extra=32768000 before=128000000/0
[2022-10-23 07:22:51] [INFO] [EOH] Передано Helium: 32768000L
[2022-10-23 07:25:08] [INFO] [EOH] TRANSFER_RESULT Hydrogen source=0 target=3 amount=32768000 ok=true value=true extra=32768000 before=128000000/0
[2022-10-23 07:25:08] [INFO] [EOH] Передано Hydrogen: 32768000L
[2022-10-23 07:27:18] [INFO] [EOH] TRANSFER_RESULT Helium source=1 target=3 amount=32768000 ok=true value=true extra=32768000 before=128000000/0
[2022-10-23 07:27:18] [INFO] [EOH] Передано Helium: 32768000L
[2022-10-23 07:27:36] [INFO] [EOH] TRANSFER_RESULT Hydrogen source=0 target=3 amount=32768000 ok=true value=false extra=0 before=0/0
[2022-10-23 07:27:36] [DEBUG] [EOH] Transfer paused for Hydrogen; waiting for target space (attempt 15)
[2022-10-23 07:29:45] [INFO] [EOH] TRANSFER_RESULT Helium source=1 target=3 amount=32768000 ok=true value=true extra=32768000 before=128000000/0
[2022-10-23 07:29:45] [INFO] [EOH] Передано Helium: 32768000L
[2022-10-23 07:32:06] [INFO] [EOH] TRANSFER_RESULT Hydrogen source=0 target=3 amount=32768000 ok=true value=true extra=32768000 before=128000000/0
[2022-10-23 07:32:06] [INFO] [EOH] Передано Hydrogen: 32768000L
[2022-10-23 07:34:19] [INFO] [EOH] TRANSFER_RESULT Helium source=1 target=3 amount=32768000 ok=true value=true extra=32768000 before=128000000/0
[2022-10-23 07:34:19] [INFO] [EOH] Передано Helium: 32768000L
[2022-10-23 07:34:37] [INFO] [EOH] TRANSFER_RESULT Hydrogen source=0 target=3 amount=32768000 ok=true value=false extra=0 before=0/0
[2022-10-23 07:34:37] [DEBUG] [EOH] Transfer paused for Hydrogen; waiting for target space (attempt 16)
[2022-10-23 07:36:46] [INFO] [EOH] TRANSFER_RESULT Helium source=1 target=3 amount=32768000 ok=true value=true extra=32768000 before=128000000/0
[2022-10-23 07:36:46] [INFO] [EOH] Передано Helium: 32768000L
[2022-10-23 07:39:03] [INFO] [EOH] TRANSFER_RESULT Hydrogen source=0 target=3 amount=32768000 ok=true value=true extra=32768000 before=128000000/0
[2022-10-23 07:39:03] [INFO] [EOH] Передано Hydrogen: 32768000L
[2022-10-23 07:41:20] [INFO] [EOH] TRANSFER_RESULT Helium source=1 target=3 amount=32768000 ok=true value=true extra=32768000 before=128000000/0
[2022-10-23 07:41:20] [INFO] [EOH] Передано Helium: 32768000L
[2022-10-23 07:41:38] [INFO] [EOH] TRANSFER_RESULT Hydrogen source=0 target=3 amount=32768000 ok=true value=false extra=0 before=0/0
[2022-10-23 07:41:38] [DEBUG] [EOH] Transfer paused for Hydrogen; waiting for target space (attempt 17)
[2022-10-23 07:43:51] [INFO] [EOH] TRANSFER_RESULT Helium source=1 target=3 amount=32768000 ok=true value=true extra=32768000 before=128000000/0
[2022-10-23 07:43:51] [INFO] [EOH] Передано Helium: 32768000L
[2022-10-23 07:46:08] [INFO] [EOH] TRANSFER_RESULT Hydrogen source=0 target=3 amount=32768000 ok=true value=true extra=32768000 before=128000000/0
[2022-10-23 07:46:08] [INFO] [EOH] Передано Hydrogen: 32768000L
[2022-10-23 07:48:18] [INFO] [EOH] TRANSFER_RESULT Helium source=1 target=3 amount=32768000 ok=true value=true extra=32768000 before=128000000/0
[2022-10-23 07:48:18] [INFO] [EOH] Передано Helium: 32768000L
[2022-10-23 07:48:36] [INFO] [EOH] TRANSFER_RESULT Hydrogen source=0 target=3 amount=32768000 ok=true value=false extra=0 before=0/0
[2022-10-23 07:48:36] [DEBUG] [EOH] Transfer paused for Hydrogen; waiting for target space (attempt 18)
[2022-10-23 07:50:45] [INFO] [EOH] TRANSFER_RESULT Helium source=1 target=3 amount=32768000 ok=true value=true extra=32768000 before=128000000/0
[2022-10-23 07:50:45] [INFO] [EOH] Передано Helium: 32768000L
[2022-10-23 07:53:02] [INFO] [EOH] TRANSFER_RESULT Hydrogen source=0 target=3 amount=32768000 ok=true value=true extra=32768000 before=128000000/0
[2022-10-23 07:53:02] [INFO] [EOH] Передано Hydrogen: 32768000L
[2022-10-23 07:55:12] [INFO] [EOH] TRANSFER_RESULT Helium source=1 target=3 amount=32768000 ok=true value=true extra=32768000 before=128000000/0
[2022-10-23 07:55:12] [INFO] [EOH] Передано Helium: 32768000L
[2022-10-23 07:55:30] [INFO] [EOH] TRANSFER_RESULT Hydrogen source=0 target=3 amount=32768000 ok=true value=false extra=0 before=0/0
[2022-10-23 07:55:30] [DEBUG] [EOH] Transfer paused for Hydrogen; waiting for target space (attempt 19)
[2022-10-23 07:57:39] [INFO] [EOH] TRANSFER_RESULT Helium source=1 target=3 amount=32768000 ok=true value=true extra=32768000 before=128000000/0
[2022-10-23 07:57:39] [INFO] [EOH] Передано Helium: 32768000L
[2022-10-23 07:59:56] [INFO] [EOH] TRANSFER_RESULT Hydrogen source=0 target=3 amount=32768000 ok=true value=true extra=32768000 before=128000000/0
[2022-10-23 07:59:56] [INFO] [EOH] Передано Hydrogen: 32768000L
[2022-10-23 08:02:06] [INFO] [EOH] TRANSFER_RESULT Helium source=1 target=3 amount=32768000 ok=true value=true extra=32768000 before=128000000/0
[2022-10-23 08:02:06] [INFO] [EOH] Передано Helium: 32768000L
[2022-10-23 08:02:24] [INFO] [EOH] TRANSFER_RESULT Hydrogen source=0 target=3 amount=32768000 ok=true value=false extra=0 before=0/0
[2022-10-23 08:02:24] [DEBUG] [EOH] Transfer paused for Hydrogen; waiting for target space (attempt 20)
[2022-10-23 08:04:33] [INFO] [EOH] TRANSFER_RESULT Helium source=1 target=3 amount=32768000 ok=true value=true extra=32768000 before=128000000/0
[2022-10-23 08:04:33] [INFO] [EOH] Передано Helium: 32768000L
[2022-10-23 08:06:50] [INFO] [EOH] TRANSFER_RESULT Hydrogen source=0 target=3 amount=32768000 ok=true value=true extra=32768000 before=128000000/0
[2022-10-23 08:06:50] [INFO] [EOH] Передано Hydrogen: 32768000L
[2022-10-23 08:09:00] [INFO] [EOH] TRANSFER_RESULT Helium source=1 target=3 amount=32768000 ok=true value=true extra=32768000 before=128000000/0
[2022-10-23 08:09:00] [INFO] [EOH] Передано Helium: 32768000L
[2022-10-23 08:09:21] [INFO] [EOH] TRANSFER_RESULT Hydrogen source=0 target=3 amount=32768000 ok=true value=false extra=0 before=0/0
[2022-10-23 08:09:21] [DEBUG] [EOH] Transfer paused for Hydrogen; waiting for target space (attempt 21)
[2022-10-23 08:11:31] [INFO] [EOH] TRANSFER_RESULT Helium source=1 target=3 amount=32768000 ok=true value=true extra=32768000 before=128000000/0
[2022-10-23 08:11:31] [INFO] [EOH] Передано Helium: 32768000L
[2022-10-23 08:13:48] [INFO] [EOH] TRANSFER_RESULT Hydrogen source=0 target=3 amount=32768000 ok=true value=true extra=32768000 before=128000000/0
[2022-10-23 08:13:48] [INFO] [EOH] Передано Hydrogen: 32768000L
[2022-10-23 08:15:57] [INFO] [EOH] TRANSFER_RESULT Helium source=1 target=3 amount=32768000 ok=true value=true extra=32768000 before=128000000/0
[2022-10-23 08:15:57] [INFO] [EOH] Передано Helium: 32768000L
[2022-10-23 08:16:15] [INFO] [EOH] TRANSFER_RESULT Hydrogen source=0 target=3 amount=32768000 ok=true value=false extra=0 before=0/0
[2022-10-23 08:16:15] [DEBUG] [EOH] Transfer paused for Hydrogen; waiting for target space (attempt 22)
[2022-10-23 08:18:25] [INFO] [EOH] TRANSFER_RESULT Helium source=1 target=3 amount=32768000 ok=true value=true extra=32768000 before=128000000/0
[2022-10-23 08:18:25] [INFO] [EOH] Передано Helium: 32768000L
[2022-10-23 08:20:45] [INFO] [EOH] TRANSFER_RESULT Hydrogen source=0 target=3 amount=32768000 ok=true value=true extra=32768000 before=128000000/0
[2022-10-23 08:20:45] [INFO] [EOH] Передано Hydrogen: 32768000L
[2022-10-23 08:22:55] [INFO] [EOH] TRANSFER_RESULT Helium source=1 target=3 amount=32768000 ok=true value=true extra=32768000 before=128000000/0
[2022-10-23 08:22:55] [INFO] [EOH] Передано Helium: 32768000L
[2022-10-23 08:23:13] [INFO] [EOH] TRANSFER_RESULT Hydrogen source=0 target=3 amount=32768000 ok=true value=false extra=0 before=0/0
[2022-10-23 08:23:13] [DEBUG] [EOH] Transfer paused for Hydrogen; waiting for target space (attempt 23)
[2022-10-23 08:25:22] [INFO] [EOH] TRANSFER_RESULT Helium source=1 target=3 amount=32768000 ok=true value=true extra=32768000 before=128000000/0
[2022-10-23 08:25:22] [INFO] [EOH] Передано Helium: 32768000L
[2022-10-23 08:27:39] [INFO] [EOH] TRANSFER_RESULT Hydrogen source=0 target=3 amount=32768000 ok=true value=true extra=32768000 before=128000000/0
[2022-10-23 08:27:39] [INFO] [EOH] Передано Hydrogen: 32768000L
[2022-10-23 08:29:49] [INFO] [EOH] TRANSFER_RESULT Helium source=1 target=3 amount=32768000 ok=true value=true extra=32768000 before=128000000/0
[2022-10-23 08:29:49] [INFO] [EOH] Передано Helium: 32768000L
[2022-10-23 08:30:07] [INFO] [EOH] TRANSFER_RESULT Hydrogen source=0 target=3 amount=32768000 ok=true value=false extra=0 before=0/0
[2022-10-23 08:30:07] [DEBUG] [EOH] Transfer paused for Hydrogen; waiting for target space (attempt 24)
[2022-10-23 08:32:16] [INFO] [EOH] TRANSFER_RESULT Helium source=1 target=3 amount=32768000 ok=true value=true extra=32768000 before=128000000/0
[2022-10-23 08:32:16] [INFO] [EOH] Передано Helium: 32768000L
[2022-10-23 08:34:37] [INFO] [EOH] TRANSFER_RESULT Hydrogen source=0 target=3 amount=32768000 ok=true value=true extra=32768000 before=128000000/0
[2022-10-23 08:34:37] [INFO] [EOH] Передано Hydrogen: 32768000L
[2022-10-23 08:36:46] [INFO] [EOH] TRANSFER_RESULT Helium source=1 target=3 amount=32768000 ok=true value=true extra=32768000 before=128000000/0
[2022-10-23 08:36:46] [INFO] [EOH] Передано Helium: 32768000L
[2022-10-23 08:37:04] [INFO] [EOH] TRANSFER_RESULT Hydrogen source=0 target=3 amount=32768000 ok=true value=false extra=0 before=0/0
[2022-10-23 08:37:04] [DEBUG] [EOH] Transfer paused for Hydrogen; waiting for target space (attempt 25)
[2022-10-23 08:39:14] [INFO] [EOH] TRANSFER_RESULT Helium source=1 target=3 amount=32768000 ok=true value=true extra=32768000 before=128000000/0
[2022-10-23 08:39:14] [INFO] [EOH] Передано Helium: 32768000L
[2022-10-23 08:41:34] [INFO] [EOH] TRANSFER_RESULT Hydrogen source=0 target=3 amount=32768000 ok=true value=true extra=32768000 before=128000000/0
[2022-10-23 08:41:34] [INFO] [EOH] Передано Hydrogen: 32768000L
[2022-10-23 08:43:44] [INFO] [EOH] TRANSFER_RESULT Helium source=1 target=3 amount=32768000 ok=true value=true extra=32768000 before=128000000/0
[2022-10-23 08:43:44] [INFO] [EOH] Передано Helium: 32768000L
[2022-10-23 08:44:02] [INFO] [EOH] TRANSFER_RESULT Hydrogen source=0 target=3 amount=32768000 ok=true value=false extra=0 before=0/0
[2022-10-23 08:44:02] [DEBUG] [EOH] Transfer paused for Hydrogen; waiting for target space (attempt 26)
[2022-10-23 08:46:12] [INFO] [EOH] TRANSFER_RESULT Helium source=1 target=3 amount=32768000 ok=true value=true extra=32768000 before=128000000/0
[2022-10-23 08:46:12] [INFO] [EOH] Передано Helium: 32768000L
[2022-10-23 08:48:28] [INFO] [EOH] TRANSFER_RESULT Hydrogen source=0 target=3 amount=32768000 ok=true value=true extra=32768000 before=128000000/0
[2022-10-23 08:48:28] [INFO] [EOH] Передано Hydrogen: 32768000L
[2022-10-23 08:50:38] [INFO] [EOH] TRANSFER_RESULT Helium source=1 target=3 amount=32768000 ok=true value=true extra=32768000 before=128000000/0
[2022-10-23 08:50:38] [INFO] [EOH] Передано Helium: 32768000L
[2022-10-23 08:50:56] [INFO] [EOH] TRANSFER_RESULT Hydrogen source=0 target=3 amount=32768000 ok=true value=false extra=0 before=0/0
[2022-10-23 08:50:56] [DEBUG] [EOH] Transfer paused for Hydrogen; waiting for target space (attempt 27)
[2022-10-23 08:53:06] [INFO] [EOH] TRANSFER_RESULT Helium source=1 target=3 amount=32768000 ok=true value=true extra=32768000 before=128000000/0
[2022-10-23 08:53:06] [INFO] [EOH] Передано Helium: 32768000L
[2022-10-23 08:55:22] [INFO] [EOH] TRANSFER_RESULT Hydrogen source=0 target=3 amount=32768000 ok=true value=true extra=32768000 before=128000000/0
[2022-10-23 08:55:22] [INFO] [EOH] Передано Hydrogen: 32768000L
[2022-10-23 08:57:32] [INFO] [EOH] TRANSFER_RESULT Helium source=1 target=3 amount=32768000 ok=true value=true extra=32768000 before=128000000/0
[2022-10-23 08:57:32] [INFO] [EOH] Передано Helium: 32768000L
[2022-10-23 08:57:50] [INFO] [EOH] TRANSFER_RESULT Hydrogen source=0 target=3 amount=32768000 ok=true value=false extra=0 before=0/0
[2022-10-23 08:57:50] [DEBUG] [EOH] Transfer paused for Hydrogen; waiting for target space (attempt 28)
[2022-10-23 09:00:00] [INFO] [EOH] TRANSFER_RESULT Helium source=1 target=3 amount=32768000 ok=true value=true extra=32768000 before=128000000/0
[2022-10-23 09:00:00] [INFO] [EOH] Передано Helium: 32768000L
[2022-10-23 09:02:16] [INFO] [EOH] TRANSFER_RESULT Hydrogen source=0 target=3 amount=32768000 ok=true value=true extra=32768000 before=128000000/0
[2022-10-23 09:02:16] [INFO] [EOH] Передано Hydrogen: 32768000L
[2022-10-23 09:04:26] [INFO] [EOH] TRANSFER_RESULT Helium source=1 target=3 amount=32768000 ok=true value=true extra=32768000 before=128000000/0
[2022-10-23 09:04:26] [INFO] [EOH] Передано Helium: 32768000L
[2022-10-23 09:04:44] [INFO] [EOH] TRANSFER_RESULT Hydrogen source=0 target=3 amount=32768000 ok=true value=false extra=0 before=0/0
[2022-10-23 09:04:44] [DEBUG] [EOH] Transfer paused for Hydrogen; waiting for target space (attempt 29)
[2022-10-23 09:06:54] [INFO] [EOH] TRANSFER_RESULT Helium source=1 target=3 amount=32768000 ok=true value=true extra=32768000 before=128000000/0
[2022-10-23 09:06:54] [INFO] [EOH] Передано Helium: 32768000L
[2022-10-23 09:09:07] [INFO] [EOH] TRANSFER_RESULT Hydrogen source=0 target=3 amount=32768000 ok=true value=true extra=32768000 before=128000000/0
[2022-10-23 09:09:07] [INFO] [EOH] Передано Hydrogen: 32768000L
[2022-10-23 09:11:20] [INFO] [EOH] TRANSFER_RESULT Helium source=1 target=3 amount=32768000 ok=true value=true extra=32768000 before=128000000/0
[2022-10-23 09:11:20] [INFO] [EOH] Передано Helium: 32768000L
[2022-10-23 09:11:38] [INFO] [EOH] TRANSFER_RESULT Hydrogen source=0 target=3 amount=32768000 ok=true value=false extra=0 before=0/0
[2022-10-23 09:11:38] [DEBUG] [EOH] Transfer paused for Hydrogen; waiting for target space (attempt 30)
[2022-10-23 09:13:48] [INFO] [EOH] TRANSFER_RESULT Helium source=1 target=3 amount=32768000 ok=true value=true extra=32768000 before=128000000/0
[2022-10-23 09:13:48] [INFO] [EOH] Передано Helium: 32768000L
[2022-10-23 09:16:08] [INFO] [EOH] TRANSFER_RESULT Hydrogen source=0 target=3 amount=32768000 ok=true value=true extra=32768000 before=128000000/0
[2022-10-23 09:16:08] [INFO] [EOH] Передано Hydrogen: 32768000L
[2022-10-23 09:18:18] [INFO] [EOH] TRANSFER_RESULT Helium source=1 target=3 amount=32768000 ok=true value=true extra=32768000 before=128000000/0
[2022-10-23 09:18:18] [INFO] [EOH] Передано Helium: 32768000L
[2022-10-23 09:18:36] [INFO] [EOH] TRANSFER_RESULT Hydrogen source=0 target=3 amount=32768000 ok=true value=false extra=0 before=0/0
[2022-10-23 09:18:36] [DEBUG] [EOH] Transfer paused for Hydrogen; waiting for target space (attempt 31)
[2022-10-23 09:20:45] [INFO] [EOH] TRANSFER_RESULT Helium source=1 target=3 amount=32768000 ok=true value=true extra=32768000 before=128000000/0
[2022-10-23 09:20:45] [INFO] [EOH] Передано Helium: 32768000L
[2022-10-23 09:23:02] [INFO] [EOH] TRANSFER_RESULT Hydrogen source=0 target=3 amount=32768000 ok=true value=true extra=32768000 before=128000000/0
[2022-10-23 09:23:02] [INFO] [EOH] Передано Hydrogen: 32768000L
[2022-10-23 09:25:15] [INFO] [EOH] TRANSFER_RESULT Helium source=1 target=3 amount=32768000 ok=true value=true extra=32768000 before=128000000/0
[2022-10-23 09:25:15] [INFO] [EOH] Передано Helium: 32768000L
[2022-10-23 09:25:33] [INFO] [EOH] TRANSFER_RESULT Hydrogen source=0 target=3 amount=32768000 ok=true value=false extra=0 before=0/0
[2022-10-23 09:25:33] [DEBUG] [EOH] Transfer paused for Hydrogen; waiting for target space (attempt 32)
[2022-10-23 09:27:43] [INFO] [EOH] TRANSFER_RESULT Helium source=1 target=3 amount=32768000 ok=true value=true extra=32768000 before=128000000/0
[2022-10-23 09:27:43] [INFO] [EOH] Передано Helium: 32768000L
[2022-10-23 09:30:00] [INFO] [EOH] TRANSFER_RESULT Hydrogen source=0 target=3 amount=32768000 ok=true value=true extra=32768000 before=128000000/0
[2022-10-23 09:30:00] [INFO] [EOH] Передано Hydrogen: 32768000L
[2022-10-23 09:32:09] [INFO] [EOH] TRANSFER_RESULT Helium source=1 target=3 amount=32768000 ok=true value=true extra=32768000 before=128000000/0
[2022-10-23 09:32:09] [INFO] [EOH] Передано Helium: 32768000L
[2022-10-23 09:32:27] [INFO] [EOH] TRANSFER_RESULT Hydrogen source=0 target=3 amount=32768000 ok=true value=false extra=0 before=0/0
[2022-10-23 09:32:27] [DEBUG] [EOH] Transfer paused for Hydrogen; waiting for target space (attempt 33)
[2022-10-23 09:34:37] [INFO] [EOH] TRANSFER_RESULT Helium source=1 target=3 amount=32768000 ok=true value=true extra=32768000 before=128000000/0
[2022-10-23 09:34:37] [INFO] [EOH] Передано Helium: 32768000L
[2022-10-23 09:36:50] [INFO] [EOH] TRANSFER_RESULT Hydrogen source=0 target=3 amount=32768000 ok=true value=true extra=32768000 before=128000000/0
[2022-10-23 09:36:50] [INFO] [EOH] Передано Hydrogen: 32768000L
[2022-10-23 09:39:00] [INFO] [EOH] TRANSFER_RESULT Helium source=1 target=3 amount=32768000 ok=true value=true extra=32768000 before=128000000/0
[2022-10-23 09:39:00] [INFO] [EOH] Передано Helium: 32768000L
[2022-10-23 09:39:18] [INFO] [EOH] TRANSFER_RESULT Hydrogen source=0 target=3 amount=32768000 ok=true value=false extra=0 before=0/0
[2022-10-23 09:39:18] [DEBUG] [EOH] Transfer paused for Hydrogen; waiting for target space (attempt 34)
[2022-10-23 09:41:27] [INFO] [EOH] TRANSFER_RESULT Helium source=1 target=3 amount=32768000 ok=true value=true extra=32768000 before=128000000/0
[2022-10-23 09:41:27] [INFO] [EOH] Передано Helium: 32768000L
[2022-10-23 09:43:44] [INFO] [EOH] TRANSFER_RESULT Hydrogen source=0 target=3 amount=32768000 ok=true value=true extra=32768000 before=128000000/0
[2022-10-23 09:43:44] [INFO] [EOH] Передано Hydrogen: 32768000L
[2022-10-23 09:45:54] [INFO] [EOH] TRANSFER_RESULT Helium source=1 target=3 amount=32768000 ok=true value=true extra=32768000 before=128000000/0
[2022-10-23 09:45:54] [INFO] [EOH] Передано Helium: 32768000L
[2022-10-23 09:46:12] [INFO] [EOH] TRANSFER_RESULT Hydrogen source=0 target=3 amount=32768000 ok=true value=false extra=0 before=0/0
[2022-10-23 09:46:12] [DEBUG] [EOH] Transfer paused for Hydrogen; waiting for target space (attempt 35)
[2022-10-23 09:48:21] [INFO] [EOH] TRANSFER_RESULT Helium source=1 target=3 amount=32768000 ok=true value=true extra=32768000 before=128000000/0
[2022-10-23 09:48:21] [INFO] [EOH] Передано Helium: 32768000L
[2022-10-23 09:50:34] [INFO] [EOH] TRANSFER_RESULT Hydrogen source=0 target=3 amount=32768000 ok=true value=true extra=32768000 before=128000000/0
[2022-10-23 09:50:34] [INFO] [EOH] Передано Hydrogen: 32768000L
[2022-10-23 09:52:44] [INFO] [EOH] TRANSFER_RESULT Helium source=1 target=3 amount=32768000 ok=true value=true extra=32768000 before=128000000/0
[2022-10-23 09:52:44] [INFO] [EOH] Передано Helium: 32768000L
[2022-10-23 09:53:02] [INFO] [EOH] TRANSFER_RESULT Hydrogen source=0 target=3 amount=32768000 ok=true value=false extra=0 before=0/0
[2022-10-23 09:53:02] [DEBUG] [EOH] Transfer paused for Hydrogen; waiting for target space (attempt 36)
[2022-10-23 09:55:12] [INFO] [EOH] TRANSFER_RESULT Helium source=1 target=3 amount=32768000 ok=true value=true extra=32768000 before=128000000/0
[2022-10-23 09:55:12] [INFO] [EOH] Передано Helium: 32768000L
[2022-10-23 09:57:28] [INFO] [EOH] TRANSFER_RESULT Hydrogen source=0 target=3 amount=32768000 ok=true value=true extra=32768000 before=128000000/0
[2022-10-23 09:57:28] [INFO] [EOH] Передано Hydrogen: 32768000L
[2022-10-23 09:59:38] [INFO] [EOH] TRANSFER_RESULT Helium source=1 target=3 amount=32768000 ok=true value=true extra=32768000 before=128000000/0
[2022-10-23 09:59:38] [INFO] [EOH] Передано Helium: 32768000L
[2022-10-23 09:59:56] [INFO] [EOH] TRANSFER_RESULT Hydrogen source=0 target=3 amount=32768000 ok=true value=false extra=0 before=0/0
[2022-10-23 09:59:56] [DEBUG] [EOH] Transfer paused for Hydrogen; waiting for target space (attempt 37)
[2022-10-23 10:02:06] [INFO] [EOH] TRANSFER_RESULT Helium source=1 target=3 amount=32768000 ok=true value=true extra=32768000 before=128000000/0
[2022-10-23 10:02:06] [INFO] [EOH] Передано Helium: 32768000L
[2022-10-23 10:04:22] [INFO] [EOH] TRANSFER_RESULT Hydrogen source=0 target=3 amount=32768000 ok=true value=true extra=32768000 before=128000000/0
[2022-10-23 10:04:22] [INFO] [EOH] Передано Hydrogen: 32768000L
[2022-10-23 10:06:32] [INFO] [EOH] TRANSFER_RESULT Helium source=1 target=3 amount=32768000 ok=true value=true extra=32768000 before=128000000/0
[2022-10-23 10:06:32] [INFO] [EOH] Передано Helium: 32768000L
[2022-10-23 10:06:50] [INFO] [EOH] TRANSFER_RESULT Hydrogen source=0 target=3 amount=32768000 ok=true value=false extra=0 before=0/0
[2022-10-23 10:06:50] [DEBUG] [EOH] Transfer paused for Hydrogen; waiting for target space (attempt 38)
[2022-10-23 10:09:00] [INFO] [EOH] TRANSFER_RESULT Helium source=1 target=3 amount=32768000 ok=true value=true extra=32768000 before=128000000/0
[2022-10-23 10:09:00] [INFO] [EOH] Передано Helium: 32768000L
[2022-10-23 10:11:16] [INFO] [EOH] TRANSFER_RESULT Hydrogen source=0 target=3 amount=32768000 ok=true value=true extra=32768000 before=128000000/0
[2022-10-23 10:11:16] [INFO] [EOH] Передано Hydrogen: 32768000L
[2022-10-23 10:13:26] [INFO] [EOH] TRANSFER_RESULT Helium source=1 target=3 amount=32768000 ok=true value=true extra=32768000 before=128000000/0
[2022-10-23 10:13:26] [INFO] [EOH] Передано Helium: 32768000L
[2022-10-23 10:13:44] [INFO] [EOH] TRANSFER_RESULT Hydrogen source=0 target=3 amount=32768000 ok=true value=false extra=0 before=0/0
[2022-10-23 10:13:44] [DEBUG] [EOH] Transfer paused for Hydrogen; waiting for target space (attempt 39)
[2022-10-23 10:15:54] [INFO] [EOH] TRANSFER_RESULT Helium source=1 target=3 amount=32768000 ok=true value=true extra=32768000 before=128000000/0
[2022-10-23 10:15:54] [INFO] [EOH] Передано Helium: 32768000L
[2022-10-23 10:18:14] [INFO] [EOH] TRANSFER_RESULT Hydrogen source=0 target=3 amount=32768000 ok=true value=true extra=32768000 before=128000000/0
[2022-10-23 10:18:14] [INFO] [EOH] Передано Hydrogen: 32768000L
[2022-10-23 10:20:24] [INFO] [EOH] TRANSFER_RESULT Helium source=1 target=3 amount=32768000 ok=true value=true extra=32768000 before=128000000/0
[2022-10-23 10:20:24] [INFO] [EOH] Передано Helium: 32768000L
[2022-10-23 10:20:42] [INFO] [EOH] TRANSFER_RESULT Hydrogen source=0 target=3 amount=32768000 ok=true value=false extra=0 before=0/0
[2022-10-23 10:20:42] [DEBUG] [EOH] Transfer paused for Hydrogen; waiting for target space (attempt 40)
[2022-10-23 10:22:51] [INFO] [EOH] TRANSFER_RESULT Helium source=1 target=3 amount=32768000 ok=true value=true extra=32768000 before=128000000/0
[2022-10-23 10:22:51] [INFO] [EOH] Передано Helium: 32768000L
[2022-10-23 10:25:08] [INFO] [EOH] TRANSFER_RESULT Hydrogen source=0 target=3 amount=32768000 ok=true value=true extra=32768000 before=128000000/0
[2022-10-23 10:25:08] [INFO] [EOH] Передано Hydrogen: 32768000L
[2022-10-23 10:27:18] [INFO] [EOH] TRANSFER_RESULT Helium source=1 target=3 amount=32768000 ok=true value=true extra=32768000 before=128000000/0
[2022-10-23 10:27:18] [INFO] [EOH] Передано Helium: 32768000L
[2022-10-23 10:27:36] [INFO] [EOH] TRANSFER_RESULT Hydrogen source=0 target=3 amount=32768000 ok=true value=false extra=0 before=0/0
[2022-10-23 10:27:36] [DEBUG] [EOH] Transfer paused for Hydrogen; waiting for target space (attempt 41)
[2022-10-23 10:29:45] [INFO] [EOH] TRANSFER_RESULT Helium source=1 target=3 amount=32768000 ok=true value=true extra=32768000 before=128000000/0
[2022-10-23 10:29:45] [INFO] [EOH] Передано Helium: 32768000L
[2022-10-23 10:32:02] [INFO] [EOH] TRANSFER_RESULT Hydrogen source=0 target=3 amount=32768000 ok=true value=true extra=32768000 before=128000000/0
[2022-10-23 10:32:02] [INFO] [EOH] Передано Hydrogen: 32768000L
[2022-10-23 10:34:12] [INFO] [EOH] TRANSFER_RESULT Helium source=1 target=3 amount=32768000 ok=true value=true extra=32768000 before=128000000/0
[2022-10-23 10:34:12] [INFO] [EOH] Передано Helium: 32768000L
[2022-10-23 10:34:30] [INFO] [EOH] TRANSFER_RESULT Hydrogen source=0 target=3 amount=32768000 ok=true value=false extra=0 before=0/0
[2022-10-23 10:34:30] [DEBUG] [EOH] Transfer paused for Hydrogen; waiting for target space (attempt 42)
[2022-10-23 10:36:43] [INFO] [EOH] TRANSFER_RESULT Helium source=1 target=3 amount=32768000 ok=true value=true extra=32768000 before=128000000/0
[2022-10-23 10:36:43] [INFO] [EOH] Передано Helium: 32768000L
[2022-10-23 10:39:00] [INFO] [EOH] TRANSFER_RESULT Hydrogen source=0 target=3 amount=32768000 ok=true value=true extra=32768000 before=128000000/0
[2022-10-23 10:39:00] [INFO] [EOH] Передано Hydrogen: 32768000L
[2022-10-23 10:41:09] [INFO] [EOH] TRANSFER_RESULT Helium source=1 target=3 amount=32768000 ok=true value=true extra=32768000 before=128000000/0
[2022-10-23 10:41:09] [INFO] [EOH] Передано Helium: 32768000L
[2022-10-23 10:41:27] [INFO] [EOH] TRANSFER_RESULT Hydrogen source=0 target=3 amount=32768000 ok=true value=false extra=0 before=0/0
[2022-10-23 10:41:27] [DEBUG] [EOH] Transfer paused for Hydrogen; waiting for target space (attempt 43)
[2022-10-23 10:43:37] [INFO] [EOH] TRANSFER_RESULT Helium source=1 target=3 amount=32768000 ok=true value=true extra=32768000 before=128000000/0
[2022-10-23 10:43:37] [INFO] [EOH] Передано Helium: 32768000L
[2022-10-23 10:45:54] [INFO] [EOH] TRANSFER_RESULT Hydrogen source=0 target=3 amount=32768000 ok=true value=true extra=32768000 before=128000000/0
[2022-10-23 10:45:54] [INFO] [EOH] Передано Hydrogen: 32768000L
[2022-10-23 10:48:03] [INFO] [EOH] TRANSFER_RESULT Helium source=1 target=3 amount=32768000 ok=true value=true extra=32768000 before=128000000/0
[2022-10-23 10:48:03] [INFO] [EOH] Передано Helium: 32768000L
[2022-10-23 10:48:21] [INFO] [EOH] TRANSFER_RESULT Hydrogen source=0 target=3 amount=32768000 ok=true value=false extra=0 before=0/0
[2022-10-23 10:48:21] [DEBUG] [EOH] Transfer paused for Hydrogen; waiting for target space (attempt 44)
[2022-10-23 10:50:31] [INFO] [EOH] TRANSFER_RESULT Helium source=1 target=3 amount=32768000 ok=true value=true extra=32768000 before=128000000/0
[2022-10-23 10:50:31] [INFO] [EOH] Передано Helium: 32768000L
[2022-10-23 10:52:48] [INFO] [EOH] TRANSFER_RESULT Hydrogen source=0 target=3 amount=32768000 ok=true value=true extra=32768000 before=128000000/0
[2022-10-23 10:52:48] [INFO] [EOH] Передано Hydrogen: 32768000L
[2022-10-23 10:54:57] [INFO] [EOH] TRANSFER_RESULT Helium source=1 target=3 amount=32768000 ok=true value=true extra=32768000 before=128000000/0
[2022-10-23 10:54:57] [INFO] [EOH] Передано Helium: 32768000L
[2022-10-23 10:55:15] [INFO] [EOH] TRANSFER_RESULT Hydrogen source=0 target=3 amount=32768000 ok=true value=false extra=0 before=0/0
[2022-10-23 10:55:15] [DEBUG] [EOH] Transfer paused for Hydrogen; waiting for target space (attempt 45)
[2022-10-23 10:57:25] [INFO] [EOH] TRANSFER_RESULT Helium source=1 target=3 amount=32768000 ok=true value=true extra=32768000 before=128000000/0
[2022-10-23 10:57:25] [INFO] [EOH] Передано Helium: 32768000L
[2022-10-23 10:59:42] [INFO] [EOH] TRANSFER_RESULT Hydrogen source=0 target=3 amount=32768000 ok=true value=true extra=32768000 before=128000000/0
[2022-10-23 10:59:42] [INFO] [EOH] Передано Hydrogen: 32768000L
[2022-10-23 11:01:51] [INFO] [EOH] TRANSFER_RESULT Helium source=1 target=3 amount=32768000 ok=true value=true extra=32768000 before=128000000/0
[2022-10-23 11:01:51] [INFO] [EOH] Передано Helium: 32768000L
[2022-10-23 11:02:09] [INFO] [EOH] TRANSFER_RESULT Hydrogen source=0 target=3 amount=32768000 ok=true value=false extra=0 before=0/0
[2022-10-23 11:02:09] [DEBUG] [EOH] Transfer paused for Hydrogen; waiting for target space (attempt 46)
[2022-10-23 11:04:19] [INFO] [EOH] TRANSFER_RESULT Helium source=1 target=3 amount=32768000 ok=true value=true extra=32768000 before=128000000/0
[2022-10-23 11:04:19] [INFO] [EOH] Передано Helium: 32768000L
[2022-10-23 11:06:36] [INFO] [EOH] TRANSFER_RESULT Hydrogen source=0 target=3 amount=32768000 ok=true value=true extra=32768000 before=128000000/0
[2022-10-23 11:06:36] [INFO] [EOH] Передано Hydrogen: 32768000L
[2022-10-23 11:08:45] [INFO] [EOH] TRANSFER_RESULT Helium source=1 target=3 amount=32768000 ok=true value=true extra=32768000 before=128000000/0
[2022-10-23 11:08:45] [INFO] [EOH] Передано Helium: 32768000L
[2022-10-23 11:09:03] [INFO] [EOH] TRANSFER_RESULT Hydrogen source=0 target=3 amount=32768000 ok=true value=false extra=0 before=0/0
[2022-10-23 11:09:03] [DEBUG] [EOH] Transfer paused for Hydrogen; waiting for target space (attempt 47)
[2022-10-23 11:11:13] [INFO] [EOH] TRANSFER_RESULT Helium source=1 target=3 amount=32768000 ok=true value=true extra=32768000 before=128000000/0
[2022-10-23 11:11:13] [INFO] [EOH] Передано Helium: 32768000L
[2022-10-23 11:13:30] [INFO] [EOH] TRANSFER_RESULT Hydrogen source=0 target=3 amount=32768000 ok=true value=true extra=32768000 before=128000000/0
[2022-10-23 11:13:30] [INFO] [EOH] Передано Hydrogen: 32768000L
[2022-10-23 11:15:39] [INFO] [EOH] TRANSFER_RESULT Helium source=1 target=3 amount=32768000 ok=true value=true extra=32768000 before=128000000/0
[2022-10-23 11:15:39] [INFO] [EOH] Передано Helium: 32768000L
[2022-10-23 11:15:57] [INFO] [EOH] TRANSFER_RESULT Hydrogen source=0 target=3 amount=32768000 ok=true value=false extra=0 before=0/0
[2022-10-23 11:15:57] [DEBUG] [EOH] Transfer paused for Hydrogen; waiting for target space (attempt 48)
[2022-10-23 11:18:07] [INFO] [EOH] TRANSFER_RESULT Helium source=1 target=3 amount=32768000 ok=true value=true extra=32768000 before=128000000/0
[2022-10-23 11:18:07] [INFO] [EOH] Передано Helium: 32768000L
[2022-10-23 11:20:24] [INFO] [EOH] TRANSFER_RESULT Hydrogen source=0 target=3 amount=32768000 ok=true value=true extra=32768000 before=128000000/0
[2022-10-23 11:20:24] [INFO] [EOH] Передано Hydrogen: 32768000L
[2022-10-23 11:22:33] [INFO] [EOH] TRANSFER_RESULT Helium source=1 target=3 amount=32768000 ok=true value=true extra=32768000 before=128000000/0
[2022-10-23 11:22:33] [INFO] [EOH] Передано Helium: 32768000L
[2022-10-23 11:22:51] [INFO] [EOH] TRANSFER_RESULT Hydrogen source=0 target=3 amount=32768000 ok=true value=false extra=0 before=0/0
[2022-10-23 11:22:51] [DEBUG] [EOH] Transfer paused for Hydrogen; waiting for target space (attempt 49)
[2022-10-23 11:25:01] [INFO] [EOH] TRANSFER_RESULT Helium source=1 target=3 amount=32768000 ok=true value=true extra=32768000 before=128000000/0
[2022-10-23 11:25:01] [INFO] [EOH] Передано Helium: 32768000L
[2022-10-23 11:27:21] [INFO] [EOH] TRANSFER_RESULT Hydrogen source=0 target=3 amount=32768000 ok=true value=true extra=32768000 before=128000000/0
[2022-10-23 11:27:21] [INFO] [EOH] Передано Hydrogen: 32768000L
[2022-10-23 11:29:31] [INFO] [EOH] TRANSFER_RESULT Helium source=1 target=3 amount=32768000 ok=true value=true extra=32768000 before=128000000/0
[2022-10-23 11:29:31] [INFO] [EOH] Передано Helium: 32768000L
[2022-10-23 11:29:49] [INFO] [EOH] TRANSFER_RESULT Hydrogen source=0 target=3 amount=32768000 ok=true value=false extra=0 before=0/0
[2022-10-23 11:29:49] [DEBUG] [EOH] Transfer paused for Hydrogen; waiting for target space (attempt 50)
[2022-10-23 11:31:58] [INFO] [EOH] TRANSFER_RESULT Helium source=1 target=3 amount=32768000 ok=true value=true extra=32768000 before=128000000/0
[2022-10-23 11:31:58] [INFO] [EOH] Передано Helium: 32768000L
[2022-10-23 11:34:15] [INFO] [EOH] TRANSFER_RESULT Hydrogen source=0 target=3 amount=32768000 ok=true value=true extra=32768000 before=128000000/0
[2022-10-23 11:34:15] [INFO] [EOH] Передано Hydrogen: 32768000L
[2022-10-23 11:36:25] [INFO] [EOH] TRANSFER_RESULT Helium source=1 target=3 amount=32768000 ok=true value=true extra=32768000 before=128000000/0
[2022-10-23 11:36:25] [INFO] [EOH] Передано Helium: 32768000L
[2022-10-23 11:36:43] [INFO] [EOH] TRANSFER_RESULT Hydrogen source=0 target=3 amount=32768000 ok=true value=false extra=0 before=0/0
[2022-10-23 11:36:43] [DEBUG] [EOH] Transfer paused for Hydrogen; waiting for target space (attempt 51)
[2022-10-23 11:38:52] [INFO] [EOH] TRANSFER_RESULT Helium source=1 target=3 amount=32768000 ok=true value=true extra=32768000 before=128000000/0
[2022-10-23 11:38:52] [INFO] [EOH] Передано Helium: 32768000L
[2022-10-23 11:41:13] [INFO] [EOH] TRANSFER_RESULT Hydrogen source=0 target=3 amount=32768000 ok=true value=true extra=32768000 before=128000000/0
[2022-10-23 11:41:13] [INFO] [EOH] Передано Hydrogen: 32768000L
[2022-10-23 11:43:22] [INFO] [EOH] TRANSFER_RESULT Helium source=1 target=3 amount=32768000 ok=true value=true extra=32768000 before=128000000/0
[2022-10-23 11:43:22] [INFO] [EOH] Передано Helium: 32768000L
[2022-10-23 11:43:40] [INFO] [EOH] TRANSFER_RESULT Hydrogen source=0 target=3 amount=32768000 ok=true value=false extra=0 before=0/0
[2022-10-23 11:43:40] [DEBUG] [EOH] Transfer paused for Hydrogen; waiting for target space (attempt 52)
[2022-10-23 11:45:50] [INFO] [EOH] TRANSFER_RESULT Helium source=1 target=3 amount=32768000 ok=true value=true extra=32768000 before=128000000/0
[2022-10-23 11:45:50] [INFO] [EOH] Передано Helium: 32768000L
[2022-10-23 11:48:14] [INFO] [EOH] TRANSFER_RESULT Hydrogen source=0 target=3 amount=32768000 ok=true value=true extra=32768000 before=128000000/0
[2022-10-23 11:48:14] [INFO] [EOH] Передано Hydrogen: 32768000L
[2022-10-23 11:50:24] [INFO] [EOH] TRANSFER_RESULT Helium source=1 target=3 amount=32768000 ok=true value=true extra=32768000 before=128000000/0
[2022-10-23 11:50:24] [INFO] [EOH] Передано Helium: 32768000L
[2022-10-23 11:50:42] [INFO] [EOH] TRANSFER_RESULT Hydrogen source=0 target=3 amount=32768000 ok=true value=false extra=0 before=0/0
[2022-10-23 11:50:42] [DEBUG] [EOH] Transfer paused for Hydrogen; waiting for target space (attempt 53)
[2022-10-23 11:52:51] [INFO] [EOH] TRANSFER_RESULT Helium source=1 target=3 amount=32768000 ok=true value=true extra=32768000 before=128000000/0
[2022-10-23 11:52:51] [INFO] [EOH] Передано Helium: 32768000L
[2022-10-23 11:55:12] [INFO] [EOH] TRANSFER_RESULT Hydrogen source=0 target=3 amount=32768000 ok=true value=true extra=32768000 before=128000000/0
[2022-10-23 11:55:12] [INFO] [EOH] Передано Hydrogen: 32768000L
[2022-10-23 11:57:21] [INFO] [EOH] TRANSFER_RESULT Helium source=1 target=3 amount=32768000 ok=true value=true extra=32768000 before=128000000/0
[2022-10-23 11:57:21] [INFO] [EOH] Передано Helium: 32768000L
[2022-10-23 11:57:39] [INFO] [EOH] TRANSFER_RESULT Hydrogen source=0 target=3 amount=32768000 ok=true value=false extra=0 before=0/0
[2022-10-23 11:57:39] [DEBUG] [EOH] Transfer paused for Hydrogen; waiting for target space (attempt 54)
[2022-10-23 11:59:49] [INFO] [EOH] TRANSFER_RESULT Helium source=1 target=3 amount=32768000 ok=true value=true extra=32768000 before=128000000/0
[2022-10-23 11:59:49] [INFO] [EOH] Передано Helium: 32768000L
[2022-10-23 12:02:06] [INFO] [EOH] TRANSFER_RESULT Hydrogen source=0 target=3 amount=32768000 ok=true value=true extra=32768000 before=128000000/0
[2022-10-23 12:02:06] [INFO] [EOH] Передано Hydrogen: 32768000L
[2022-10-23 12:04:15] [INFO] [EOH] TRANSFER_RESULT Helium source=1 target=3 amount=32768000 ok=true value=true extra=32768000 before=128000000/0
[2022-10-23 12:04:15] [INFO] [EOH] Передано Helium: 32768000L
[2022-10-23 12:04:33] [INFO] [EOH] TRANSFER_RESULT Hydrogen source=0 target=3 amount=32768000 ok=true value=false extra=0 before=0/0
[2022-10-23 12:04:33] [DEBUG] [EOH] Transfer paused for Hydrogen; waiting for target space (attempt 55)
[2022-10-23 12:06:43] [INFO] [EOH] TRANSFER_RESULT Helium source=1 target=3 amount=32768000 ok=true value=true extra=32768000 before=128000000/0
[2022-10-23 12:06:43] [INFO] [EOH] Передано Helium: 32768000L
[2022-10-23 12:09:07] [INFO] [EOH] TRANSFER_RESULT Hydrogen source=0 target=3 amount=32768000 ok=true value=true extra=32768000 before=128000000/0
[2022-10-23 12:09:07] [INFO] [EOH] Передано Hydrogen: 32768000L
[2022-10-23 12:11:16] [INFO] [EOH] TRANSFER_RESULT Helium source=1 target=3 amount=32768000 ok=true value=true extra=32768000 before=128000000/0
[2022-10-23 12:11:16] [INFO] [EOH] Передано Helium: 32768000L
[2022-10-23 12:11:34] [INFO] [EOH] TRANSFER_RESULT Hydrogen source=0 target=3 amount=32768000 ok=true value=false extra=0 before=0/0
[2022-10-23 12:11:34] [DEBUG] [EOH] Transfer paused for Hydrogen; waiting for target space (attempt 56)
[2022-10-23 12:13:44] [INFO] [EOH] TRANSFER_RESULT Helium source=1 target=3 amount=32768000 ok=true value=true extra=32768000 before=128000000/0
[2022-10-23 12:13:44] [INFO] [EOH] Передано Helium: 32768000L
[2022-10-23 12:16:01] [INFO] [EOH] TRANSFER_RESULT Hydrogen source=0 target=3 amount=32768000 ok=true value=true extra=32768000 before=128000000/0
[2022-10-23 12:16:01] [INFO] [EOH] Передано Hydrogen: 32768000L
[2022-10-23 12:18:10] [INFO] [EOH] TRANSFER_RESULT Helium source=1 target=3 amount=32768000 ok=true value=true extra=32768000 before=128000000/0
[2022-10-23 12:18:10] [INFO] [EOH] Передано Helium: 32768000L
[2022-10-23 12:18:28] [INFO] [EOH] TRANSFER_RESULT Hydrogen source=0 target=3 amount=32768000 ok=true value=false extra=0 before=0/0
[2022-10-23 12:18:28] [DEBUG] [EOH] Transfer paused for Hydrogen; waiting for target space (attempt 57)
[2022-10-23 12:20:38] [INFO] [EOH] TRANSFER_RESULT Helium source=1 target=3 amount=32768000 ok=true value=true extra=32768000 before=128000000/0
[2022-10-23 12:20:38] [INFO] [EOH] Передано Helium: 32768000L
[2022-10-23 12:22:55] [INFO] [EOH] TRANSFER_RESULT Hydrogen source=0 target=3 amount=32768000 ok=true value=true extra=32768000 before=128000000/0
[2022-10-23 12:22:55] [INFO] [EOH] Передано Hydrogen: 32768000L
[2022-10-23 12:25:04] [INFO] [EOH] TRANSFER_RESULT Helium source=1 target=3 amount=32768000 ok=true value=true extra=32768000 before=128000000/0
[2022-10-23 12:25:04] [INFO] [EOH] Передано Helium: 32768000L
[2022-10-23 12:25:22] [INFO] [EOH] TRANSFER_RESULT Hydrogen source=0 target=3 amount=32768000 ok=true value=false extra=0 before=0/0
[2022-10-23 12:25:22] [DEBUG] [EOH] Transfer paused for Hydrogen; waiting for target space (attempt 58)
[2022-10-23 12:27:32] [INFO] [EOH] TRANSFER_RESULT Helium source=1 target=3 amount=32768000 ok=true value=true extra=32768000 before=128000000/0
[2022-10-23 12:27:32] [INFO] [EOH] Передано Helium: 32768000L
[2022-10-23 12:29:52] [INFO] [EOH] TRANSFER_RESULT Hydrogen source=0 target=3 amount=32768000 ok=true value=true extra=32768000 before=128000000/0
[2022-10-23 12:29:52] [INFO] [EOH] Передано Hydrogen: 32768000L
[2022-10-23 12:32:02] [INFO] [EOH] TRANSFER_RESULT Helium source=1 target=3 amount=32768000 ok=true value=true extra=32768000 before=128000000/0
[2022-10-23 12:32:02] [INFO] [EOH] Передано Helium: 32768000L
[2022-10-23 12:32:20] [INFO] [EOH] TRANSFER_RESULT Hydrogen source=0 target=3 amount=32768000 ok=true value=false extra=0 before=0/0
[2022-10-23 12:32:20] [DEBUG] [EOH] Transfer paused for Hydrogen; waiting for target space (attempt 59)
[2022-10-23 12:34:30] [INFO] [EOH] TRANSFER_RESULT Helium source=1 target=3 amount=32768000 ok=true value=true extra=32768000 before=128000000/0
[2022-10-23 12:34:30] [INFO] [EOH] Передано Helium: 32768000L
[2022-10-23 12:36:50] [INFO] [EOH] TRANSFER_RESULT Hydrogen source=0 target=3 amount=32768000 ok=true value=true extra=32768000 before=128000000/0
[2022-10-23 12:36:50] [INFO] [EOH] Передано Hydrogen: 32768000L
[2022-10-23 12:39:03] [INFO] [EOH] TRANSFER_RESULT Helium source=1 target=3 amount=32768000 ok=true value=true extra=32768000 before=128000000/0
[2022-10-23 12:39:03] [INFO] [EOH] Передано Helium: 32768000L
[2022-10-23 12:39:21] [INFO] [EOH] TRANSFER_RESULT Hydrogen source=0 target=3 amount=32768000 ok=true value=false extra=0 before=0/0
[2022-10-23 12:39:21] [DEBUG] [EOH] Transfer paused for Hydrogen; waiting for target space (attempt 60)
[2022-10-23 12:41:31] [INFO] [EOH] TRANSFER_RESULT Helium source=1 target=3 amount=32768000 ok=true value=true extra=32768000 before=128000000/0
[2022-10-23 12:41:31] [INFO] [EOH] Передано Helium: 32768000L
[2022-10-23 12:43:48] [INFO] [EOH] TRANSFER_RESULT Hydrogen source=0 target=3 amount=32768000 ok=true value=true extra=32768000 before=128000000/0
[2022-10-23 12:43:48] [INFO] [EOH] Передано Hydrogen: 32768000L
[2022-10-23 12:45:57] [INFO] [EOH] TRANSFER_RESULT Helium source=1 target=3 amount=32768000 ok=true value=true extra=32768000 before=128000000/0
[2022-10-23 12:45:57] [INFO] [EOH] Передано Helium: 32768000L
[2022-10-23 12:46:15] [INFO] [EOH] TRANSFER_RESULT Hydrogen source=0 target=3 amount=32768000 ok=true value=false extra=0 before=0/0
[2022-10-23 12:46:15] [DEBUG] [EOH] Transfer paused for Hydrogen; waiting for target space (attempt 61)
[2022-10-23 12:48:25] [INFO] [EOH] TRANSFER_RESULT Helium source=1 target=3 amount=32768000 ok=true value=true extra=32768000 before=128000000/0
[2022-10-23 12:48:25] [INFO] [EOH] Передано Helium: 32768000L
[2022-10-23 12:50:45] [INFO] [EOH] TRANSFER_RESULT Hydrogen source=0 target=3 amount=32768000 ok=true value=true extra=32768000 before=128000000/0
[2022-10-23 12:50:49] [INFO] [EOH] Передано Hydrogen: 32768000L
[2022-10-23 12:52:58] [INFO] [EOH] TRANSFER_RESULT Helium source=1 target=3 amount=32768000 ok=true value=true extra=32768000 before=128000000/0
[2022-10-23 12:52:58] [INFO] [EOH] Передано Helium: 32768000L
[2022-10-23 12:53:16] [INFO] [EOH] TRANSFER_RESULT Hydrogen source=0 target=3 amount=32768000 ok=true value=false extra=0 before=0/0
[2022-10-23 12:53:16] [DEBUG] [EOH] Transfer paused for Hydrogen; waiting for target space (attempt 62)
[2022-10-23 12:55:26] [INFO] [EOH] TRANSFER_RESULT Helium source=1 target=3 amount=32768000 ok=true value=true extra=32768000 before=128000000/0
[2022-10-23 12:55:26] [INFO] [EOH] Передано Helium: 32768000L
[2022-10-23 12:57:43] [INFO] [EOH] TRANSFER_RESULT Hydrogen source=0 target=3 amount=32768000 ok=true value=true extra=32768000 before=128000000/0
[2022-10-23 12:57:43] [INFO] [EOH] Передано Hydrogen: 32768000L
[2022-10-23 12:59:52] [INFO] [EOH] TRANSFER_RESULT Helium source=1 target=3 amount=32768000 ok=true value=true extra=32768000 before=128000000/0
[2022-10-23 12:59:52] [INFO] [EOH] Передано Helium: 32768000L
[2022-10-23 13:00:10] [INFO] [EOH] TRANSFER_RESULT Hydrogen source=0 target=3 amount=32768000 ok=true value=false extra=0 before=0/0
[2022-10-23 13:00:10] [DEBUG] [EOH] Transfer paused for Hydrogen; waiting for target space (attempt 63)
[2022-10-23 13:02:20] [INFO] [EOH] TRANSFER_RESULT Helium source=1 target=3 amount=32768000 ok=true value=true extra=32768000 before=128000000/0
[2022-10-23 13:02:20] [INFO] [EOH] Передано Helium: 32768000L
[2022-10-23 13:04:37] [INFO] [EOH] TRANSFER_RESULT Hydrogen source=0 target=3 amount=32768000 ok=true value=true extra=32768000 before=128000000/0
[2022-10-23 13:04:37] [INFO] [EOH] Передано Hydrogen: 32768000L
[2022-10-23 13:06:46] [INFO] [EOH] TRANSFER_RESULT Helium source=1 target=3 amount=32768000 ok=true value=true extra=32768000 before=128000000/0
[2022-10-23 13:06:46] [INFO] [EOH] Передано Helium: 32768000L
[2022-10-23 13:07:08] [INFO] [EOH] TRANSFER_RESULT Hydrogen source=0 target=3 amount=32768000 ok=true value=false extra=0 before=0/0
[2022-10-23 13:07:08] [DEBUG] [EOH] Transfer paused for Hydrogen; waiting for target space (attempt 64)
[2022-10-23 13:09:18] [INFO] [EOH] TRANSFER_RESULT Helium source=1 target=3 amount=32768000 ok=true value=true extra=32768000 before=128000000/0
[2022-10-23 13:09:18] [INFO] [EOH] Передано Helium: 32768000L
[2022-10-23 13:11:34] [INFO] [EOH] TRANSFER_RESULT Hydrogen source=0 target=3 amount=32768000 ok=true value=true extra=32768000 before=128000000/0
[2022-10-23 13:11:34] [INFO] [EOH] Передано Hydrogen: 32768000L
[2022-10-23 13:13:44] [INFO] [EOH] TRANSFER_RESULT Helium source=1 target=3 amount=32768000 ok=true value=true extra=32768000 before=128000000/0
[2022-10-23 13:13:44] [INFO] [EOH] Передано Helium: 32768000L
[2022-10-23 13:14:02] [INFO] [EOH] TRANSFER_RESULT Hydrogen source=0 target=3 amount=32768000 ok=true value=false extra=0 before=0/0
[2022-10-23 13:14:02] [DEBUG] [EOH] Transfer paused for Hydrogen; waiting for target space (attempt 65)
[2022-10-23 13:16:15] [INFO] [EOH] TRANSFER_RESULT Helium source=1 target=3 amount=32768000 ok=true value=true extra=32768000 before=128000000/0
[2022-10-23 13:16:15] [INFO] [EOH] Передано Helium: 32768000L
[2022-10-23 13:18:32] [INFO] [EOH] TRANSFER_RESULT Hydrogen source=0 target=3 amount=32768000 ok=true value=true extra=32768000 before=128000000/0
[2022-10-23 13:18:32] [INFO] [EOH] Передано Hydrogen: 32768000L
[2022-10-23 13:20:42] [INFO] [EOH] TRANSFER_RESULT Helium source=1 target=3 amount=32768000 ok=true value=true extra=32768000 before=128000000/0
[2022-10-23 13:20:42] [INFO] [EOH] Передано Helium: 32768000L
[2022-10-23 13:21:00] [INFO] [EOH] TRANSFER_RESULT Hydrogen source=0 target=3 amount=32768000 ok=true value=false extra=0 before=0/0
[2022-10-23 13:21:00] [DEBUG] [EOH] Transfer paused for Hydrogen; waiting for target space (attempt 66)
[2022-10-23 13:23:09] [INFO] [EOH] TRANSFER_RESULT Helium source=1 target=3 amount=32768000 ok=true value=true extra=32768000 before=128000000/0
[2022-10-23 13:23:09] [INFO] [EOH] Передано Helium: 32768000L
[2022-10-23 13:25:26] [INFO] [EOH] TRANSFER_RESULT Hydrogen source=0 target=3 amount=32768000 ok=true value=true extra=32768000 before=128000000/0
[2022-10-23 13:25:26] [INFO] [EOH] Передано Hydrogen: 32768000L
[2022-10-23 13:27:36] [INFO] [EOH] TRANSFER_RESULT Helium source=1 target=3 amount=32768000 ok=true value=true extra=32768000 before=128000000/0
[2022-10-23 13:27:36] [INFO] [EOH] Передано Helium: 32768000L
[2022-10-23 13:27:54] [INFO] [EOH] TRANSFER_RESULT Hydrogen source=0 target=3 amount=32768000 ok=true value=false extra=0 before=0/0
[2022-10-23 13:27:54] [DEBUG] [EOH] Transfer paused for Hydrogen; waiting for target space (attempt 67)
[2022-10-23 13:30:03] [INFO] [EOH] TRANSFER_RESULT Helium source=1 target=3 amount=32768000 ok=true value=true extra=32768000 before=128000000/0
[2022-10-23 13:30:03] [INFO] [EOH] Передано Helium: 32768000L
[2022-10-23 13:32:20] [INFO] [EOH] TRANSFER_RESULT Hydrogen source=0 target=3 amount=32768000 ok=true value=true extra=32768000 before=128000000/0
[2022-10-23 13:32:20] [INFO] [EOH] Передано Hydrogen: 32768000L
[2022-10-23 13:34:30] [INFO] [EOH] TRANSFER_RESULT Helium source=1 target=3 amount=32768000 ok=true value=true extra=32768000 before=128000000/0
[2022-10-23 13:34:30] [INFO] [EOH] Передано Helium: 32768000L
[2022-10-23 13:34:48] [INFO] [EOH] TRANSFER_RESULT Hydrogen source=0 target=3 amount=32768000 ok=true value=false extra=0 before=0/0
[2022-10-23 13:34:48] [DEBUG] [EOH] Transfer paused for Hydrogen; waiting for target space (attempt 68)
[2022-10-23 13:36:57] [INFO] [EOH] TRANSFER_RESULT Helium source=1 target=3 amount=32768000 ok=true value=true extra=32768000 before=128000000/0
[2022-10-23 13:36:57] [INFO] [EOH] Передано Helium: 32768000L
[2022-10-23 13:39:14] [INFO] [EOH] TRANSFER_RESULT Hydrogen source=0 target=3 amount=32768000 ok=true value=true extra=32768000 before=128000000/0
[2022-10-23 13:39:14] [INFO] [EOH] Передано Hydrogen: 32768000L
[2022-10-23 13:41:24] [INFO] [EOH] TRANSFER_RESULT Helium source=1 target=3 amount=32768000 ok=true value=true extra=32768000 before=128000000/0
[2022-10-23 13:41:24] [INFO] [EOH] Передано Helium: 32768000L
[2022-10-23 13:41:45] [INFO] [EOH] TRANSFER_RESULT Hydrogen source=0 target=3 amount=32768000 ok=true value=false extra=0 before=0/0
[2022-10-23 13:41:45] [DEBUG] [EOH] Transfer paused for Hydrogen; waiting for target space (attempt 69)
[2022-10-23 13:43:55] [INFO] [EOH] TRANSFER_RESULT Helium source=1 target=3 amount=32768000 ok=true value=true extra=32768000 before=128000000/0
[2022-10-23 13:43:55] [INFO] [EOH] Передано Helium: 32768000L
[2022-10-23 13:46:15] [INFO] [EOH] TRANSFER_RESULT Hydrogen source=0 target=3 amount=32768000 ok=true value=true extra=32768000 before=128000000/0
[2022-10-23 13:46:15] [INFO] [EOH] Передано Hydrogen: 32768000L
[2022-10-23 13:48:25] [INFO] [EOH] TRANSFER_RESULT Helium source=1 target=3 amount=32768000 ok=true value=true extra=32768000 before=128000000/0
[2022-10-23 13:48:25] [INFO] [EOH] Передано Helium: 32768000L
[2022-10-23 13:48:43] [INFO] [EOH] TRANSFER_RESULT Hydrogen source=0 target=3 amount=32768000 ok=true value=false extra=0 before=0/0
[2022-10-23 13:48:43] [DEBUG] [EOH] Transfer paused for Hydrogen; waiting for target space (attempt 70)
[2022-10-23 13:50:52] [INFO] [EOH] TRANSFER_RESULT Helium source=1 target=3 amount=32768000 ok=true value=true extra=32768000 before=128000000/0
[2022-10-23 13:50:52] [INFO] [EOH] Передано Helium: 32768000L
[2022-10-23 13:53:09] [INFO] [EOH] TRANSFER_RESULT Hydrogen source=0 target=3 amount=32768000 ok=true value=true extra=32768000 before=128000000/0
[2022-10-23 13:53:09] [INFO] [EOH] Передано Hydrogen: 32768000L
[2022-10-23 13:55:19] [INFO] [EOH] TRANSFER_RESULT Helium source=1 target=3 amount=32768000 ok=true value=true extra=32768000 before=128000000/0
[2022-10-23 13:55:19] [INFO] [EOH] Передано Helium: 32768000L
[2022-10-23 13:55:37] [INFO] [EOH] TRANSFER_RESULT Hydrogen source=0 target=3 amount=32768000 ok=true value=false extra=0 before=0/0
[2022-10-23 13:55:37] [DEBUG] [EOH] Transfer paused for Hydrogen; waiting for target space (attempt 71)
[2022-10-23 13:57:46] [INFO] [EOH] TRANSFER_RESULT Helium source=1 target=3 amount=32768000 ok=true value=true extra=32768000 before=128000000/0
[2022-10-23 13:57:46] [INFO] [EOH] Передано Helium: 32768000L
[2022-10-23 14:00:03] [INFO] [EOH] TRANSFER_RESULT Hydrogen source=0 target=3 amount=32768000 ok=true value=true extra=32768000 before=128000000/0
[2022-10-23 14:00:03] [INFO] [EOH] Передано Hydrogen: 32768000L
[2022-10-23 14:02:13] [INFO] [EOH] TRANSFER_RESULT Helium source=1 target=3 amount=32768000 ok=true value=true extra=32768000 before=128000000/0
[2022-10-23 14:02:13] [INFO] [EOH] Передано Helium: 32768000L
[2022-10-23 14:02:31] [INFO] [EOH] TRANSFER_RESULT Hydrogen source=0 target=3 amount=32768000 ok=true value=false extra=0 before=0/0
[2022-10-23 14:02:31] [DEBUG] [EOH] Transfer paused for Hydrogen; waiting for target space (attempt 72)
[2022-10-23 14:04:40] [INFO] [EOH] TRANSFER_RESULT Helium source=1 target=3 amount=32768000 ok=true value=true extra=32768000 before=128000000/0
[2022-10-23 14:04:40] [INFO] [EOH] Передано Helium: 32768000L
[2022-10-23 14:06:57] [INFO] [EOH] TRANSFER_RESULT Hydrogen source=0 target=3 amount=32768000 ok=true value=true extra=32768000 before=128000000/0
[2022-10-23 14:06:57] [INFO] [EOH] Передано Hydrogen: 32768000L
[2022-10-23 14:09:07] [INFO] [EOH] TRANSFER_RESULT Helium source=1 target=3 amount=32768000 ok=true value=true extra=32768000 before=128000000/0
[2022-10-23 14:09:07] [INFO] [EOH] Передано Helium: 32768000L
[2022-10-23 14:09:25] [INFO] [EOH] TRANSFER_RESULT Hydrogen source=0 target=3 amount=32768000 ok=true value=false extra=0 before=0/0
[2022-10-23 14:09:25] [DEBUG] [EOH] Transfer paused for Hydrogen; waiting for target space (attempt 73)
[2022-10-23 14:11:34] [INFO] [EOH] TRANSFER_RESULT Helium source=1 target=3 amount=32768000 ok=true value=true extra=32768000 before=128000000/0
[2022-10-23 14:11:34] [INFO] [EOH] Передано Helium: 32768000L
[2022-10-23 14:13:55] [INFO] [EOH] TRANSFER_RESULT Hydrogen source=0 target=3 amount=32768000 ok=true value=true extra=32768000 before=128000000/0
[2022-10-23 14:13:55] [INFO] [EOH] Передано Hydrogen: 32768000L
[2022-10-23 14:16:04] [INFO] [EOH] TRANSFER_RESULT Helium source=1 target=3 amount=32768000 ok=true value=true extra=32768000 before=128000000/0
[2022-10-23 14:16:04] [INFO] [EOH] Передано Helium: 32768000L
[2022-10-23 14:16:22] [INFO] [EOH] TRANSFER_RESULT Hydrogen source=0 target=3 amount=32768000 ok=true value=false extra=0 before=0/0
[2022-10-23 14:16:22] [DEBUG] [EOH] Transfer paused for Hydrogen; waiting for target space (attempt 74)
[2022-10-23 14:18:32] [INFO] [EOH] TRANSFER_RESULT Helium source=1 target=3 amount=32768000 ok=true value=true extra=32768000 before=128000000/0
[2022-10-23 14:18:32] [INFO] [EOH] Передано Helium: 32768000L
[2022-10-23 14:20:49] [INFO] [EOH] TRANSFER_RESULT Hydrogen source=0 target=3 amount=32768000 ok=true value=true extra=32768000 before=128000000/0
[2022-10-23 14:20:49] [INFO] [EOH] Передано Hydrogen: 32768000L
[2022-10-23 14:22:58] [INFO] [EOH] TRANSFER_RESULT Helium source=1 target=3 amount=32768000 ok=true value=true extra=32768000 before=128000000/0
[2022-10-23 14:22:58] [INFO] [EOH] Передано Helium: 32768000L
[2022-10-23 14:23:20] [INFO] [EOH] TRANSFER_RESULT Hydrogen source=0 target=3 amount=32768000 ok=true value=false extra=0 before=0/0
[2022-10-23 14:23:20] [DEBUG] [EOH] Transfer paused for Hydrogen; waiting for target space (attempt 75)
[2022-10-23 14:25:37] [INFO] [EOH] TRANSFER_RESULT Helium source=1 target=3 amount=32768000 ok=true value=true extra=32768000 before=128000000/0
[2022-10-23 14:25:37] [INFO] [EOH] Передано Helium: 32768000L
[2022-10-23 14:27:57] [INFO] [EOH] TRANSFER_RESULT Hydrogen source=0 target=3 amount=32768000 ok=true value=true extra=32768000 before=128000000/0
[2022-10-23 14:27:57] [INFO] [EOH] Передано Hydrogen: 32768000L
[2022-10-23 14:30:07] [INFO] [EOH] TRANSFER_RESULT Helium source=1 target=3 amount=32768000 ok=true value=true extra=32768000 before=128000000/0
[2022-10-23 14:30:07] [INFO] [EOH] Передано Helium: 32768000L
[2022-10-23 14:30:25] [INFO] [EOH] TRANSFER_RESULT Hydrogen source=0 target=3 amount=32768000 ok=true value=false extra=0 before=0/0
[2022-10-23 14:30:25] [DEBUG] [EOH] Transfer paused for Hydrogen; waiting for target space (attempt 76)
[2022-10-23 14:32:34] [INFO] [EOH] TRANSFER_RESULT Helium source=1 target=3 amount=32768000 ok=true value=true extra=32768000 before=128000000/0
[2022-10-23 14:32:34] [INFO] [EOH] Передано Helium: 32768000L
[2022-10-23 14:34:51] [INFO] [EOH] TRANSFER_RESULT Hydrogen source=0 target=3 amount=32768000 ok=true value=true extra=32768000 before=128000000/0
[2022-10-23 14:34:51] [INFO] [EOH] Передано Hydrogen: 32768000L
[2022-10-23 14:37:01] [INFO] [EOH] TRANSFER_RESULT Helium source=1 target=3 amount=32768000 ok=true value=true extra=32768000 before=128000000/0
[2022-10-23 14:37:01] [INFO] [EOH] Передано Helium: 32768000L
[2022-10-23 14:37:19] [INFO] [EOH] TRANSFER_RESULT Hydrogen source=0 target=3 amount=32768000 ok=true value=false extra=0 before=0/0
[2022-10-23 14:37:19] [DEBUG] [EOH] Transfer paused for Hydrogen; waiting for target space (attempt 77)
[2022-10-23 14:39:28] [INFO] [EOH] TRANSFER_RESULT Helium source=1 target=3 amount=32768000 ok=true value=true extra=32768000 before=128000000/0
[2022-10-23 14:39:28] [INFO] [EOH] Передано Helium: 32768000L
[2022-10-23 14:41:45] [INFO] [EOH] TRANSFER_RESULT Hydrogen source=0 target=3 amount=32768000 ok=true value=true extra=32768000 before=128000000/0
[2022-10-23 14:41:45] [INFO] [EOH] Передано Hydrogen: 32768000L
[2022-10-23 14:43:55] [INFO] [EOH] TRANSFER_RESULT Helium source=1 target=3 amount=32768000 ok=true value=true extra=32768000 before=128000000/0
[2022-10-23 14:43:55] [INFO] [EOH] Передано Helium: 32768000L
[2022-10-23 14:44:13] [INFO] [EOH] TRANSFER_RESULT Hydrogen source=0 target=3 amount=32768000 ok=true value=false extra=0 before=0/0
[2022-10-23 14:44:13] [DEBUG] [EOH] Transfer paused for Hydrogen; waiting for target space (attempt 78)
[2022-10-23 14:46:22] [INFO] [EOH] TRANSFER_RESULT Helium source=1 target=3 amount=32768000 ok=true value=true extra=32768000 before=128000000/0
[2022-10-23 14:46:26] [INFO] [EOH] Передано Helium: 32768000L
[2022-10-23 14:48:43] [INFO] [EOH] TRANSFER_RESULT Hydrogen source=0 target=3 amount=32768000 ok=true value=true extra=32768000 before=128000000/0
[2022-10-23 14:48:43] [INFO] [EOH] Передано Hydrogen: 32768000L
[2022-10-23 14:50:52] [INFO] [EOH] TRANSFER_RESULT Helium source=1 target=3 amount=32768000 ok=true value=true extra=32768000 before=128000000/0
[2022-10-23 14:50:52] [INFO] [EOH] Передано Helium: 32768000L
[2022-10-23 14:51:10] [INFO] [EOH] TRANSFER_RESULT Hydrogen source=0 target=3 amount=32768000 ok=true value=false extra=0 before=0/0
[2022-10-23 14:51:10] [DEBUG] [EOH] Transfer paused for Hydrogen; waiting for target space (attempt 79)
[2022-10-23 14:53:20] [INFO] [EOH] TRANSFER_RESULT Helium source=1 target=3 amount=32768000 ok=true value=true extra=32768000 before=128000000/0
[2022-10-23 14:53:20] [INFO] [EOH] Передано Helium: 32768000L
[2022-10-23 14:55:40] [INFO] [EOH] TRANSFER_RESULT Hydrogen source=0 target=3 amount=32768000 ok=true value=true extra=32768000 before=128000000/0
[2022-10-23 14:55:40] [INFO] [EOH] Передано Hydrogen: 32768000L
[2022-10-23 14:57:50] [INFO] [EOH] TRANSFER_RESULT Helium source=1 target=3 amount=32768000 ok=true value=true extra=32768000 before=128000000/0
[2022-10-23 14:57:50] [INFO] [EOH] Передано Helium: 32768000L
[2022-10-23 14:58:08] [INFO] [EOH] TRANSFER_RESULT Hydrogen source=0 target=3 amount=32768000 ok=true value=false extra=0 before=0/0
[2022-10-23 14:58:08] [DEBUG] [EOH] Transfer paused for Hydrogen; waiting for target space (attempt 80)
[2022-10-23 15:00:18] [INFO] [EOH] TRANSFER_RESULT Helium source=1 target=3 amount=32768000 ok=true value=true extra=32768000 before=128000000/0
[2022-10-23 15:00:18] [INFO] [EOH] Передано Helium: 32768000L
[2022-10-23 15:02:34] [INFO] [EOH] TRANSFER_RESULT Hydrogen source=0 target=3 amount=32768000 ok=true value=true extra=32768000 before=128000000/0
[2022-10-23 15:02:34] [INFO] [EOH] Передано Hydrogen: 32768000L
[2022-10-23 15:04:44] [INFO] [EOH] TRANSFER_RESULT Helium source=1 target=3 amount=32768000 ok=true value=true extra=32768000 before=128000000/0
[2022-10-23 15:04:44] [INFO] [EOH] Передано Helium: 32768000L
[2022-10-23 15:05:02] [INFO] [EOH] TRANSFER_RESULT Hydrogen source=0 target=3 amount=32768000 ok=true value=false extra=0 before=0/0
[2022-10-23 15:05:02] [DEBUG] [EOH] Transfer paused for Hydrogen; waiting for target space (attempt 81)
[2022-10-23 15:07:12] [INFO] [EOH] TRANSFER_RESULT Helium source=1 target=3 amount=32768000 ok=true value=true extra=32768000 before=128000000/0
[2022-10-23 15:07:12] [INFO] [EOH] Передано Helium: 32768000L
[2022-10-23 15:09:32] [INFO] [EOH] TRANSFER_RESULT Hydrogen source=0 target=3 amount=32768000 ok=true value=true extra=32768000 before=128000000/0
[2022-10-23 15:09:32] [INFO] [EOH] Передано Hydrogen: 32768000L
[2022-10-23 15:11:42] [INFO] [EOH] TRANSFER_RESULT Helium source=1 target=3 amount=32768000 ok=true value=true extra=32768000 before=128000000/0
[2022-10-23 15:11:42] [INFO] [EOH] Передано Helium: 32768000L
[2022-10-23 15:12:00] [INFO] [EOH] TRANSFER_RESULT Hydrogen source=0 target=3 amount=32768000 ok=true value=false extra=0 before=0/0
[2022-10-23 15:12:00] [DEBUG] [EOH] Transfer paused for Hydrogen; waiting for target space (attempt 82)
[2022-10-23 15:14:09] [INFO] [EOH] TRANSFER_RESULT Helium source=1 target=3 amount=32768000 ok=true value=true extra=32768000 before=128000000/0
[2022-10-23 15:14:09] [INFO] [EOH] Передано Helium: 32768000L
[2022-10-23 15:16:26] [INFO] [EOH] TRANSFER_RESULT Hydrogen source=0 target=3 amount=32768000 ok=true value=true extra=32768000 before=128000000/0
[2022-10-23 15:16:26] [INFO] [EOH] Передано Hydrogen: 32768000L
[2022-10-23 15:18:36] [INFO] [EOH] TRANSFER_RESULT Helium source=1 target=3 amount=32768000 ok=true value=true extra=32768000 before=128000000/0
[2022-10-23 15:18:36] [INFO] [EOH] Передано Helium: 32768000L
[2022-10-23 15:18:54] [INFO] [EOH] TRANSFER_RESULT Hydrogen source=0 target=3 amount=32768000 ok=true value=false extra=0 before=0/0
[2022-10-23 15:18:54] [DEBUG] [EOH] Transfer paused for Hydrogen; waiting for target space (attempt 83)
[2022-10-23 15:21:03] [INFO] [EOH] TRANSFER_RESULT Helium source=1 target=3 amount=32768000 ok=true value=true extra=32768000 before=128000000/0
[2022-10-23 15:21:03] [INFO] [EOH] Передано Helium: 32768000L
[2022-10-23 15:23:20] [INFO] [EOH] TRANSFER_RESULT Hydrogen source=0 target=3 amount=32768000 ok=true value=true extra=32768000 before=128000000/0
[2022-10-23 15:23:20] [INFO] [EOH] Передано Hydrogen: 32768000L
[2022-10-23 15:25:30] [INFO] [EOH] TRANSFER_RESULT Helium source=1 target=3 amount=32768000 ok=true value=true extra=32768000 before=128000000/0
[2022-10-23 15:25:30] [INFO] [EOH] Передано Helium: 32768000L
[2022-10-23 15:25:48] [INFO] [EOH] TRANSFER_RESULT Hydrogen source=0 target=3 amount=32768000 ok=true value=false extra=0 before=0/0
[2022-10-23 15:25:48] [DEBUG] [EOH] Transfer paused for Hydrogen; waiting for target space (attempt 84)
[2022-10-23 15:27:57] [INFO] [EOH] TRANSFER_RESULT Helium source=1 target=3 amount=32768000 ok=true value=true extra=32768000 before=128000000/0
[2022-10-23 15:27:57] [INFO] [EOH] Передано Helium: 32768000L
[2022-10-23 15:30:14] [INFO] [EOH] TRANSFER_RESULT Hydrogen source=0 target=3 amount=32768000 ok=true value=true extra=32768000 before=128000000/0
[2022-10-23 15:30:14] [INFO] [EOH] Передано Hydrogen: 32768000L
[2022-10-23 15:32:24] [INFO] [EOH] TRANSFER_RESULT Helium source=1 target=3 amount=32768000 ok=true value=true extra=32768000 before=128000000/0
[2022-10-23 15:32:24] [INFO] [EOH] Передано Helium: 32768000L
[2022-10-23 15:32:45] [INFO] [EOH] TRANSFER_RESULT Hydrogen source=0 target=3 amount=32768000 ok=true value=false extra=0 before=0/0
[2022-10-23 15:32:45] [DEBUG] [EOH] Transfer paused for Hydrogen; waiting for target space (attempt 85)
[2022-10-23 15:34:55] [INFO] [EOH] TRANSFER_RESULT Helium source=1 target=3 amount=32768000 ok=true value=true extra=32768000 before=128000000/0
[2022-10-23 15:34:55] [INFO] [EOH] Передано Helium: 32768000L
[2022-10-23 15:37:15] [INFO] [EOH] TRANSFER_RESULT Hydrogen source=0 target=3 amount=32768000 ok=true value=true extra=32768000 before=128000000/0
[2022-10-23 15:37:15] [INFO] [EOH] Передано Hydrogen: 32768000L
[2022-10-23 15:39:32] [INFO] [EOH] TRANSFER_RESULT Helium source=1 target=3 amount=32768000 ok=true value=true extra=32768000 before=128000000/0
[2022-10-23 15:39:32] [INFO] [EOH] Передано Helium: 32768000L
[2022-10-23 15:39:50] [INFO] [EOH] TRANSFER_RESULT Hydrogen source=0 target=3 amount=32768000 ok=true value=false extra=0 before=0/0
[2022-10-23 15:39:50] [DEBUG] [EOH] Transfer paused for Hydrogen; waiting for target space (attempt 86)
[2022-10-23 15:42:00] [INFO] [EOH] TRANSFER_RESULT Helium source=1 target=3 amount=32768000 ok=true value=true extra=32768000 before=128000000/0
[2022-10-23 15:42:00] [INFO] [EOH] Передано Helium: 32768000L
[2022-10-23 15:44:16] [INFO] [EOH] TRANSFER_RESULT Hydrogen source=0 target=3 amount=32768000 ok=true value=true extra=32768000 before=128000000/0
[2022-10-23 15:44:16] [INFO] [EOH] Передано Hydrogen: 32768000L
[2022-10-23 15:46:26] [INFO] [EOH] TRANSFER_RESULT Helium source=1 target=3 amount=32768000 ok=true value=true extra=32768000 before=128000000/0
[2022-10-23 15:46:26] [INFO] [EOH] Передано Helium: 32768000L
[2022-10-23 15:46:48] [INFO] [EOH] TRANSFER_RESULT Hydrogen source=0 target=3 amount=32768000 ok=true value=false extra=0 before=0/0
[2022-10-23 15:46:48] [DEBUG] [EOH] Transfer paused for Hydrogen; waiting for target space (attempt 87)
[2022-10-23 15:48:57] [INFO] [EOH] TRANSFER_RESULT Helium source=1 target=3 amount=32768000 ok=true value=true extra=32768000 before=128000000/0
[2022-10-23 15:48:57] [INFO] [EOH] Передано Helium: 32768000L
[2022-10-23 15:51:14] [INFO] [EOH] TRANSFER_RESULT Hydrogen source=0 target=3 amount=32768000 ok=true value=true extra=32768000 before=128000000/0
[2022-10-23 15:51:14] [INFO] [EOH] Передано Hydrogen: 32768000L
[2022-10-23 15:53:27] [INFO] [EOH] TRANSFER_RESULT Helium source=1 target=3 amount=32768000 ok=true value=true extra=32768000 before=128000000/0
[2022-10-23 15:53:27] [INFO] [EOH] Передано Helium: 32768000L
[2022-10-23 15:53:45] [INFO] [EOH] TRANSFER_RESULT Hydrogen source=0 target=3 amount=32768000 ok=true value=false extra=0 before=0/0
[2022-10-23 15:53:45] [DEBUG] [EOH] Transfer paused for Hydrogen; waiting for target space (attempt 88)
[2022-10-23 15:55:55] [INFO] [EOH] TRANSFER_RESULT Helium source=1 target=3 amount=32768000 ok=true value=true extra=32768000 before=128000000/0
[2022-10-23 15:55:55] [INFO] [EOH] Передано Helium: 32768000L
[2022-10-23 15:58:12] [INFO] [EOH] TRANSFER_RESULT Hydrogen source=0 target=3 amount=32768000 ok=true value=true extra=32768000 before=128000000/0
[2022-10-23 15:58:12] [INFO] [EOH] Передано Hydrogen: 32768000L
[2022-10-23 16:00:21] [INFO] [EOH] TRANSFER_RESULT Helium source=1 target=3 amount=32768000 ok=true value=true extra=32768000 before=128000000/0
[2022-10-23 16:00:21] [INFO] [EOH] Передано Helium: 32768000L
[2022-10-23 16:00:39] [INFO] [EOH] TRANSFER_RESULT Hydrogen source=0 target=3 amount=32768000 ok=true value=false extra=0 before=0/0
[2022-10-23 16:00:39] [DEBUG] [EOH] Transfer paused for Hydrogen; waiting for target space (attempt 89)
[2022-10-23 16:02:49] [INFO] [EOH] TRANSFER_RESULT Helium source=1 target=3 amount=32768000 ok=true value=true extra=32768000 before=128000000/0
[2022-10-23 16:02:49] [INFO] [EOH] Передано Helium: 32768000L
[2022-10-23 16:05:06] [INFO] [EOH] TRANSFER_RESULT Hydrogen source=0 target=3 amount=32768000 ok=true value=true extra=32768000 before=128000000/0
[2022-10-23 16:05:06] [INFO] [EOH] Передано Hydrogen: 32768000L
[2022-10-23 16:07:15] [INFO] [EOH] TRANSFER_RESULT Helium source=1 target=3 amount=32768000 ok=true value=true extra=32768000 before=128000000/0
[2022-10-23 16:07:15] [INFO] [EOH] Передано Helium: 32768000L
[2022-10-23 16:07:33] [INFO] [EOH] TRANSFER_RESULT Hydrogen source=0 target=3 amount=32768000 ok=true value=false extra=0 before=0/0
[2022-10-23 16:07:33] [DEBUG] [EOH] Transfer paused for Hydrogen; waiting for target space (attempt 90)
[2022-10-23 16:09:43] [INFO] [EOH] TRANSFER_RESULT Helium source=1 target=3 amount=32768000 ok=true value=true extra=32768000 before=128000000/0
[2022-10-23 16:09:43] [INFO] [EOH] Передано Helium: 32768000L
[2022-10-23 16:12:00] [INFO] [EOH] TRANSFER_RESULT Hydrogen source=0 target=3 amount=32768000 ok=true value=true extra=32768000 before=128000000/0
[2022-10-23 16:12:00] [INFO] [EOH] Передано Hydrogen: 32768000L
[2022-10-23 16:14:09] [INFO] [EOH] TRANSFER_RESULT Helium source=1 target=3 amount=32768000 ok=true value=true extra=32768000 before=128000000/0
[2022-10-23 16:14:09] [INFO] [EOH] Передано Helium: 32768000L
[2022-10-23 16:14:27] [INFO] [EOH] TRANSFER_RESULT Hydrogen source=0 target=3 amount=32768000 ok=true value=false extra=0 before=0/0
[2022-10-23 16:14:27] [DEBUG] [EOH] Transfer paused for Hydrogen; waiting for target space (attempt 91)
[2022-10-23 16:16:37] [INFO] [EOH] TRANSFER_RESULT Helium source=1 target=3 amount=32768000 ok=true value=true extra=32768000 before=128000000/0
[2022-10-23 16:16:37] [INFO] [EOH] Передано Helium: 32768000L
[2022-10-23 16:18:54] [INFO] [EOH] TRANSFER_RESULT Hydrogen source=0 target=3 amount=32768000 ok=true value=true extra=32768000 before=128000000/0
[2022-10-23 16:18:54] [INFO] [EOH] Передано Hydrogen: 32768000L
[2022-10-23 16:21:03] [INFO] [EOH] TRANSFER_RESULT Helium source=1 target=3 amount=32768000 ok=true value=true extra=32768000 before=128000000/0
[2022-10-23 16:21:03] [INFO] [EOH] Передано Helium: 32768000L
[2022-10-23 16:21:21] [INFO] [EOH] TRANSFER_RESULT Hydrogen source=0 target=3 amount=32768000 ok=true value=false extra=0 before=0/0
[2022-10-23 16:21:21] [DEBUG] [EOH] Transfer paused for Hydrogen; waiting for target space (attempt 92)
[2022-10-23 16:23:31] [INFO] [EOH] TRANSFER_RESULT Helium source=1 target=3 amount=32768000 ok=true value=true extra=32768000 before=128000000/0
[2022-10-23 16:23:31] [INFO] [EOH] Передано Helium: 32768000L
[2022-10-23 16:25:48] [INFO] [EOH] TRANSFER_RESULT Hydrogen source=0 target=3 amount=32768000 ok=true value=true extra=32768000 before=128000000/0
[2022-10-23 16:25:48] [INFO] [EOH] Передано Hydrogen: 32768000L
[2022-10-23 16:27:57] [INFO] [EOH] TRANSFER_RESULT Helium source=1 target=3 amount=32768000 ok=true value=true extra=32768000 before=128000000/0
[2022-10-23 16:27:57] [INFO] [EOH] Передано Helium: 32768000L
[2022-10-23 16:28:15] [INFO] [EOH] TRANSFER_RESULT Hydrogen source=0 target=3 amount=32768000 ok=true value=false extra=0 before=0/0
[2022-10-23 16:28:15] [DEBUG] [EOH] Transfer paused for Hydrogen; waiting for target space (attempt 93)
[2022-10-23 16:30:25] [INFO] [EOH] TRANSFER_RESULT Helium source=1 target=3 amount=32768000 ok=true value=true extra=32768000 before=128000000/0
[2022-10-23 16:30:25] [INFO] [EOH] Передано Helium: 32768000L
[2022-10-23 16:32:45] [INFO] [EOH] TRANSFER_RESULT Hydrogen source=0 target=3 amount=32768000 ok=true value=true extra=32768000 before=128000000/0
[2022-10-23 16:32:45] [INFO] [EOH] Передано Hydrogen: 32768000L
[2022-10-23 16:34:55] [INFO] [EOH] TRANSFER_RESULT Helium source=1 target=3 amount=32768000 ok=true value=true extra=32768000 before=128000000/0
[2022-10-23 16:34:55] [INFO] [EOH] Передано Helium: 32768000L
[2022-10-23 16:35:13] [INFO] [EOH] TRANSFER_RESULT Hydrogen source=0 target=3 amount=32768000 ok=true value=false extra=0 before=0/0
[2022-10-23 16:35:13] [DEBUG] [EOH] Transfer paused for Hydrogen; waiting for target space (attempt 94)
[2022-10-23 16:37:22] [INFO] [EOH] TRANSFER_RESULT Helium source=1 target=3 amount=32768000 ok=true value=true extra=32768000 before=128000000/0
[2022-10-23 16:37:22] [INFO] [EOH] Передано Helium: 32768000L
[2022-10-23 16:39:39] [INFO] [EOH] TRANSFER_RESULT Hydrogen source=0 target=3 amount=32768000 ok=true value=true extra=32768000 before=128000000/0
[2022-10-23 16:39:39] [INFO] [EOH] Передано Hydrogen: 32768000L
[2022-10-23 16:41:49] [INFO] [EOH] TRANSFER_RESULT Helium source=1 target=3 amount=32768000 ok=true value=true extra=32768000 before=128000000/0
[2022-10-23 16:41:49] [INFO] [EOH] Передано Helium: 32768000L
[2022-10-23 16:42:10] [INFO] [EOH] TRANSFER_RESULT Hydrogen source=0 target=3 amount=32768000 ok=true value=false extra=0 before=0/0
[2022-10-23 16:42:10] [DEBUG] [EOH] Transfer paused for Hydrogen; waiting for target space (attempt 95)
[2022-10-23 16:44:20] [INFO] [EOH] TRANSFER_RESULT Helium source=1 target=3 amount=32768000 ok=true value=true extra=32768000 before=128000000/0
[2022-10-23 16:44:20] [INFO] [EOH] Передано Helium: 32768000L
[2022-10-23 16:46:37] [INFO] [EOH] TRANSFER_RESULT Hydrogen source=0 target=3 amount=32768000 ok=true value=true extra=32768000 before=128000000/0
[2022-10-23 16:46:37] [INFO] [EOH] Передано Hydrogen: 32768000L
[2022-10-23 16:48:50] [INFO] [EOH] TRANSFER_RESULT Helium source=1 target=3 amount=32768000 ok=true value=true extra=32768000 before=128000000/0
[2022-10-23 16:48:50] [INFO] [EOH] Передано Helium: 32768000L
[2022-10-23 16:49:08] [INFO] [EOH] TRANSFER_RESULT Hydrogen source=0 target=3 amount=32768000 ok=true value=false extra=0 before=0/0
[2022-10-23 16:49:08] [DEBUG] [EOH] Transfer paused for Hydrogen; waiting for target space (attempt 96)
[2022-10-23 16:51:18] [INFO] [EOH] TRANSFER_RESULT Helium source=1 target=3 amount=32768000 ok=true value=true extra=32768000 before=128000000/0
[2022-10-23 16:51:18] [INFO] [EOH] Передано Helium: 32768000L
[2022-10-23 16:53:38] [INFO] [EOH] TRANSFER_RESULT Hydrogen source=0 target=3 amount=32768000 ok=true value=true extra=32768000 before=128000000/0
[2022-10-23 16:53:38] [INFO] [EOH] Передано Hydrogen: 32768000L
[2022-10-23 16:55:51] [INFO] [EOH] TRANSFER_RESULT Helium source=1 target=3 amount=32768000 ok=true value=true extra=32768000 before=128000000/0
[2022-10-23 16:55:51] [INFO] [EOH] Передано Helium: 32768000L
[2022-10-23 16:56:09] [INFO] [EOH] TRANSFER_RESULT Hydrogen source=0 target=3 amount=32768000 ok=true value=false extra=0 before=0/0
[2022-10-23 16:56:09] [DEBUG] [EOH] Transfer paused for Hydrogen; waiting for target space (attempt 97)
[2022-10-23 16:58:19] [INFO] [EOH] TRANSFER_RESULT Helium source=1 target=3 amount=32768000 ok=true value=true extra=32768000 before=128000000/0
[2022-10-23 16:58:19] [INFO] [EOH] Передано Helium: 32768000L
[2022-10-23 17:00:43] [INFO] [EOH] TRANSFER_RESULT Hydrogen source=0 target=3 amount=32768000 ok=true value=true extra=32768000 before=128000000/0
[2022-10-23 17:00:43] [INFO] [EOH] Передано Hydrogen: 32768000L
[2022-10-23 17:02:52] [INFO] [EOH] TRANSFER_RESULT Helium source=1 target=3 amount=32768000 ok=true value=true extra=32768000 before=128000000/0
[2022-10-23 17:02:56] [INFO] [EOH] Передано Helium: 32768000L
[2022-10-23 17:03:14] [INFO] [EOH] TRANSFER_RESULT Hydrogen source=0 target=3 amount=32768000 ok=true value=false extra=0 before=0/0
[2022-10-23 17:03:14] [DEBUG] [EOH] Transfer paused for Hydrogen; waiting for target space (attempt 98)
[2022-10-23 17:05:24] [INFO] [EOH] TRANSFER_RESULT Helium source=1 target=3 amount=32768000 ok=true value=true extra=32768000 before=128000000/0
[2022-10-23 17:05:24] [INFO] [EOH] Передано Helium: 32768000L
[2022-10-23 17:07:48] [INFO] [EOH] TRANSFER_RESULT Hydrogen source=0 target=3 amount=32768000 ok=true value=true extra=32768000 before=128000000/0
[2022-10-23 17:07:48] [INFO] [EOH] Передано Hydrogen: 32768000L
[2022-10-23 17:09:57] [INFO] [EOH] TRANSFER_RESULT Helium source=1 target=3 amount=32768000 ok=true value=true extra=32768000 before=128000000/0
[2022-10-23 17:09:57] [INFO] [EOH] Передано Helium: 32768000L
[2022-10-23 17:10:15] [INFO] [EOH] TRANSFER_RESULT Hydrogen source=0 target=3 amount=32768000 ok=true value=false extra=0 before=0/0
[2022-10-23 17:10:15] [DEBUG] [EOH] Transfer paused for Hydrogen; waiting for target space (attempt 99)
[2022-10-23 17:12:25] [INFO] [EOH] TRANSFER_RESULT Helium source=1 target=3 amount=32768000 ok=true value=true extra=32768000 before=128000000/0
[2022-10-23 17:12:25] [INFO] [EOH] Передано Helium: 32768000L
[2022-10-23 17:14:42] [INFO] [EOH] TRANSFER_RESULT Hydrogen source=0 target=3 amount=32768000 ok=true value=true extra=32768000 before=128000000/0
[2022-10-23 17:14:42] [INFO] [EOH] Передано Hydrogen: 32768000L
[2022-10-23 17:16:51] [INFO] [EOH] TRANSFER_RESULT Helium source=1 target=3 amount=32768000 ok=true value=true extra=32768000 before=128000000/0
[2022-10-23 17:16:51] [INFO] [EOH] Передано Helium: 32768000L
[2022-10-23 17:17:09] [INFO] [EOH] TRANSFER_RESULT Hydrogen source=0 target=3 amount=32768000 ok=true value=false extra=0 before=0/0
[2022-10-23 17:17:13] [DEBUG] [EOH] Transfer paused for Hydrogen; waiting for target space (attempt 100)
[2022-10-23 17:19:22] [INFO] [EOH] TRANSFER_RESULT Helium source=1 target=3 amount=32768000 ok=true value=true extra=32768000 before=128000000/0
[2022-10-23 17:19:22] [INFO] [EOH] Передано Helium: 32768000L
[2022-10-23 17:21:39] [INFO] [EOH] TRANSFER_RESULT Hydrogen source=0 target=3 amount=32768000 ok=true value=true extra=32768000 before=128000000/0
[2022-10-23 17:21:39] [INFO] [EOH] Передано Hydrogen: 32768000L
[2022-10-23 17:23:49] [INFO] [EOH] TRANSFER_RESULT Helium source=1 target=3 amount=32768000 ok=true value=true extra=32768000 before=128000000/0
[2022-10-23 17:23:49] [INFO] [EOH] Передано Helium: 32768000L
[2022-10-23 17:24:07] [INFO] [EOH] TRANSFER_RESULT Hydrogen source=0 target=3 amount=32768000 ok=true value=false extra=0 before=0/0
[2022-10-23 17:24:07] [DEBUG] [EOH] Transfer paused for Hydrogen; waiting for target space (attempt 101)
[2022-10-23 17:26:20] [INFO] [EOH] TRANSFER_RESULT Helium source=1 target=3 amount=32768000 ok=true value=true extra=32768000 before=128000000/0
[2022-10-23 17:26:20] [INFO] [EOH] Передано Helium: 32768000L
[2022-10-23 17:28:37] [INFO] [EOH] TRANSFER_RESULT Hydrogen source=0 target=3 amount=32768000 ok=true value=true extra=32768000 before=128000000/0
[2022-10-23 17:28:37] [INFO] [EOH] Передано Hydrogen: 32768000L
[2022-10-23 17:30:46] [INFO] [EOH] TRANSFER_RESULT Helium source=1 target=3 amount=32768000 ok=true value=true extra=32768000 before=128000000/0
[2022-10-23 17:30:46] [INFO] [EOH] Передано Helium: 32768000L
[2022-10-23 17:31:04] [INFO] [EOH] TRANSFER_RESULT Hydrogen source=0 target=3 amount=32768000 ok=true value=false extra=0 before=0/0
[2022-10-23 17:31:04] [DEBUG] [EOH] Transfer paused for Hydrogen; waiting for target space (attempt 102)
[2022-10-23 17:33:14] [INFO] [EOH] TRANSFER_RESULT Helium source=1 target=3 amount=32768000 ok=true value=true extra=32768000 before=128000000/0
[2022-10-23 17:33:14] [INFO] [EOH] Передано Helium: 32768000L
[2022-10-23 17:35:31] [INFO] [EOH] TRANSFER_RESULT Hydrogen source=0 target=3 amount=32768000 ok=true value=true extra=32768000 before=128000000/0
[2022-10-23 17:35:31] [INFO] [EOH] Передано Hydrogen: 32768000L
[2022-10-23 17:37:40] [INFO] [EOH] TRANSFER_RESULT Helium source=1 target=3 amount=32768000 ok=true value=true extra=32768000 before=128000000/0
[2022-10-23 17:37:40] [INFO] [EOH] Передано Helium: 32768000L
[2022-10-23 17:37:58] [INFO] [EOH] TRANSFER_RESULT Hydrogen source=0 target=3 amount=32768000 ok=true value=false extra=0 before=0/0
[2022-10-23 17:37:58] [DEBUG] [EOH] Transfer paused for Hydrogen; waiting for target space (attempt 103)
[2022-10-23 17:40:08] [INFO] [EOH] TRANSFER_RESULT Helium source=1 target=3 amount=32768000 ok=true value=true extra=32768000 before=128000000/0
[2022-10-23 17:40:08] [INFO] [EOH] Передано Helium: 32768000L
[2022-10-23 17:42:25] [INFO] [EOH] TRANSFER_RESULT Hydrogen source=0 target=3 amount=32768000 ok=true value=true extra=32768000 before=128000000/0
[2022-10-23 17:42:25] [INFO] [EOH] Передано Hydrogen: 32768000L
[2022-10-23 17:44:34] [INFO] [EOH] TRANSFER_RESULT Helium source=1 target=3 amount=32768000 ok=true value=true extra=32768000 before=128000000/0
[2022-10-23 17:44:34] [INFO] [EOH] Передано Helium: 32768000L
[2022-10-23 17:44:52] [INFO] [EOH] TRANSFER_RESULT Hydrogen source=0 target=3 amount=32768000 ok=true value=false extra=0 before=0/0
[2022-10-23 17:44:52] [DEBUG] [EOH] Transfer paused for Hydrogen; waiting for target space (attempt 104)
[2022-10-23 17:47:02] [INFO] [EOH] TRANSFER_RESULT Helium source=1 target=3 amount=32768000 ok=true value=true extra=32768000 before=128000000/0
[2022-10-23 17:47:02] [INFO] [EOH] Передано Helium: 32768000L
[2022-10-23 17:49:19] [INFO] [EOH] TRANSFER_RESULT Hydrogen source=0 target=3 amount=32768000 ok=true value=true extra=32768000 before=128000000/0
[2022-10-23 17:49:19] [INFO] [EOH] Передано Hydrogen: 32768000L
[2022-10-23 17:51:28] [INFO] [EOH] TRANSFER_RESULT Helium source=1 target=3 amount=32768000 ok=true value=true extra=32768000 before=128000000/0
[2022-10-23 17:51:28] [INFO] [EOH] Передано Helium: 32768000L
[2022-10-23 17:51:46] [INFO] [EOH] TRANSFER_RESULT Hydrogen source=0 target=3 amount=32768000 ok=true value=false extra=0 before=0/0
[2022-10-23 17:51:46] [DEBUG] [EOH] Transfer paused for Hydrogen; waiting for target space (attempt 105)
[2022-10-23 17:53:56] [INFO] [EOH] TRANSFER_RESULT Helium source=1 target=3 amount=32768000 ok=true value=true extra=32768000 before=128000000/0
[2022-10-23 17:53:56] [INFO] [EOH] Передано Helium: 32768000L
[2022-10-23 17:56:13] [INFO] [EOH] TRANSFER_RESULT Hydrogen source=0 target=3 amount=32768000 ok=true value=true extra=32768000 before=128000000/0
[2022-10-23 17:56:16] [INFO] [EOH] Передано Hydrogen: 32768000L
[2022-10-23 17:58:26] [INFO] [EOH] TRANSFER_RESULT Helium source=1 target=3 amount=32768000 ok=true value=true extra=32768000 before=128000000/0
[2022-10-23 17:58:26] [INFO] [EOH] Передано Helium: 32768000L
[2022-10-23 17:58:48] [INFO] [EOH] TRANSFER_RESULT Hydrogen source=0 target=3 amount=32768000 ok=true value=false extra=0 before=0/0
[2022-10-23 17:58:48] [DEBUG] [EOH] Transfer paused for Hydrogen; waiting for target space (attempt 106)
[2022-10-23 18:00:57] [INFO] [EOH] TRANSFER_RESULT Helium source=1 target=3 amount=32768000 ok=true value=true extra=32768000 before=128000000/0
[2022-10-23 18:00:57] [INFO] [EOH] Передано Helium: 32768000L
[2022-10-23 18:03:14] [INFO] [EOH] TRANSFER_RESULT Hydrogen source=0 target=3 amount=32768000 ok=true value=true extra=32768000 before=128000000/0
[2022-10-23 18:03:14] [INFO] [EOH] Передано Hydrogen: 32768000L
[2022-10-23 18:05:27] [INFO] [EOH] TRANSFER_RESULT Helium source=1 target=3 amount=32768000 ok=true value=true extra=32768000 before=128000000/0
[2022-10-23 18:05:27] [INFO] [EOH] Передано Helium: 32768000L
[2022-10-23 18:05:45] [INFO] [EOH] TRANSFER_RESULT Hydrogen source=0 target=3 amount=32768000 ok=true value=false extra=0 before=0/0
[2022-10-23 18:05:49] [DEBUG] [EOH] Transfer paused for Hydrogen; waiting for target space (attempt 107)
[2022-10-23 18:07:58] [INFO] [EOH] TRANSFER_RESULT Helium source=1 target=3 amount=32768000 ok=true value=true extra=32768000 before=128000000/0
[2022-10-23 18:07:58] [INFO] [EOH] Передано Helium: 32768000L
[2022-10-23 18:10:19] [INFO] [EOH] TRANSFER_RESULT Hydrogen source=0 target=3 amount=32768000 ok=true value=true extra=32768000 before=128000000/0
[2022-10-23 18:10:19] [INFO] [EOH] Передано Hydrogen: 32768000L
[2022-10-23 18:12:28] [INFO] [EOH] TRANSFER_RESULT Helium source=1 target=3 amount=32768000 ok=true value=true extra=32768000 before=128000000/0
[2022-10-23 18:12:28] [INFO] [EOH] Передано Helium: 32768000L
[2022-10-23 18:12:46] [INFO] [EOH] TRANSFER_RESULT Hydrogen source=0 target=3 amount=32768000 ok=true value=false extra=0 before=0/0
[2022-10-23 18:12:46] [DEBUG] [EOH] Transfer paused for Hydrogen; waiting for target space (attempt 108)
[2022-10-23 18:14:56] [INFO] [EOH] TRANSFER_RESULT Helium source=1 target=3 amount=32768000 ok=true value=true extra=32768000 before=128000000/0
[2022-10-23 18:14:56] [INFO] [EOH] Передано Helium: 32768000L
[2022-10-23 18:17:16] [INFO] [EOH] TRANSFER_RESULT Hydrogen source=0 target=3 amount=32768000 ok=true value=true extra=32768000 before=128000000/0
[2022-10-23 18:17:16] [INFO] [EOH] Передано Hydrogen: 32768000L
[2022-10-23 18:19:26] [INFO] [EOH] TRANSFER_RESULT Helium source=1 target=3 amount=32768000 ok=true value=true extra=32768000 before=128000000/0
[2022-10-23 18:19:26] [INFO] [EOH] Передано Helium: 32768000L
[2022-10-23 18:19:44] [INFO] [EOH] TRANSFER_RESULT Hydrogen source=0 target=3 amount=32768000 ok=true value=false extra=0 before=0/0
[2022-10-23 18:19:44] [DEBUG] [EOH] Transfer paused for Hydrogen; waiting for target space (attempt 109)
[2022-10-23 18:21:54] [INFO] [EOH] TRANSFER_RESULT Helium source=1 target=3 amount=32768000 ok=true value=true extra=32768000 before=128000000/0
[2022-10-23 18:21:54] [INFO] [EOH] Передано Helium: 32768000L
[2022-10-23 18:24:10] [INFO] [EOH] TRANSFER_RESULT Hydrogen source=0 target=3 amount=32768000 ok=true value=true extra=32768000 before=128000000/0
[2022-10-23 18:24:10] [INFO] [EOH] Передано Hydrogen: 32768000L
[2022-10-23 18:26:20] [INFO] [EOH] TRANSFER_RESULT Helium source=1 target=3 amount=32768000 ok=true value=true extra=32768000 before=128000000/0
[2022-10-23 18:26:20] [INFO] [EOH] Передано Helium: 32768000L
[2022-10-23 18:26:38] [INFO] [EOH] TRANSFER_RESULT Hydrogen source=0 target=3 amount=32768000 ok=true value=false extra=0 before=0/0
[2022-10-23 18:26:38] [DEBUG] [EOH] Transfer paused for Hydrogen; waiting for target space (attempt 110)
[2022-10-23 18:28:48] [INFO] [EOH] TRANSFER_RESULT Helium source=1 target=3 amount=32768000 ok=true value=true extra=32768000 before=128000000/0
[2022-10-23 18:28:48] [INFO] [EOH] Передано Helium: 32768000L
[2022-10-23 18:31:08] [INFO] [EOH] TRANSFER_RESULT Hydrogen source=0 target=3 amount=32768000 ok=true value=true extra=32768000 before=128000000/0
[2022-10-23 18:31:08] [INFO] [EOH] Передано Hydrogen: 32768000L
[2022-10-23 18:33:18] [INFO] [EOH] TRANSFER_RESULT Helium source=1 target=3 amount=32768000 ok=true value=true extra=32768000 before=128000000/0
[2022-10-23 18:33:18] [INFO] [EOH] Передано Helium: 32768000L
[2022-10-23 18:33:36] [INFO] [EOH] TRANSFER_RESULT Hydrogen source=0 target=3 amount=32768000 ok=true value=false extra=0 before=0/0
[2022-10-23 18:33:36] [DEBUG] [EOH] Transfer paused for Hydrogen; waiting for target space (attempt 111)
[2022-10-23 18:35:45] [INFO] [EOH] TRANSFER_RESULT Helium source=1 target=3 amount=32768000 ok=true value=true extra=32768000 before=128000000/0
[2022-10-23 18:35:45] [INFO] [EOH] Передано Helium: 32768000L
[2022-10-23 18:38:06] [INFO] [EOH] TRANSFER_RESULT Hydrogen source=0 target=3 amount=32768000 ok=true value=true extra=32768000 before=128000000/0
[2022-10-23 18:38:06] [INFO] [EOH] Передано Hydrogen: 32768000L
[2022-10-23 18:40:15] [INFO] [EOH] TRANSFER_RESULT Helium source=1 target=3 amount=32768000 ok=true value=true extra=32768000 before=128000000/0
[2022-10-23 18:40:15] [INFO] [EOH] Передано Helium: 32768000L
[2022-10-23 18:40:33] [INFO] [EOH] TRANSFER_RESULT Hydrogen source=0 target=3 amount=32768000 ok=true value=false extra=0 before=0/0
[2022-10-23 18:40:33] [DEBUG] [EOH] Transfer paused for Hydrogen; waiting for target space (attempt 112)
[2022-10-23 18:42:43] [INFO] [EOH] TRANSFER_RESULT Helium source=1 target=3 amount=32768000 ok=true value=true extra=32768000 before=128000000/0
[2022-10-23 18:42:43] [INFO] [EOH] Передано Helium: 32768000L
[2022-10-23 18:45:00] [INFO] [EOH] TRANSFER_RESULT Hydrogen source=0 target=3 amount=32768000 ok=true value=true extra=32768000 before=128000000/0
[2022-10-23 18:45:00] [INFO] [EOH] Передано Hydrogen: 32768000L
[2022-10-23 18:47:09] [INFO] [EOH] TRANSFER_RESULT Helium source=1 target=3 amount=32768000 ok=true value=true extra=32768000 before=128000000/0
[2022-10-23 18:47:09] [INFO] [EOH] Передано Helium: 32768000L
[2022-10-23 18:47:27] [INFO] [EOH] TRANSFER_RESULT Hydrogen source=0 target=3 amount=32768000 ok=true value=false extra=0 before=0/0
[2022-10-23 18:47:31] [DEBUG] [EOH] Transfer paused for Hydrogen; waiting for target space (attempt 113)
[2022-10-23 18:49:40] [INFO] [EOH] TRANSFER_RESULT Helium source=1 target=3 amount=32768000 ok=true value=true extra=32768000 before=128000000/0
[2022-10-23 18:49:40] [INFO] [EOH] Передано Helium: 32768000L
[2022-10-23 18:52:01] [INFO] [EOH] TRANSFER_RESULT Hydrogen source=0 target=3 amount=32768000 ok=true value=true extra=32768000 before=128000000/0
[2022-10-23 18:52:01] [INFO] [EOH] Передано Hydrogen: 32768000L
[2022-10-23 18:54:10] [INFO] [EOH] TRANSFER_RESULT Helium source=1 target=3 amount=32768000 ok=true value=true extra=32768000 before=128000000/0
[2022-10-23 18:54:10] [INFO] [EOH] Передано Helium: 32768000L
[2022-10-23 18:54:28] [INFO] [EOH] TRANSFER_RESULT Hydrogen source=0 target=3 amount=32768000 ok=true value=false extra=0 before=0/0
[2022-10-23 18:54:28] [DEBUG] [EOH] Transfer paused for Hydrogen; waiting for target space (attempt 114)
[2022-10-23 18:56:38] [INFO] [EOH] TRANSFER_RESULT Helium source=1 target=3 amount=32768000 ok=true value=true extra=32768000 before=128000000/0
[2022-10-23 18:56:38] [INFO] [EOH] Передано Helium: 32768000L
[2022-10-23 18:58:55] [INFO] [EOH] TRANSFER_RESULT Hydrogen source=0 target=3 amount=32768000 ok=true value=true extra=32768000 before=128000000/0
[2022-10-23 18:58:55] [INFO] [EOH] Передано Hydrogen: 32768000L
[2022-10-23 19:01:04] [INFO] [EOH] TRANSFER_RESULT Helium source=1 target=3 amount=32768000 ok=true value=true extra=32768000 before=128000000/0
[2022-10-23 19:01:08] [INFO] [EOH] Передано Helium: 32768000L
[2022-10-23 19:01:26] [INFO] [EOH] TRANSFER_RESULT Hydrogen source=0 target=3 amount=32768000 ok=true value=false extra=0 before=0/0
[2022-10-23 19:01:26] [DEBUG] [EOH] Transfer paused for Hydrogen; waiting for target space (attempt 115)
[2022-10-23 19:03:36] [INFO] [EOH] TRANSFER_RESULT Helium source=1 target=3 amount=32768000 ok=true value=true extra=32768000 before=128000000/0
[2022-10-23 19:03:36] [INFO] [EOH] Передано Helium: 32768000L
[2022-10-23 19:05:56] [INFO] [EOH] TRANSFER_RESULT Hydrogen source=0 target=3 amount=32768000 ok=true value=true extra=32768000 before=128000000/0
[2022-10-23 19:05:56] [INFO] [EOH] Передано Hydrogen: 32768000L
[2022-10-23 19:08:06] [INFO] [EOH] TRANSFER_RESULT Helium source=1 target=3 amount=32768000 ok=true value=true extra=32768000 before=128000000/0
[2022-10-23 19:08:06] [INFO] [EOH] Передано Helium: 32768000L
[2022-10-23 19:08:24] [INFO] [EOH] TRANSFER_RESULT Hydrogen source=0 target=3 amount=32768000 ok=true value=false extra=0 before=0/0
[2022-10-23 19:08:24] [DEBUG] [EOH] Transfer paused for Hydrogen; waiting for target space (attempt 116)
[2022-10-23 19:10:33] [INFO] [EOH] TRANSFER_RESULT Helium source=1 target=3 amount=32768000 ok=true value=true extra=32768000 before=128000000/0
[2022-10-23 19:10:33] [INFO] [EOH] Передано Helium: 32768000L
[2022-10-23 19:12:50] [INFO] [EOH] TRANSFER_RESULT Hydrogen source=0 target=3 amount=32768000 ok=true value=true extra=32768000 before=128000000/0
[2022-10-23 19:12:50] [INFO] [EOH] Передано Hydrogen: 32768000L
[2022-10-23 19:15:00] [INFO] [EOH] TRANSFER_RESULT Helium source=1 target=3 amount=32768000 ok=true value=true extra=32768000 before=128000000/0
[2022-10-23 19:15:00] [INFO] [EOH] Передано Helium: 32768000L
[2022-10-23 19:15:18] [INFO] [EOH] TRANSFER_RESULT Hydrogen source=0 target=3 amount=32768000 ok=true value=false extra=0 before=0/0
[2022-10-23 19:15:18] [DEBUG] [EOH] Transfer paused for Hydrogen; waiting for target space (attempt 117)
[2022-10-23 19:17:27] [INFO] [EOH] TRANSFER_RESULT Helium source=1 target=3 amount=32768000 ok=true value=true extra=32768000 before=128000000/0
[2022-10-23 19:17:27] [INFO] [EOH] Передано Helium: 32768000L
[2022-10-23 19:19:44] [INFO] [EOH] TRANSFER_RESULT Hydrogen source=0 target=3 amount=32768000 ok=true value=true extra=32768000 before=128000000/0
[2022-10-23 19:19:48] [INFO] [EOH] Передано Hydrogen: 32768000L
[2022-10-23 19:21:57] [INFO] [EOH] TRANSFER_RESULT Helium source=1 target=3 amount=32768000 ok=true value=true extra=32768000 before=128000000/0
[2022-10-23 19:21:57] [INFO] [EOH] Передано Helium: 32768000L
[2022-10-23 19:22:15] [INFO] [EOH] TRANSFER_RESULT Hydrogen source=0 target=3 amount=32768000 ok=true value=false extra=0 before=0/0
[2022-10-23 19:22:15] [DEBUG] [EOH] Transfer paused for Hydrogen; waiting for target space (attempt 118)
[2022-10-23 19:24:25] [INFO] [EOH] TRANSFER_RESULT Helium source=1 target=3 amount=32768000 ok=true value=true extra=32768000 before=128000000/0
[2022-10-23 19:24:25] [INFO] [EOH] Передано Helium: 32768000L
[2022-10-23 19:26:42] [INFO] [EOH] TRANSFER_RESULT Hydrogen source=0 target=3 amount=32768000 ok=true value=true extra=32768000 before=128000000/0
[2022-10-23 19:26:42] [INFO] [EOH] Передано Hydrogen: 32768000L
[2022-10-23 19:28:51] [INFO] [EOH] TRANSFER_RESULT Helium source=1 target=3 amount=32768000 ok=true value=true extra=32768000 before=128000000/0
[2022-10-23 19:28:51] [INFO] [EOH] Передано Helium: 32768000L
[2022-10-23 19:29:09] [INFO] [EOH] TRANSFER_RESULT Hydrogen source=0 target=3 amount=32768000 ok=true value=false extra=0 before=0/0
[2022-10-23 19:29:09] [DEBUG] [EOH] Transfer paused for Hydrogen; waiting for target space (attempt 119)
[2022-10-23 19:29:34] [INFO] [EOH] TRANSFER_RESULT Helium source=1 target=3 amount=2304000.0 ok=true value=true extra=2304000 before=128000000/0
[2022-10-23 19:29:34] [INFO] [EOH] Передано Helium: 2304000L
[2022-10-23 19:31:55] [INFO] [EOH] TRANSFER_RESULT Hydrogen source=0 target=3 amount=32768000 ok=true value=true extra=32768000 before=128000000/0
[2022-10-23 19:31:55] [INFO] [EOH] Передано Hydrogen: 32768000L
[2022-10-23 19:34:08] [INFO] [EOH] TRANSFER_RESULT Helium source=1 target=3 amount=32768000 ok=true value=true extra=32768000 before=128000000/0
[2022-10-23 19:34:08] [INFO] [EOH] Передано Helium: 32768000L
[2022-10-23 19:34:26] [INFO] [EOH] TRANSFER_RESULT Hydrogen source=0 target=3 amount=32768000 ok=true value=false extra=0 before=0/0
[2022-10-23 19:34:26] [DEBUG] [EOH] Transfer paused for Hydrogen; waiting for target space (attempt 120)
[2022-10-23 19:36:43] [INFO] [EOH] TRANSFER_RESULT Hydrogen source=0 target=3 amount=32768000 ok=true value=true extra=32768000 before=128000000/0
[2022-10-23 19:36:43] [INFO] [EOH] Передано Hydrogen: 32768000L
[2022-10-23 19:38:56] [INFO] [EOH] TRANSFER_RESULT Helium source=1 target=3 amount=32768000 ok=true value=true extra=32768000 before=128000000/0
[2022-10-23 19:38:56] [INFO] [EOH] Передано Helium: 32768000L
[2022-10-23 19:39:14] [INFO] [EOH] TRANSFER_RESULT Hydrogen source=0 target=3 amount=32768000 ok=true value=false extra=0 before=0/0
[2022-10-23 19:39:14] [ERROR] [EOH] Не удалось передать Hydrogen (0), осталось 3872000000.0L
[2022-10-23 19:41:31] [INFO] [EOH] TRANSFER_RESULT Hydrogen source=0 target=3 amount=32768000 ok=true value=true extra=32768000 before=128000000/0
[2022-10-23 19:41:31] [INFO] [EOH] Передано Hydrogen: 32768000L
[2022-10-23 19:43:40] [INFO] [EOH] TRANSFER_RESULT Helium source=1 target=3 amount=32768000 ok=true value=true extra=32768000 before=128000000/0
[2022-10-23 19:43:40] [INFO] [EOH] Передано Helium: 32768000L
[2022-10-23 19:43:40] [ERROR] [EOH] Ошибка подачи жидкости
[2022-10-23 19:43:44] [ERROR] [EOH] Ошибка: CORE 20260904-1493 | Fluid supply failed: Hydrogen: 0
[2022-10-23 19:45:57] [INFO] [EOH] TRANSFER_RESULT Hydrogen source=0 target=3 amount=32768000 ok=true value=true extra=32768000 before=128000000/0
[2022-10-23 19:45:57] [INFO] [EOH] Передано Hydrogen: 32768000L
[2022-10-23 19:48:07] [INFO] [EOH] TRANSFER_RESULT Helium source=1 target=3 amount=32768000 ok=true value=true extra=32768000 before=128000000/0
[2022-10-23 19:48:07] [INFO] [EOH] Передано Helium: 32768000L
[2022-10-23 19:50:27] [INFO] [EOH] TRANSFER_RESULT Hydrogen source=0 target=3 amount=32768000 ok=true value=true extra=32768000 before=128000000/0
[2022-10-23 19:50:27] [INFO] [EOH] Передано Hydrogen: 32768000L
[2022-10-23 19:52:37] [INFO] [EOH] TRANSFER_RESULT Helium source=1 target=3 amount=32768000 ok=true value=true extra=32768000 before=128000000/0
[2022-10-23 19:52:37] [INFO] [EOH] Передано Helium: 32768000L
[2022-10-23 19:54:54] [INFO] [EOH] TRANSFER_RESULT Hydrogen source=0 target=3 amount=32768000 ok=true value=true extra=32768000 before=128000000/0
[2022-10-23 19:54:54] [INFO] [EOH] Передано Hydrogen: 32768000L
[2022-10-23 19:57:03] [INFO] [EOH] TRANSFER_RESULT Helium source=1 target=3 amount=32768000 ok=true value=true extra=32768000 before=128000000/0
[2022-10-23 19:57:03] [INFO] [EOH] Передано Helium: 32768000L
[2022-10-23 19:59:24] [INFO] [EOH] TRANSFER_RESULT Hydrogen source=0 target=3 amount=32768000 ok=true value=true extra=32768000 before=128000000/0
[2022-10-23 19:59:24] [INFO] [EOH] Передано Hydrogen: 32768000L
[2022-10-23 20:01:33] [INFO] [EOH] TRANSFER_RESULT Helium source=1 target=3 amount=32768000 ok=true value=true extra=32768000 before=128000000/0
[2022-10-23 20:01:33] [INFO] [EOH] Передано Helium: 32768000L
[2022-10-23 20:03:50] [INFO] [EOH] TRANSFER_RESULT Hydrogen source=0 target=3 amount=32768000 ok=true value=true extra=32768000 before=128000000/0
[2022-10-23 20:03:50] [INFO] [EOH] Передано Hydrogen: 32768000L
[2022-10-23 20:06:00] [INFO] [EOH] TRANSFER_RESULT Helium source=1 target=3 amount=32768000 ok=true value=true extra=32768000 before=128000000/0
[2022-10-23 20:06:00] [INFO] [EOH] Передано Helium: 32768000L
[2022-10-23 20:08:16] [INFO] [EOH] TRANSFER_RESULT Hydrogen source=0 target=3 amount=32768000 ok=true value=true extra=32768000 before=128000000/0
[2022-10-23 20:08:16] [INFO] [EOH] Передано Hydrogen: 32768000L
[2022-10-23 20:10:26] [INFO] [EOH] TRANSFER_RESULT Helium source=1 target=3 amount=32768000 ok=true value=true extra=32768000 before=128000000/0
[2022-10-23 20:10:26] [INFO] [EOH] Передано Helium: 32768000L
[2022-10-23 20:12:43] [INFO] [EOH] TRANSFER_RESULT Hydrogen source=0 target=3 amount=32768000 ok=true value=true extra=32768000 before=128000000/0
[2022-10-23 20:12:43] [INFO] [EOH] Передано Hydrogen: 32768000L
[2022-10-23 20:14:52] [INFO] [EOH] TRANSFER_RESULT Helium source=1 target=3 amount=32768000 ok=true value=true extra=32768000 before=128000000/0
[2022-10-23 20:14:52] [INFO] [EOH] Передано Helium: 32768000L
[2022-10-23 20:17:09] [INFO] [EOH] TRANSFER_RESULT Hydrogen source=0 target=3 amount=32768000 ok=true value=true extra=32768000 before=128000000/0
[2022-10-23 20:17:09] [INFO] [EOH] Передано Hydrogen: 32768000L
[2022-10-23 20:19:19] [INFO] [EOH] TRANSFER_RESULT Helium source=1 target=3 amount=32768000 ok=true value=true extra=32768000 before=128000000/0
[2022-10-23 20:19:19] [INFO] [EOH] Передано Helium: 32768000L
[2022-10-23 20:21:36] [INFO] [EOH] TRANSFER_RESULT Hydrogen source=0 target=3 amount=32768000 ok=true value=true extra=32768000 before=128000000/0
[2022-10-23 20:21:36] [INFO] [EOH] Передано Hydrogen: 32768000L
[2022-10-23 20:23:45] [INFO] [EOH] TRANSFER_RESULT Helium source=1 target=3 amount=32768000 ok=true value=true extra=32768000 before=128000000/0
[2022-10-23 20:23:45] [INFO] [EOH] Передано Helium: 32768000L
[2022-10-23 20:26:06] [INFO] [EOH] TRANSFER_RESULT Hydrogen source=0 target=3 amount=32768000 ok=true value=true extra=32768000 before=128000000/0
[2022-10-23 20:26:06] [INFO] [EOH] Передано Hydrogen: 32768000L
[2022-10-23 20:28:15] [INFO] [EOH] TRANSFER_RESULT Helium source=1 target=3 amount=32768000 ok=true value=true extra=32768000 before=128000000/0
[2022-10-23 20:28:15] [INFO] [EOH] Передано Helium: 32768000L
[2022-10-23 20:30:36] [INFO] [EOH] TRANSFER_RESULT Hydrogen source=0 target=3 amount=32768000 ok=true value=true extra=32768000 before=128000000/0
[2022-10-23 20:30:36] [INFO] [EOH] Передано Hydrogen: 32768000L
[2022-10-23 20:32:45] [INFO] [EOH] TRANSFER_RESULT Helium source=1 target=3 amount=32768000 ok=true value=true extra=32768000 before=128000000/0
[2022-10-23 20:32:45] [INFO] [EOH] Передано Helium: 32768000L
[2022-10-23 20:35:02] [INFO] [EOH] TRANSFER_RESULT Hydrogen source=0 target=3 amount=32768000 ok=true value=true extra=32768000 before=128000000/0
[2022-10-23 20:35:02] [INFO] [EOH] Передано Hydrogen: 32768000L
[2022-10-23 20:37:12] [INFO] [EOH] TRANSFER_RESULT Helium source=1 target=3 amount=32768000 ok=true value=true extra=32768000 before=128000000/0
[2022-10-23 20:37:15] [INFO] [EOH] Передано Helium: 32768000L
[2022-10-23 20:39:32] [INFO] [EOH] TRANSFER_RESULT Hydrogen source=0 target=3 amount=32768000 ok=true value=true extra=32768000 before=128000000/0
[2022-10-23 20:39:32] [INFO] [EOH] Передано Hydrogen: 32768000L
[2022-10-23 20:41:42] [INFO] [EOH] TRANSFER_RESULT Helium source=1 target=3 amount=32768000 ok=true value=true extra=32768000 before=128000000/0
[2022-10-23 20:41:42] [INFO] [EOH] Передано Helium: 32768000L
[2022-10-23 20:44:02] [INFO] [EOH] TRANSFER_RESULT Hydrogen source=0 target=3 amount=32768000 ok=true value=true extra=32768000 before=128000000/0
[2022-10-23 20:44:02] [INFO] [EOH] Передано Hydrogen: 32768000L
[2022-10-23 20:46:12] [INFO] [EOH] TRANSFER_RESULT Helium source=1 target=3 amount=32768000 ok=true value=true extra=32768000 before=128000000/0
[2022-10-23 20:46:12] [INFO] [EOH] Передано Helium: 32768000L
[2022-10-23 20:48:32] [INFO] [EOH] TRANSFER_RESULT Hydrogen source=0 target=3 amount=32768000 ok=true value=true extra=32768000 before=128000000/0
[2022-10-23 20:48:32] [INFO] [EOH] Передано Hydrogen: 32768000L
[2022-10-23 20:50:42] [INFO] [EOH] TRANSFER_RESULT Helium source=1 target=3 amount=32768000 ok=true value=true extra=32768000 before=128000000/0
[2022-10-23 20:50:42] [INFO] [EOH] Передано Helium: 32768000L
[2022-10-23 20:52:58] [INFO] [EOH] TRANSFER_RESULT Hydrogen source=0 target=3 amount=32768000 ok=true value=true extra=32768000 before=128000000/0
[2022-10-23 20:52:58] [INFO] [EOH] Передано Hydrogen: 32768000L
[2022-10-23 20:55:12] [INFO] [EOH] TRANSFER_RESULT Helium source=1 target=3 amount=32768000 ok=true value=true extra=32768000 before=128000000/0
[2022-10-23 20:55:12] [INFO] [EOH] Передано Helium: 32768000L
[2022-10-23 20:57:28] [INFO] [EOH] TRANSFER_RESULT Hydrogen source=0 target=3 amount=32768000 ok=true value=true extra=32768000 before=128000000/0
[2022-10-23 20:57:28] [INFO] [EOH] Передано Hydrogen: 32768000L
[2022-10-23 20:59:38] [INFO] [EOH] TRANSFER_RESULT Helium source=1 target=3 amount=32768000 ok=true value=true extra=32768000 before=128000000/0
[2022-10-23 20:59:38] [INFO] [EOH] Передано Helium: 32768000L
[2022-10-23 21:01:58] [INFO] [EOH] TRANSFER_RESULT Hydrogen source=0 target=3 amount=32768000 ok=true value=true extra=32768000 before=128000000/0
[2022-10-23 21:01:58] [INFO] [EOH] Передано Hydrogen: 32768000L
[2022-10-23 21:04:08] [INFO] [EOH] TRANSFER_RESULT Helium source=1 target=3 amount=32768000 ok=true value=true extra=32768000 before=128000000/0
[2022-10-23 21:04:08] [INFO] [EOH] Передано Helium: 32768000L
[2022-10-23 21:06:25] [INFO] [EOH] TRANSFER_RESULT Hydrogen source=0 target=3 amount=32768000 ok=true value=true extra=32768000 before=128000000/0
[2022-10-23 21:06:28] [INFO] [EOH] Передано Hydrogen: 32768000L
[2022-10-23 21:08:38] [INFO] [EOH] TRANSFER_RESULT Helium source=1 target=3 amount=32768000 ok=true value=true extra=32768000 before=128000000/0
[2022-10-23 21:08:38] [INFO] [EOH] Передано Helium: 32768000L
[2022-10-23 21:10:55] [INFO] [EOH] TRANSFER_RESULT Hydrogen source=0 target=3 amount=32768000 ok=true value=true extra=32768000 before=128000000/0
[2022-10-23 21:10:55] [INFO] [EOH] Передано Hydrogen: 32768000L
[2022-10-23 21:13:04] [INFO] [EOH] TRANSFER_RESULT Helium source=1 target=3 amount=32768000 ok=true value=true extra=32768000 before=128000000/0
[2022-10-23 21:13:04] [INFO] [EOH] Передано Helium: 32768000L
[2022-10-23 21:15:21] [INFO] [EOH] TRANSFER_RESULT Hydrogen source=0 target=3 amount=32768000 ok=true value=true extra=32768000 before=128000000/0
[2022-10-23 21:15:21] [INFO] [EOH] Передано Hydrogen: 32768000L
[2022-10-23 21:17:31] [INFO] [EOH] TRANSFER_RESULT Helium source=1 target=3 amount=32768000 ok=true value=true extra=32768000 before=128000000/0
[2022-10-23 21:17:31] [INFO] [EOH] Передано Helium: 32768000L
[2022-10-23 21:19:48] [INFO] [EOH] TRANSFER_RESULT Hydrogen source=0 target=3 amount=32768000 ok=true value=true extra=32768000 before=128000000/0
[2022-10-23 21:19:48] [INFO] [EOH] Передано Hydrogen: 32768000L
[2022-10-23 21:22:01] [INFO] [EOH] TRANSFER_RESULT Helium source=1 target=3 amount=32768000 ok=true value=true extra=32768000 before=128000000/0
[2022-10-23 21:22:01] [INFO] [EOH] Передано Helium: 32768000L
[2022-10-23 21:24:21] [INFO] [EOH] TRANSFER_RESULT Hydrogen source=0 target=3 amount=32768000 ok=true value=true extra=32768000 before=128000000/0
[2022-10-23 21:24:21] [INFO] [EOH] Передано Hydrogen: 32768000L
[2022-10-23 21:26:31] [INFO] [EOH] TRANSFER_RESULT Helium source=1 target=3 amount=32768000 ok=true value=true extra=32768000 before=128000000/0
[2022-10-23 21:26:31] [INFO] [EOH] Передано Helium: 32768000L
[2022-10-23 21:28:48] [INFO] [EOH] TRANSFER_RESULT Hydrogen source=0 target=3 amount=32768000 ok=true value=true extra=32768000 before=128000000/0
[2022-10-23 21:28:48] [INFO] [EOH] Передано Hydrogen: 32768000L
[2022-10-23 21:30:57] [INFO] [EOH] TRANSFER_RESULT Helium source=1 target=3 amount=32768000 ok=true value=true extra=32768000 before=128000000/0
[2022-10-23 21:30:57] [INFO] [EOH] Передано Helium: 32768000L
[2022-10-23 21:33:21] [INFO] [EOH] TRANSFER_RESULT Hydrogen source=0 target=3 amount=32768000 ok=true value=true extra=32768000 before=128000000/0
[2022-10-23 21:33:21] [INFO] [EOH] Передано Hydrogen: 32768000L
[2022-10-23 21:35:31] [INFO] [EOH] TRANSFER_RESULT Helium source=1 target=3 amount=32768000 ok=true value=true extra=32768000 before=128000000/0
[2022-10-23 21:35:31] [INFO] [EOH] Передано Helium: 32768000L
[2022-10-23 21:37:51] [INFO] [EOH] TRANSFER_RESULT Hydrogen source=0 target=3 amount=32768000 ok=true value=true extra=32768000 before=128000000/0
[2022-10-23 21:37:51] [INFO] [EOH] Передано Hydrogen: 32768000L
[2022-10-23 21:40:01] [INFO] [EOH] TRANSFER_RESULT Helium source=1 target=3 amount=32768000 ok=true value=true extra=32768000 before=128000000/0
[2022-10-23 21:40:01] [INFO] [EOH] Передано Helium: 32768000L
[2022-10-23 21:42:18] [INFO] [EOH] TRANSFER_RESULT Hydrogen source=0 target=3 amount=32768000 ok=true value=true extra=32768000 before=128000000/0
[2022-10-23 21:42:18] [INFO] [EOH] Передано Hydrogen: 32768000L
[2022-10-23 21:44:27] [INFO] [EOH] TRANSFER_RESULT Helium source=1 target=3 amount=32768000 ok=true value=true extra=32768000 before=128000000/0
[2022-10-23 21:44:27] [INFO] [EOH] Передано Helium: 32768000L
[2022-10-23 21:46:44] [INFO] [EOH] TRANSFER_RESULT Hydrogen source=0 target=3 amount=32768000 ok=true value=true extra=32768000 before=128000000/0
[2022-10-23 21:46:44] [INFO] [EOH] Передано Hydrogen: 32768000L
[2022-10-23 21:48:54] [INFO] [EOH] TRANSFER_RESULT Helium source=1 target=3 amount=32768000 ok=true value=true extra=32768000 before=128000000/0
[2022-10-23 21:48:54] [INFO] [EOH] Передано Helium: 32768000L
[2022-10-23 21:51:18] [INFO] [EOH] TRANSFER_RESULT Hydrogen source=0 target=3 amount=32768000 ok=true value=true extra=32768000 before=128000000/0
[2022-10-23 21:51:18] [INFO] [EOH] Передано Hydrogen: 32768000L
[2022-10-23 21:53:27] [INFO] [EOH] TRANSFER_RESULT Helium source=1 target=3 amount=32768000 ok=true value=true extra=32768000 before=128000000/0
[2022-10-23 21:53:27] [INFO] [EOH] Передано Helium: 32768000L
[2022-10-23 21:55:44] [INFO] [EOH] TRANSFER_RESULT Hydrogen source=0 target=3 amount=32768000 ok=true value=true extra=32768000 before=128000000/0
[2022-10-23 21:55:44] [INFO] [EOH] Передано Hydrogen: 32768000L
[2022-10-23 21:57:54] [INFO] [EOH] TRANSFER_RESULT Helium source=1 target=3 amount=32768000 ok=true value=true extra=32768000 before=128000000/0
[2022-10-23 21:57:54] [INFO] [EOH] Передано Helium: 32768000L
[2022-10-23 22:00:14] [INFO] [EOH] TRANSFER_RESULT Hydrogen source=0 target=3 amount=32768000 ok=true value=true extra=32768000 before=128000000/0
[2022-10-23 22:00:14] [INFO] [EOH] Передано Hydrogen: 32768000L
[2022-10-23 22:02:24] [INFO] [EOH] TRANSFER_RESULT Helium source=1 target=3 amount=32768000 ok=true value=true extra=32768000 before=128000000/0
[2022-10-23 22:02:24] [INFO] [EOH] Передано Helium: 32768000L
[2022-10-23 22:04:40] [INFO] [EOH] TRANSFER_RESULT Hydrogen source=0 target=3 amount=32768000 ok=true value=true extra=32768000 before=128000000/0
[2022-10-23 22:04:40] [INFO] [EOH] Передано Hydrogen: 32768000L
[2022-10-23 22:06:50] [INFO] [EOH] TRANSFER_RESULT Helium source=1 target=3 amount=32768000 ok=true value=true extra=32768000 before=128000000/0
[2022-10-23 22:06:50] [INFO] [EOH] Передано Helium: 32768000L
[2022-10-23 22:09:07] [INFO] [EOH] TRANSFER_RESULT Hydrogen source=0 target=3 amount=32768000 ok=true value=true extra=32768000 before=128000000/0
[2022-10-23 22:09:07] [INFO] [EOH] Передано Hydrogen: 32768000L
[2022-10-23 22:11:16] [INFO] [EOH] TRANSFER_RESULT Helium source=1 target=3 amount=32768000 ok=true value=true extra=32768000 before=128000000/0
[2022-10-23 22:11:16] [INFO] [EOH] Передано Helium: 32768000L
[2022-10-23 22:13:33] [INFO] [EOH] TRANSFER_RESULT Hydrogen source=0 target=3 amount=32768000 ok=true value=true extra=32768000 before=128000000/0
[2022-10-23 22:13:37] [INFO] [EOH] Передано Hydrogen: 32768000L
[2022-10-23 22:15:46] [INFO] [EOH] TRANSFER_RESULT Helium source=1 target=3 amount=32768000 ok=true value=true extra=32768000 before=128000000/0
[2022-10-23 22:15:46] [INFO] [EOH] Передано Helium: 32768000L
[2022-10-23 22:18:03] [INFO] [EOH] TRANSFER_RESULT Hydrogen source=0 target=3 amount=32768000 ok=true value=true extra=32768000 before=128000000/0
[2022-10-23 22:18:03] [INFO] [EOH] Передано Hydrogen: 32768000L
[2022-10-23 22:20:13] [INFO] [EOH] TRANSFER_RESULT Helium source=1 target=3 amount=32768000 ok=true value=true extra=32768000 before=128000000/0
[2022-10-23 22:20:16] [INFO] [EOH] Передано Helium: 32768000L
[2022-10-23 22:22:30] [INFO] [EOH] TRANSFER_RESULT Hydrogen source=0 target=3 amount=32768000 ok=true value=true extra=32768000 before=128000000/0
[2022-10-23 22:22:30] [INFO] [EOH] Передано Hydrogen: 32768000L
[2022-10-23 22:24:39] [INFO] [EOH] TRANSFER_RESULT Helium source=1 target=3 amount=32768000 ok=true value=true extra=32768000 before=128000000/0
[2022-10-23 22:24:39] [INFO] [EOH] Передано Helium: 32768000L
[2022-10-23 22:26:56] [INFO] [EOH] TRANSFER_RESULT Hydrogen source=0 target=3 amount=32768000 ok=true value=true extra=32768000 before=128000000/0
[2022-10-23 22:26:56] [INFO] [EOH] Передано Hydrogen: 32768000L
[2022-10-23 22:29:06] [INFO] [EOH] TRANSFER_RESULT Helium source=1 target=3 amount=32768000 ok=true value=true extra=32768000 before=128000000/0
[2022-10-23 22:29:06] [INFO] [EOH] Передано Helium: 32768000L
[2022-10-23 22:31:30] [INFO] [EOH] TRANSFER_RESULT Hydrogen source=0 target=3 amount=32768000 ok=true value=true extra=32768000 before=128000000/0
[2022-10-23 22:31:30] [INFO] [EOH] Передано Hydrogen: 32768000L
[2022-10-23 22:33:39] [INFO] [EOH] TRANSFER_RESULT Helium source=1 target=3 amount=32768000 ok=true value=true extra=32768000 before=128000000/0
[2022-10-23 22:33:39] [INFO] [EOH] Передано Helium: 32768000L
[2022-10-23 22:35:56] [INFO] [EOH] TRANSFER_RESULT Hydrogen source=0 target=3 amount=32768000 ok=true value=true extra=32768000 before=128000000/0
[2022-10-23 22:35:56] [INFO] [EOH] Передано Hydrogen: 32768000L
[2022-10-23 22:38:06] [INFO] [EOH] TRANSFER_RESULT Helium source=1 target=3 amount=32768000 ok=true value=true extra=32768000 before=128000000/0
[2022-10-23 22:38:06] [INFO] [EOH] Передано Helium: 32768000L
[2022-10-23 22:40:26] [INFO] [EOH] TRANSFER_RESULT Hydrogen source=0 target=3 amount=32768000 ok=true value=true extra=32768000 before=128000000/0
[2022-10-23 22:40:26] [INFO] [EOH] Передано Hydrogen: 32768000L
[2022-10-23 22:42:36] [INFO] [EOH] TRANSFER_RESULT Helium source=1 target=3 amount=32768000 ok=true value=true extra=32768000 before=128000000/0
[2022-10-23 22:42:36] [INFO] [EOH] Передано Helium: 32768000L
[2022-10-23 22:44:52] [INFO] [EOH] TRANSFER_RESULT Hydrogen source=0 target=3 amount=32768000 ok=true value=true extra=32768000 before=128000000/0
[2022-10-23 22:44:52] [INFO] [EOH] Передано Hydrogen: 32768000L
[2022-10-23 22:47:02] [INFO] [EOH] TRANSFER_RESULT Helium source=1 target=3 amount=32768000 ok=true value=true extra=32768000 before=128000000/0
[2022-10-23 22:47:02] [INFO] [EOH] Передано Helium: 32768000L
[2022-10-23 22:49:22] [INFO] [EOH] TRANSFER_RESULT Hydrogen source=0 target=3 amount=32768000 ok=true value=true extra=32768000 before=128000000/0
[2022-10-23 22:49:22] [INFO] [EOH] Передано Hydrogen: 32768000L
[2022-10-23 22:51:32] [INFO] [EOH] TRANSFER_RESULT Helium source=1 target=3 amount=32768000 ok=true value=true extra=32768000 before=128000000/0
[2022-10-23 22:51:32] [INFO] [EOH] Передано Helium: 32768000L
[2022-10-23 22:53:49] [INFO] [EOH] TRANSFER_RESULT Hydrogen source=0 target=3 amount=32768000 ok=true value=true extra=32768000 before=128000000/0
[2022-10-23 22:53:49] [INFO] [EOH] Передано Hydrogen: 32768000L
[2022-10-23 22:55:58] [INFO] [EOH] TRANSFER_RESULT Helium source=1 target=3 amount=32768000 ok=true value=true extra=32768000 before=128000000/0
[2022-10-23 22:55:58] [INFO] [EOH] Передано Helium: 32768000L
[2022-10-23 22:58:15] [INFO] [EOH] TRANSFER_RESULT Hydrogen source=0 target=3 amount=32768000 ok=true value=true extra=32768000 before=128000000/0
[2022-10-23 22:58:15] [INFO] [EOH] Передано Hydrogen: 32768000L
[2022-10-23 23:00:25] [INFO] [EOH] TRANSFER_RESULT Helium source=1 target=3 amount=32768000 ok=true value=true extra=32768000 before=128000000/0
[2022-10-23 23:00:25] [INFO] [EOH] Передано Helium: 32768000L
[2022-10-23 23:02:42] [INFO] [EOH] TRANSFER_RESULT Hydrogen source=0 target=3 amount=32768000 ok=true value=true extra=32768000 before=128000000/0
[2022-10-23 23:02:42] [INFO] [EOH] Передано Hydrogen: 32768000L
[2022-10-23 23:04:55] [INFO] [EOH] TRANSFER_RESULT Helium source=1 target=3 amount=32768000 ok=true value=true extra=32768000 before=128000000/0
[2022-10-23 23:04:55] [INFO] [EOH] Передано Helium: 32768000L
[2022-10-23 23:07:12] [INFO] [EOH] TRANSFER_RESULT Hydrogen source=0 target=3 amount=32768000 ok=true value=true extra=32768000 before=128000000/0
[2022-10-23 23:07:12] [INFO] [EOH] Передано Hydrogen: 32768000L
[2022-10-23 23:09:21] [INFO] [EOH] TRANSFER_RESULT Helium source=1 target=3 amount=32768000 ok=true value=true extra=32768000 before=128000000/0
[2022-10-23 23:09:25] [INFO] [EOH] Передано Helium: 32768000L
[2022-10-23 23:11:38] [INFO] [EOH] TRANSFER_RESULT Hydrogen source=0 target=3 amount=32768000 ok=true value=true extra=32768000 before=128000000/0
[2022-10-23 23:11:42] [INFO] [EOH] Передано Hydrogen: 32768000L
[2022-10-23 23:13:51] [INFO] [EOH] TRANSFER_RESULT Helium source=1 target=3 amount=32768000 ok=true value=true extra=32768000 before=128000000/0
[2022-10-23 23:13:51] [INFO] [EOH] Передано Helium: 32768000L
[2022-10-23 23:16:08] [INFO] [EOH] TRANSFER_RESULT Hydrogen source=0 target=3 amount=32768000 ok=true value=true extra=32768000 before=128000000/0
[2022-10-23 23:16:08] [INFO] [EOH] Передано Hydrogen: 32768000L
[2022-10-23 23:18:18] [INFO] [EOH] TRANSFER_RESULT Helium source=1 target=3 amount=32768000 ok=true value=true extra=32768000 before=128000000/0
[2022-10-23 23:18:18] [INFO] [EOH] Передано Helium: 32768000L
[2022-10-23 23:20:34] [INFO] [EOH] TRANSFER_RESULT Hydrogen source=0 target=3 amount=32768000 ok=true value=true extra=32768000 before=128000000/0
[2022-10-23 23:20:34] [INFO] [EOH] Передано Hydrogen: 32768000L
[2022-10-23 23:22:44] [INFO] [EOH] TRANSFER_RESULT Helium source=1 target=3 amount=32768000 ok=true value=true extra=32768000 before=128000000/0
[2022-10-23 23:22:44] [INFO] [EOH] Передано Helium: 32768000L
[2022-10-23 23:25:01] [INFO] [EOH] TRANSFER_RESULT Hydrogen source=0 target=3 amount=32768000 ok=true value=true extra=32768000 before=128000000/0
[2022-10-23 23:25:01] [INFO] [EOH] Передано Hydrogen: 32768000L
[2022-10-23 23:27:10] [INFO] [EOH] TRANSFER_RESULT Helium source=1 target=3 amount=32768000 ok=true value=true extra=32768000 before=128000000/0
[2022-10-23 23:27:10] [INFO] [EOH] Передано Helium: 32768000L
[2022-10-23 23:29:31] [INFO] [EOH] TRANSFER_RESULT Hydrogen source=0 target=3 amount=32768000 ok=true value=true extra=32768000 before=128000000/0
[2022-10-23 23:29:31] [INFO] [EOH] Передано Hydrogen: 32768000L
[2022-10-23 23:31:40] [INFO] [EOH] TRANSFER_RESULT Helium source=1 target=3 amount=32768000 ok=true value=true extra=32768000 before=128000000/0
[2022-10-23 23:31:44] [INFO] [EOH] Передано Helium: 32768000L
[2022-10-23 23:33:57] [INFO] [EOH] TRANSFER_RESULT Hydrogen source=0 target=3 amount=32768000 ok=true value=true extra=32768000 before=128000000/0
[2022-10-23 23:33:57] [INFO] [EOH] Передано Hydrogen: 32768000L
[2022-10-23 23:36:07] [INFO] [EOH] TRANSFER_RESULT Helium source=1 target=3 amount=32768000 ok=true value=true extra=32768000 before=128000000/0
[2022-10-23 23:36:07] [INFO] [EOH] Передано Helium: 32768000L
[2022-10-23 23:38:27] [INFO] [EOH] TRANSFER_RESULT Hydrogen source=0 target=3 amount=32768000 ok=true value=true extra=32768000 before=128000000/0
[2022-10-23 23:38:27] [INFO] [EOH] Передано Hydrogen: 32768000L
[2022-10-23 23:40:37] [INFO] [EOH] TRANSFER_RESULT Helium source=1 target=3 amount=32768000 ok=true value=true extra=32768000 before=128000000/0
[2022-10-23 23:40:37] [INFO] [EOH] Передано Helium: 32768000L
[2022-10-23 23:42:54] [INFO] [EOH] TRANSFER_RESULT Hydrogen source=0 target=3 amount=32768000 ok=true value=true extra=32768000 before=128000000/0
[2022-10-23 23:42:54] [INFO] [EOH] Передано Hydrogen: 32768000L
[2022-10-23 23:45:03] [INFO] [EOH] TRANSFER_RESULT Helium source=1 target=3 amount=32768000 ok=true value=true extra=32768000 before=128000000/0
[2022-10-23 23:45:03] [INFO] [EOH] Передано Helium: 32768000L
[2022-10-23 23:47:27] [INFO] [EOH] TRANSFER_RESULT Hydrogen source=0 target=3 amount=32768000 ok=true value=true extra=32768000 before=128000000/0
[2022-10-23 23:47:27] [INFO] [EOH] Передано Hydrogen: 32768000L
[2022-10-23 23:49:37] [INFO] [EOH] TRANSFER_RESULT Helium source=1 target=3 amount=32768000 ok=true value=true extra=32768000 before=128000000/0
[2022-10-23 23:49:37] [INFO] [EOH] Передано Helium: 32768000L
[2022-10-23 23:51:54] [INFO] [EOH] TRANSFER_RESULT Hydrogen source=0 target=3 amount=32768000 ok=true value=true extra=32768000 before=128000000/0
[2022-10-23 23:51:54] [INFO] [EOH] Передано Hydrogen: 32768000L
[2022-10-23 23:54:03] [INFO] [EOH] TRANSFER_RESULT Helium source=1 target=3 amount=32768000 ok=true value=true extra=32768000 before=128000000/0
[2022-10-23 23:54:03] [INFO] [EOH] Передано Helium: 32768000L
[2022-10-23 23:56:20] [INFO] [EOH] TRANSFER_RESULT Hydrogen source=0 target=3 amount=32768000 ok=true value=true extra=32768000 before=128000000/0
[2022-10-23 23:56:20] [INFO] [EOH] Передано Hydrogen: 32768000L
[2022-10-23 23:58:30] [INFO] [EOH] TRANSFER_RESULT Helium source=1 target=3 amount=32768000 ok=true value=true extra=32768000 before=128000000/0
[2022-10-23 23:58:30] [INFO] [EOH] Передано Helium: 32768000L
[2022-10-24 00:00:50] [INFO] [EOH] TRANSFER_RESULT Hydrogen source=0 target=3 amount=32768000 ok=true value=true extra=32768000 before=128000000/0
[2022-10-24 00:00:50] [INFO] [EOH] Передано Hydrogen: 32768000L
[2022-10-24 00:03:00] [INFO] [EOH] TRANSFER_RESULT Helium source=1 target=3 amount=32768000 ok=true value=true extra=32768000 before=128000000/0
[2022-10-24 00:03:00] [INFO] [EOH] Передано Helium: 32768000L
[2022-10-24 00:05:16] [INFO] [EOH] TRANSFER_RESULT Hydrogen source=0 target=3 amount=32768000 ok=true value=true extra=32768000 before=128000000/0
[2022-10-24 00:05:16] [INFO] [EOH] Передано Hydrogen: 32768000L
[2022-10-24 00:07:26] [INFO] [EOH] TRANSFER_RESULT Helium source=1 target=3 amount=32768000 ok=true value=true extra=32768000 before=128000000/0
[2022-10-24 00:07:26] [INFO] [EOH] Передано Helium: 32768000L
[2022-10-24 00:09:50] [INFO] [EOH] TRANSFER_RESULT Hydrogen source=0 target=3 amount=32768000 ok=true value=true extra=32768000 before=128000000/0
[2022-10-24 00:09:50] [INFO] [EOH] Передано Hydrogen: 32768000L
[2022-10-24 00:12:00] [INFO] [EOH] TRANSFER_RESULT Helium source=1 target=3 amount=32768000 ok=true value=true extra=32768000 before=128000000/0
[2022-10-24 00:12:00] [INFO] [EOH] Передано Helium: 32768000L
[2022-10-24 00:14:16] [INFO] [EOH] TRANSFER_RESULT Hydrogen source=0 target=3 amount=32768000 ok=true value=true extra=32768000 before=128000000/0
[2022-10-24 00:14:16] [INFO] [EOH] Передано Hydrogen: 32768000L
[2022-10-24 00:16:26] [INFO] [EOH] TRANSFER_RESULT Helium source=1 target=3 amount=32768000 ok=true value=true extra=32768000 before=128000000/0
[2022-10-24 00:16:26] [INFO] [EOH] Передано Helium: 32768000L
[2022-10-24 00:18:43] [INFO] [EOH] TRANSFER_RESULT Hydrogen source=0 target=3 amount=32768000 ok=true value=true extra=32768000 before=128000000/0
[2022-10-24 00:18:43] [INFO] [EOH] Передано Hydrogen: 32768000L
[2022-10-24 00:20:52] [INFO] [EOH] TRANSFER_RESULT Helium source=1 target=3 amount=32768000 ok=true value=true extra=32768000 before=128000000/0
[2022-10-24 00:20:52] [INFO] [EOH] Передано Helium: 32768000L
[2022-10-24 00:23:09] [INFO] [EOH] TRANSFER_RESULT Hydrogen source=0 target=3 amount=32768000 ok=true value=true extra=32768000 before=128000000/0
[2022-10-24 00:23:09] [INFO] [EOH] Передано Hydrogen: 32768000L
[2022-10-24 00:27:50] [INFO] [EOH] Production Mode: тир 7
[2022-10-24 00:27:50] [INFO] [EOH] Запуск рецепта: тир 7, AA: false
[2022-10-24 00:28:37] [INFO] [EOH] TRANSFER Hydrogen addr=d9855f4b-3a94-4684-9503-4c65b815601d sources=0 target=3 requested=823808000.0
[2022-10-24 00:30:46] [INFO] [EOH] TRANSFER_RESULT Hydrogen source=0 target=3 amount=32768000 ok=true value=true extra=32768000 before=128000000/0
[2022-10-24 00:30:46] [INFO] [EOH] Передано Hydrogen: 32768000L
[2022-10-24 00:31:33] [INFO] [EOH] TRANSFER Helium addr=77817939-e5e5-47e3-a26f-b0613c4df0d5 sources=1 target=3 requested=823808000.0
[2022-10-24 00:33:43] [INFO] [EOH] TRANSFER_RESULT Helium source=1 target=3 amount=32768000 ok=true value=true extra=32768000 before=128000000/0
[2022-10-24 00:33:43] [INFO] [EOH] Передано Helium: 32768000L
[2022-10-24 00:36:00] [INFO] [EOH] TRANSFER_RESULT Hydrogen source=0 target=3 amount=32768000 ok=true value=true extra=32768000 before=128000000/0
[2022-10-24 00:36:00] [INFO] [EOH] Передано Hydrogen: 32768000L
[2022-10-24 00:38:09] [INFO] [EOH] TRANSFER_RESULT Helium source=1 target=3 amount=32768000 ok=true value=true extra=32768000 before=128000000/0
[2022-10-24 00:38:09] [INFO] [EOH] Передано Helium: 32768000L
[2022-10-24 00:40:26] [INFO] [EOH] TRANSFER_RESULT Hydrogen source=0 target=3 amount=32768000 ok=true value=true extra=32768000 before=128000000/0
[2022-10-24 00:40:26] [INFO] [EOH] Передано Hydrogen: 32768000L
[2022-10-24 00:42:36] [INFO] [EOH] TRANSFER_RESULT Helium source=1 target=3 amount=32768000 ok=true value=true extra=32768000 before=128000000/0
[2022-10-24 00:42:36] [INFO] [EOH] Передано Helium: 32768000L
[2022-10-24 00:44:52] [INFO] [EOH] TRANSFER_RESULT Hydrogen source=0 target=3 amount=32768000 ok=true value=true extra=32768000 before=128000000/0
[2022-10-24 00:44:52] [INFO] [EOH] Передано Hydrogen: 32768000L
[2022-10-24 00:47:02] [INFO] [EOH] TRANSFER_RESULT Helium source=1 target=3 amount=32768000 ok=true value=true extra=32768000 before=128000000/0
[2022-10-24 00:47:02] [INFO] [EOH] Передано Helium: 32768000L
[2022-10-24 00:49:19] [INFO] [EOH] TRANSFER_RESULT Hydrogen source=0 target=3 amount=32768000 ok=true value=true extra=32768000 before=128000000/0
[2022-10-24 00:49:19] [INFO] [EOH] Передано Hydrogen: 32768000L
[2022-10-24 00:51:28] [INFO] [EOH] TRANSFER_RESULT Helium source=1 target=3 amount=32768000 ok=true value=true extra=32768000 before=128000000/0
[2022-10-24 00:51:28] [INFO] [EOH] Передано Helium: 32768000L
[2022-10-24 00:53:49] [INFO] [EOH] TRANSFER_RESULT Hydrogen source=0 target=3 amount=32768000 ok=true value=true extra=32768000 before=128000000/0
[2022-10-24 00:53:49] [INFO] [EOH] Передано Hydrogen: 32768000L
[2022-10-24 00:55:58] [INFO] [EOH] TRANSFER_RESULT Helium source=1 target=3 amount=32768000 ok=true value=true extra=32768000 before=128000000/0
[2022-10-24 00:55:58] [INFO] [EOH] Передано Helium: 32768000L
[2022-10-24 00:58:19] [INFO] [EOH] TRANSFER_RESULT Hydrogen source=0 target=3 amount=32768000 ok=true value=true extra=32768000 before=128000000/0
[2022-10-24 00:58:19] [INFO] [EOH] Передано Hydrogen: 32768000L
[2022-10-24 01:00:28] [INFO] [EOH] TRANSFER_RESULT Helium source=1 target=3 amount=32768000 ok=true value=true extra=32768000 before=128000000/0
[2022-10-24 01:00:28] [INFO] [EOH] Передано Helium: 32768000L
[2022-10-24 01:02:45] [INFO] [EOH] TRANSFER_RESULT Hydrogen source=0 target=3 amount=32768000 ok=true value=true extra=32768000 before=128000000/0
[2022-10-24 01:02:45] [INFO] [EOH] Передано Hydrogen: 32768000L
[2022-10-24 01:04:55] [INFO] [EOH] TRANSFER_RESULT Helium source=1 target=3 amount=32768000 ok=true value=true extra=32768000 before=128000000/0
[2022-10-24 01:04:55] [INFO] [EOH] Передано Helium: 32768000L
[2022-10-24 01:07:12] [INFO] [EOH] TRANSFER_RESULT Hydrogen source=0 target=3 amount=32768000 ok=true value=true extra=32768000 before=128000000/0
[2022-10-24 01:07:12] [INFO] [EOH] Передано Hydrogen: 32768000L
[2022-10-24 01:09:21] [INFO] [EOH] TRANSFER_RESULT Helium source=1 target=3 amount=32768000 ok=true value=true extra=32768000 before=128000000/0
[2022-10-24 01:09:21] [INFO] [EOH] Передано Helium: 32768000L
[2022-10-24 01:11:38] [INFO] [EOH] TRANSFER_RESULT Hydrogen source=0 target=3 amount=32768000 ok=true value=true extra=32768000 before=128000000/0
[2022-10-24 01:11:38] [INFO] [EOH] Передано Hydrogen: 32768000L
[2022-10-24 01:13:48] [INFO] [EOH] TRANSFER_RESULT Helium source=1 target=3 amount=32768000 ok=true value=true extra=32768000 before=128000000/0
[2022-10-24 01:13:48] [INFO] [EOH] Передано Helium: 32768000L
[2022-10-24 01:16:08] [INFO] [EOH] TRANSFER_RESULT Hydrogen source=0 target=3 amount=32768000 ok=true value=true extra=32768000 before=128000000/0
[2022-10-24 01:16:08] [INFO] [EOH] Передано Hydrogen: 32768000L
[2022-10-24 01:18:18] [INFO] [EOH] TRANSFER_RESULT Helium source=1 target=3 amount=32768000 ok=true value=true extra=32768000 before=128000000/0
[2022-10-24 01:18:18] [INFO] [EOH] Передано Helium: 32768000L
[2022-10-24 01:20:38] [INFO] [EOH] TRANSFER_RESULT Hydrogen source=0 target=3 amount=32768000 ok=true value=true extra=32768000 before=128000000/0
[2022-10-24 01:20:38] [INFO] [EOH] Передано Hydrogen: 32768000L
[2022-10-24 01:22:48] [INFO] [EOH] TRANSFER_RESULT Helium source=1 target=3 amount=32768000 ok=true value=true extra=32768000 before=128000000/0
[2022-10-24 01:22:48] [INFO] [EOH] Передано Helium: 32768000L
[2022-10-24 01:25:04] [INFO] [EOH] TRANSFER_RESULT Hydrogen source=0 target=3 amount=32768000 ok=true value=true extra=32768000 before=128000000/0
[2022-10-24 01:25:08] [INFO] [EOH] Передано Hydrogen: 32768000L
[2022-10-24 01:27:18] [INFO] [EOH] TRANSFER_RESULT Helium source=1 target=3 amount=32768000 ok=true value=true extra=32768000 before=128000000/0
[2022-10-24 01:27:18] [INFO] [EOH] Передано Helium: 32768000L
[2022-10-24 01:27:18] [INFO] [EOH] Поиск компонентов...
[2022-10-24 01:27:21] [DEBUG] [EOH] gt_machine: gt_machine [d80ef108-4099-4350-9e29-6366ba31c7ea]
[2022-10-24 01:28:12] [INFO] [EOH] Найден транспозер: ec79567c-cac0-4df5-ae92-899252adaef9, capacity=128000000, fluid=helium
[2022-10-24 01:28:58] [INFO] [EOH] Найден транспозер: 1f2235f4-e1c1-4a0b-bdc1-c6ef0884a88c, capacity=128000000, fluid=helium
[2022-10-24 01:31:08] [INFO] [EOH] TRANSFER_RESULT Hydrogen source=0 target=3 amount=32768000 ok=true value=true extra=32768000 before=128000000/0
[2022-10-24 01:31:08] [INFO] [EOH] Передано Hydrogen: 32768000L
[2022-10-24 01:33:18] [INFO] [EOH] TRANSFER_RESULT Helium source=1 target=3 amount=32768000 ok=true value=true extra=32768000 before=128000000/0
[2022-10-24 01:33:18] [INFO] [EOH] Передано Helium: 32768000L
[2022-10-24 01:35:27] [INFO] [EOH] TRANSFER_RESULT Hydrogen source=0 target=3 amount=32768000 ok=true value=true extra=32768000 before=128000000/0
[2022-10-24 01:35:27] [INFO] [EOH] Передано Hydrogen: 32768000L
[2022-10-24 01:37:37] [INFO] [EOH] TRANSFER_RESULT Helium source=1 target=3 amount=32768000 ok=true value=true extra=32768000 before=128000000/0
[2022-10-24 01:37:37] [INFO] [EOH] Передано Helium: 32768000L
[2022-10-24 01:39:50] [INFO] [EOH] TRANSFER_RESULT Hydrogen source=0 target=3 amount=32768000 ok=true value=true extra=32768000 before=128000000/0
[2022-10-24 01:39:50] [INFO] [EOH] Передано Hydrogen: 32768000L
[2022-10-24 01:42:03] [INFO] [EOH] TRANSFER_RESULT Helium source=1 target=3 amount=32768000 ok=true value=true extra=32768000 before=128000000/0
[2022-10-24 01:42:03] [INFO] [EOH] Передано Helium: 32768000L
[2022-10-24 01:44:13] [INFO] [EOH] TRANSFER_RESULT Hydrogen source=0 target=3 amount=32768000 ok=true value=true extra=32768000 before=128000000/0
[2022-10-24 01:44:13] [INFO] [EOH] Передано Hydrogen: 32768000L
[2022-10-24 01:46:22] [INFO] [EOH] TRANSFER_RESULT Helium source=1 target=3 amount=32768000 ok=true value=true extra=32768000 before=128000000/0
[2022-10-24 01:46:22] [INFO] [EOH] Передано Helium: 32768000L
[2022-10-24 01:48:32] [INFO] [EOH] TRANSFER_RESULT Hydrogen source=0 target=3 amount=32768000 ok=true value=true extra=32768000 before=128000000/0
[2022-10-24 01:48:32] [INFO] [EOH] Передано Hydrogen: 32768000L
[2022-10-24 01:50:42] [INFO] [EOH] TRANSFER_RESULT Helium source=1 target=3 amount=32768000 ok=true value=true extra=32768000 before=128000000/0
[2022-10-24 01:50:42] [INFO] [EOH] Передано Helium: 32768000L
[2022-10-24 01:52:51] [INFO] [EOH] TRANSFER_RESULT Hydrogen source=0 target=3 amount=32768000 ok=true value=true extra=32768000 before=128000000/0
[2022-10-24 01:52:51] [INFO] [EOH] Передано Hydrogen: 32768000L
[2022-10-24 01:55:01] [INFO] [EOH] TRANSFER_RESULT Helium source=1 target=3 amount=32768000 ok=true value=true extra=32768000 before=128000000/0
[2022-10-24 01:55:01] [INFO] [EOH] Передано Helium: 32768000L
[2022-10-24 01:57:14] [INFO] [EOH] TRANSFER_RESULT Hydrogen source=0 target=3 amount=32768000 ok=true value=true extra=32768000 before=128000000/0
[2022-10-24 01:57:14] [INFO] [EOH] Передано Hydrogen: 32768000L
[2022-10-24 01:59:24] [INFO] [EOH] TRANSFER_RESULT Helium source=1 target=3 amount=32768000 ok=true value=true extra=32768000 before=128000000/0
[2022-10-24 01:59:24] [INFO] [EOH] Передано Helium: 32768000L
[2022-10-24 02:01:33] [INFO] [EOH] TRANSFER_RESULT Hydrogen source=0 target=3 amount=32768000 ok=true value=true extra=32768000 before=128000000/0
[2022-10-24 02:01:33] [INFO] [EOH] Передано Hydrogen: 32768000L
[2022-10-24 02:03:43] [INFO] [EOH] TRANSFER_RESULT Helium source=1 target=3 amount=32768000 ok=true value=true extra=32768000 before=128000000/0
[2022-10-24 02:03:43] [INFO] [EOH] Передано Helium: 32768000L
[2022-10-24 02:03:46] [INFO] [EOH] Production Mode: тир 3
[2022-10-24 02:03:46] [INFO] [EOH] Запуск рецепта: тир 3, AA: false
[2022-10-24 02:04:58] [WARN] [EOH] Fluid name unavailable for Hydrogen; using non-empty bound transposer sides
[2022-10-24 02:04:58] [INFO] [EOH] TRANSFER Hydrogen addr=ec79567c-cac0-4df5-ae92-899252adaef9 sources=4 target=3 requested=3872000000.0
[2022-10-24 02:07:08] [INFO] [EOH] TRANSFER_RESULT Hydrogen source=4 target=3 amount=32768000 ok=true value=true extra=32768000 before=128000000/0
[2022-10-24 02:07:08] [INFO] [EOH] Передано Hydrogen: 32768000L
[2022-10-24 02:09:18] [INFO] [EOH] TRANSFER_RESULT Hydrogen source=0 target=3 amount=32768000 ok=true value=true extra=32768000 before=128000000/0
[2022-10-24 02:09:18] [INFO] [EOH] Передано Hydrogen: 32768000L
[2022-10-24 02:11:27] [INFO] [EOH] TRANSFER_RESULT Helium source=1 target=3 amount=32768000 ok=true value=true extra=32768000 before=128000000/0
[2022-10-24 02:11:27] [INFO] [EOH] Передано Helium: 32768000L
[2022-10-24 02:13:37] [INFO] [EOH] TRANSFER_RESULT Hydrogen source=4 target=3 amount=32768000 ok=true value=true extra=32768000 before=128000000/0
[2022-10-24 02:13:37] [INFO] [EOH] Передано Hydrogen: 32768000L
[2022-10-24 02:15:46] [INFO] [EOH] TRANSFER_RESULT Hydrogen source=0 target=3 amount=32768000 ok=true value=true extra=32768000 before=128000000/0
[2022-10-24 02:15:46] [INFO] [EOH] Передано Hydrogen: 32768000L
[2022-10-24 02:17:56] [INFO] [EOH] TRANSFER_RESULT Helium source=1 target=3 amount=32768000 ok=true value=true extra=32768000 before=128000000/0
[2022-10-24 02:17:56] [INFO] [EOH] Передано Helium: 32768000L
[2022-10-24 02:20:06] [INFO] [EOH] TRANSFER_RESULT Hydrogen source=4 target=3 amount=32768000 ok=true value=true extra=32768000 before=128000000/0
[2022-10-24 02:20:06] [INFO] [EOH] Передано Hydrogen: 32768000L
[2022-10-24 02:22:26] [INFO] [EOH] TRANSFER_RESULT Hydrogen source=0 target=3 amount=32768000 ok=true value=true extra=32768000 before=128000000/0
[2022-10-24 02:22:26] [INFO] [EOH] Передано Hydrogen: 32768000L
[2022-10-24 02:24:36] [INFO] [EOH] TRANSFER_RESULT Helium source=1 target=3 amount=32768000 ok=true value=true extra=32768000 before=128000000/0
[2022-10-24 02:24:36] [INFO] [EOH] Передано Helium: 32768000L
[2022-10-24 02:26:45] [INFO] [EOH] TRANSFER_RESULT Hydrogen source=4 target=3 amount=32768000 ok=true value=true extra=32768000 before=128000000/0
[2022-10-24 02:26:45] [INFO] [EOH] Передано Hydrogen: 32768000L
[2022-10-24 02:29:02] [INFO] [EOH] TRANSFER_RESULT Hydrogen source=0 target=3 amount=32768000 ok=true value=true extra=32768000 before=128000000/0
[2022-10-24 02:29:02] [INFO] [EOH] Передано Hydrogen: 32768000L
[2022-10-24 02:31:12] [INFO] [EOH] TRANSFER_RESULT Helium source=1 target=3 amount=32768000 ok=true value=true extra=32768000 before=128000000/0
[2022-10-24 02:31:12] [INFO] [EOH] Передано Helium: 32768000L
[2022-10-24 02:33:21] [INFO] [EOH] TRANSFER_RESULT Hydrogen source=4 target=3 amount=32768000 ok=true value=true extra=32768000 before=128000000/0
[2022-10-24 02:33:21] [INFO] [EOH] Передано Hydrogen: 32768000L
[2022-10-24 02:34:01] [INFO] [EOH] TRANSFER_RESULT Hydrogen source=0 target=3 amount=4608000.0 ok=true value=true extra=4608000 before=128000000/0
[2022-10-24 02:34:01] [INFO] [EOH] Передано Hydrogen: 4608000L
[2022-10-24 02:34:33] [INFO] [EOH] TRANSFER_RESULT Helium source=1 target=3 amount=4608000.0 ok=true value=true extra=4608000 before=128000000/0
[2022-10-24 02:34:33] [INFO] [EOH] Передано Helium: 4608000L
[2022-10-24 02:34:37] [INFO] [EOH] Рецепт запущен
[2022-10-24 02:34:37] [INFO] [EOH] Ожидание завершения...
[2022-10-24 02:36:50] [INFO] [EOH] TRANSFER_RESULT Hydrogen source=4 target=3 amount=32768000 ok=true value=true extra=32768000 before=128000000/0
[2022-10-24 02:36:50] [INFO] [EOH] Передано Hydrogen: 32768000L
[2022-10-24 02:39:14] [INFO] [EOH] TRANSFER_RESULT Hydrogen source=4 target=3 amount=32768000 ok=true value=true extra=32768000 before=128000000/0
[2022-10-24 02:39:14] [INFO] [EOH] Передано Hydrogen: 32768000L
[2022-10-24 02:41:31] [INFO] [EOH] TRANSFER_RESULT Hydrogen source=4 target=3 amount=32768000 ok=true value=true extra=32768000 before=128000000/0
[2022-10-24 02:41:31] [INFO] [EOH] Передано Hydrogen: 32768000L
[2022-10-24 02:43:51] [INFO] [EOH] TRANSFER_RESULT Hydrogen source=4 target=3 amount=32768000 ok=true value=true extra=32768000 before=128000000/0
[2022-10-24 02:43:51] [INFO] [EOH] Передано Hydrogen: 32768000L
[2022-10-24 02:43:51] [INFO] [EOH] Поиск компонентов...
[2022-10-24 02:43:55] [ERROR] [EOH] Контроллер EOH не найден!
[2022-10-24 02:46:12] [INFO] [EOH] TRANSFER_RESULT Hydrogen source=4 target=3 amount=32768000 ok=true value=true extra=32768000 before=128000000/0
[2022-10-24 02:46:12] [INFO] [EOH] Передано Hydrogen: 32768000L
[2022-10-24 02:48:25] [INFO] [EOH] TRANSFER_RESULT Hydrogen source=4 target=3 amount=32768000 ok=true value=true extra=32768000 before=128000000/0
[2022-10-24 02:48:25] [INFO] [EOH] Передано Hydrogen: 32768000L
[2022-10-24 02:50:45] [INFO] [EOH] TRANSFER_RESULT Hydrogen source=4 target=3 amount=32768000 ok=true value=true extra=32768000 before=128000000/0
[2022-10-24 02:50:45] [INFO] [EOH] Передано Hydrogen: 32768000L
[2022-10-24 02:53:13] [INFO] [EOH] TRANSFER_RESULT Hydrogen source=4 target=3 amount=32768000 ok=true value=true extra=32768000 before=128000000/0
[2022-10-24 02:53:13] [INFO] [EOH] Передано Hydrogen: 32768000L
[2022-10-24 02:55:33] [INFO] [EOH] TRANSFER_RESULT Hydrogen source=4 target=3 amount=32768000 ok=true value=true extra=32768000 before=128000000/0
[2022-10-24 02:55:33] [INFO] [EOH] Передано Hydrogen: 32768000L
[2022-10-24 02:57:54] [INFO] [EOH] TRANSFER_RESULT Hydrogen source=4 target=3 amount=32768000 ok=true value=true extra=32768000 before=128000000/0
[2022-10-24 02:57:54] [INFO] [EOH] Передано Hydrogen: 32768000L
[2022-10-24 03:00:18] [INFO] [EOH] TRANSFER_RESULT Hydrogen source=4 target=3 amount=32768000 ok=true value=true extra=32768000 before=128000000/0
[2022-10-24 03:00:18] [INFO] [EOH] Передано Hydrogen: 32768000L
[2022-10-24 03:02:38] [INFO] [EOH] TRANSFER_RESULT Hydrogen source=4 target=3 amount=32768000 ok=true value=true extra=32768000 before=128000000/0
[2022-10-24 03:02:38] [INFO] [EOH] Передано Hydrogen: 32768000L
[2022-10-24 03:04:58] [INFO] [EOH] TRANSFER_RESULT Hydrogen source=4 target=3 amount=32768000 ok=true value=true extra=32768000 before=128000000/0
[2022-10-24 03:04:58] [INFO] [EOH] Передано Hydrogen: 32768000L
[2022-10-24 03:07:19] [INFO] [EOH] TRANSFER_RESULT Hydrogen source=4 target=3 amount=32768000 ok=true value=true extra=32768000 before=128000000/0
[2022-10-24 03:07:19] [INFO] [EOH] Передано Hydrogen: 32768000L
[2022-10-24 03:09:39] [INFO] [EOH] TRANSFER_RESULT Hydrogen source=4 target=3 amount=32768000 ok=true value=true extra=32768000 before=128000000/0
[2022-10-24 03:09:39] [INFO] [EOH] Передано Hydrogen: 32768000L
[2022-10-24 03:12:03] [INFO] [EOH] TRANSFER_RESULT Hydrogen source=4 target=3 amount=32768000 ok=true value=true extra=32768000 before=128000000/0
[2022-10-24 03:12:03] [INFO] [EOH] Передано Hydrogen: 32768000L
[2022-10-24 03:14:27] [INFO] [EOH] TRANSFER_RESULT Hydrogen source=4 target=3 amount=32768000 ok=true value=true extra=32768000 before=128000000/0
[2022-10-24 03:14:27] [INFO] [EOH] Передано Hydrogen: 32768000L
[2022-10-24 03:16:48] [INFO] [EOH] TRANSFER_RESULT Hydrogen source=4 target=3 amount=32768000 ok=true value=true extra=32768000 before=128000000/0
[2022-10-24 03:16:48] [INFO] [EOH] Передано Hydrogen: 32768000L
[2022-10-24 03:19:08] [INFO] [EOH] TRANSFER_RESULT Hydrogen source=4 target=3 amount=32768000 ok=true value=true extra=32768000 before=128000000/0
[2022-10-24 03:19:08] [INFO] [EOH] Передано Hydrogen: 32768000L
[2022-10-24 03:21:28] [INFO] [EOH] TRANSFER_RESULT Hydrogen source=4 target=3 amount=32768000 ok=true value=true extra=32768000 before=128000000/0
[2022-10-24 03:21:28] [INFO] [EOH] Передано Hydrogen: 32768000L
[2022-10-24 03:23:45] [INFO] [EOH] TRANSFER_RESULT Hydrogen source=4 target=3 amount=32768000 ok=true value=true extra=32768000 before=128000000/0
[2022-10-24 03:23:45] [INFO] [EOH] Передано Hydrogen: 32768000L
[2022-10-24 03:26:02] [INFO] [EOH] TRANSFER_RESULT Hydrogen source=4 target=3 amount=32768000 ok=true value=true extra=32768000 before=128000000/0
[2022-10-24 03:26:02] [INFO] [EOH] Передано Hydrogen: 32768000L
[2022-10-24 03:28:15] [INFO] [EOH] TRANSFER_RESULT Hydrogen source=4 target=3 amount=32768000 ok=true value=true extra=32768000 before=128000000/0
[2022-10-24 03:28:15] [INFO] [EOH] Передано Hydrogen: 32768000L
[2022-10-24 03:30:36] [INFO] [EOH] TRANSFER_RESULT Hydrogen source=4 target=3 amount=32768000 ok=true value=true extra=32768000 before=128000000/0
[2022-10-24 03:30:36] [INFO] [EOH] Передано Hydrogen: 32768000L
[2022-10-24 03:32:56] [INFO] [EOH] TRANSFER_RESULT Hydrogen source=4 target=3 amount=32768000 ok=true value=true extra=32768000 before=128000000/0
[2022-10-24 03:32:56] [INFO] [EOH] Передано Hydrogen: 32768000L
[2022-10-24 03:35:20] [INFO] [EOH] TRANSFER_RESULT Hydrogen source=4 target=3 amount=32768000 ok=true value=true extra=32768000 before=128000000/0
[2022-10-24 03:35:20] [INFO] [EOH] Передано Hydrogen: 32768000L
[2022-10-24 03:37:44] [INFO] [EOH] TRANSFER_RESULT Hydrogen source=4 target=3 amount=32768000 ok=true value=true extra=32768000 before=128000000/0
[2022-10-24 03:37:44] [INFO] [EOH] Передано Hydrogen: 32768000L
[2022-10-24 03:40:04] [INFO] [EOH] TRANSFER_RESULT Hydrogen source=4 target=3 amount=32768000 ok=true value=true extra=32768000 before=128000000/0
[2022-10-24 03:40:04] [INFO] [EOH] Передано Hydrogen: 32768000L
[2022-10-24 03:42:25] [INFO] [EOH] TRANSFER_RESULT Hydrogen source=4 target=3 amount=32768000 ok=true value=true extra=32768000 before=128000000/0
[2022-10-24 03:42:25] [INFO] [EOH] Передано Hydrogen: 32768000L
[2022-10-24 03:44:45] [INFO] [EOH] TRANSFER_RESULT Hydrogen source=4 target=3 amount=32768000 ok=true value=true extra=32768000 before=128000000/0
[2022-10-24 03:44:45] [INFO] [EOH] Передано Hydrogen: 32768000L
[2022-10-24 03:47:06] [INFO] [EOH] TRANSFER_RESULT Hydrogen source=4 target=3 amount=32768000 ok=true value=true extra=32768000 before=128000000/0
[2022-10-24 03:47:06] [INFO] [EOH] Передано Hydrogen: 32768000L
[2022-10-24 03:49:30] [INFO] [EOH] TRANSFER_RESULT Hydrogen source=4 target=3 amount=32768000 ok=true value=true extra=32768000 before=128000000/0
[2022-10-24 03:49:30] [INFO] [EOH] Передано Hydrogen: 32768000L
[2022-10-24 03:51:50] [INFO] [EOH] TRANSFER_RESULT Hydrogen source=4 target=3 amount=32768000 ok=true value=true extra=32768000 before=128000000/0
[2022-10-24 03:51:50] [INFO] [EOH] Передано Hydrogen: 32768000L
[2022-10-24 03:54:10] [INFO] [EOH] TRANSFER_RESULT Hydrogen source=4 target=3 amount=32768000 ok=true value=true extra=32768000 before=128000000/0
[2022-10-24 03:54:10] [INFO] [EOH] Передано Hydrogen: 32768000L
[2022-10-24 03:56:31] [INFO] [EOH] TRANSFER_RESULT Hydrogen source=4 target=3 amount=32768000 ok=true value=true extra=32768000 before=128000000/0
[2022-10-24 03:56:31] [INFO] [EOH] Передано Hydrogen: 32768000L
[2022-10-24 03:58:51] [INFO] [EOH] TRANSFER_RESULT Hydrogen source=4 target=3 amount=32768000 ok=true value=true extra=32768000 before=128000000/0
[2022-10-24 03:58:51] [INFO] [EOH] Передано Hydrogen: 32768000L
[2022-10-24 04:01:15] [INFO] [EOH] TRANSFER_RESULT Hydrogen source=4 target=3 amount=32768000 ok=true value=true extra=32768000 before=128000000/0
[2022-10-24 04:01:15] [INFO] [EOH] Передано Hydrogen: 32768000L
[2022-10-24 04:03:39] [INFO] [EOH] TRANSFER_RESULT Hydrogen source=4 target=3 amount=32768000 ok=true value=true extra=32768000 before=128000000/0
[2022-10-24 04:03:39] [INFO] [EOH] Передано Hydrogen: 32768000L
[2022-10-24 04:06:00] [INFO] [EOH] TRANSFER_RESULT Hydrogen source=4 target=3 amount=32768000 ok=true value=true extra=32768000 before=128000000/0
[2022-10-24 04:06:00] [INFO] [EOH] Передано Hydrogen: 32768000L
[2022-10-24 04:08:20] [INFO] [EOH] TRANSFER_RESULT Hydrogen source=4 target=3 amount=32768000 ok=true value=true extra=32768000 before=128000000/0
[2022-10-24 04:08:20] [INFO] [EOH] Передано Hydrogen: 32768000L
[2022-10-24 04:10:44] [INFO] [EOH] TRANSFER_RESULT Hydrogen source=4 target=3 amount=32768000 ok=true value=true extra=32768000 before=128000000/0
[2022-10-24 04:10:44] [INFO] [EOH] Передано Hydrogen: 32768000L
[2022-10-24 04:13:04] [INFO] [EOH] TRANSFER_RESULT Hydrogen source=4 target=3 amount=32768000 ok=true value=true extra=32768000 before=128000000/0
[2022-10-24 04:13:04] [INFO] [EOH] Передано Hydrogen: 32768000L
[2022-10-24 04:15:32] [INFO] [EOH] TRANSFER_RESULT Hydrogen source=4 target=3 amount=32768000 ok=true value=true extra=32768000 before=128000000/0
[2022-10-24 04:15:32] [INFO] [EOH] Передано Hydrogen: 32768000L
[2022-10-24 04:17:52] [INFO] [EOH] TRANSFER_RESULT Hydrogen source=4 target=3 amount=32768000 ok=true value=true extra=32768000 before=128000000/0
[2022-10-24 04:17:52] [INFO] [EOH] Передано Hydrogen: 32768000L
[2022-10-24 04:20:13] [INFO] [EOH] TRANSFER_RESULT Hydrogen source=4 target=3 amount=32768000 ok=true value=true extra=32768000 before=128000000/0
[2022-10-24 04:20:13] [INFO] [EOH] Передано Hydrogen: 32768000L
[2022-10-24 04:22:37] [INFO] [EOH] TRANSFER_RESULT Hydrogen source=4 target=3 amount=32768000 ok=true value=true extra=32768000 before=128000000/0
[2022-10-24 04:22:37] [INFO] [EOH] Передано Hydrogen: 32768000L
[2022-10-24 04:24:57] [INFO] [EOH] TRANSFER_RESULT Hydrogen source=4 target=3 amount=32768000 ok=true value=true extra=32768000 before=128000000/0
[2022-10-24 04:24:57] [INFO] [EOH] Передано Hydrogen: 32768000L
[2022-10-24 04:27:18] [INFO] [EOH] TRANSFER_RESULT Hydrogen source=4 target=3 amount=32768000 ok=true value=true extra=32768000 before=128000000/0
[2022-10-24 04:27:18] [INFO] [EOH] Передано Hydrogen: 32768000L
[2022-10-24 04:29:42] [INFO] [EOH] TRANSFER_RESULT Hydrogen source=4 target=3 amount=32768000 ok=true value=true extra=32768000 before=128000000/0
[2022-10-24 04:29:42] [INFO] [EOH] Передано Hydrogen: 32768000L
[2022-10-24 04:32:06] [INFO] [EOH] TRANSFER_RESULT Hydrogen source=4 target=3 amount=32768000 ok=true value=true extra=32768000 before=128000000/0
[2022-10-24 04:32:06] [INFO] [EOH] Передано Hydrogen: 32768000L
[2022-10-24 04:34:30] [INFO] [EOH] TRANSFER_RESULT Hydrogen source=4 target=3 amount=32768000 ok=true value=true extra=32768000 before=128000000/0
[2022-10-24 04:34:30] [INFO] [EOH] Передано Hydrogen: 32768000L
[2022-10-24 04:36:50] [INFO] [EOH] TRANSFER_RESULT Hydrogen source=4 target=3 amount=32768000 ok=true value=true extra=32768000 before=128000000/0
[2022-10-24 04:36:50] [INFO] [EOH] Передано Hydrogen: 32768000L
[2022-10-24 04:39:14] [INFO] [EOH] TRANSFER_RESULT Hydrogen source=4 target=3 amount=32768000 ok=true value=true extra=32768000 before=128000000/0
[2022-10-24 04:39:14] [INFO] [EOH] Передано Hydrogen: 32768000L
[2022-10-24 04:41:34] [INFO] [EOH] TRANSFER_RESULT Hydrogen source=4 target=3 amount=32768000 ok=true value=true extra=32768000 before=128000000/0
[2022-10-24 04:41:34] [INFO] [EOH] Передано Hydrogen: 32768000L
[2022-10-24 04:43:58] [INFO] [EOH] TRANSFER_RESULT Hydrogen source=4 target=3 amount=32768000 ok=true value=true extra=32768000 before=128000000/0
[2022-10-24 04:43:58] [INFO] [EOH] Передано Hydrogen: 32768000L
[2022-10-24 04:46:19] [INFO] [EOH] TRANSFER_RESULT Hydrogen source=4 target=3 amount=32768000 ok=true value=true extra=32768000 before=128000000/0
[2022-10-24 04:46:19] [INFO] [EOH] Передано Hydrogen: 32768000L
[2022-10-24 04:48:43] [INFO] [EOH] TRANSFER_RESULT Hydrogen source=4 target=3 amount=32768000 ok=true value=true extra=32768000 before=128000000/0
[2022-10-24 04:48:43] [INFO] [EOH] Передано Hydrogen: 32768000L
[2022-10-24 04:51:07] [INFO] [EOH] TRANSFER_RESULT Hydrogen source=4 target=3 amount=32768000 ok=true value=true extra=32768000 before=128000000/0
[2022-10-24 04:51:07] [INFO] [EOH] Передано Hydrogen: 32768000L
[2022-10-24 04:53:31] [INFO] [EOH] TRANSFER_RESULT Hydrogen source=4 target=3 amount=32768000 ok=true value=true extra=32768000 before=128000000/0
[2022-10-24 04:53:31] [INFO] [EOH] Передано Hydrogen: 32768000L
[2022-10-24 04:55:55] [INFO] [EOH] TRANSFER_RESULT Hydrogen source=4 target=3 amount=32768000 ok=true value=true extra=32768000 before=128000000/0
[2022-10-24 04:55:55] [INFO] [EOH] Передано Hydrogen: 32768000L
[2022-10-24 04:58:15] [INFO] [EOH] TRANSFER_RESULT Hydrogen source=4 target=3 amount=32768000 ok=true value=true extra=32768000 before=128000000/0
[2022-10-24 04:58:15] [INFO] [EOH] Передано Hydrogen: 32768000L
[2022-10-24 05:00:36] [INFO] [EOH] TRANSFER_RESULT Hydrogen source=4 target=3 amount=32768000 ok=true value=true extra=32768000 before=128000000/0
[2022-10-24 05:00:36] [INFO] [EOH] Передано Hydrogen: 32768000L
[2022-10-24 05:02:56] [INFO] [EOH] TRANSFER_RESULT Hydrogen source=4 target=3 amount=32768000 ok=true value=true extra=32768000 before=128000000/0
[2022-10-24 05:02:56] [INFO] [EOH] Передано Hydrogen: 32768000L
[2022-10-24 05:05:20] [INFO] [EOH] TRANSFER_RESULT Hydrogen source=4 target=3 amount=32768000 ok=true value=true extra=32768000 before=128000000/0
[2022-10-24 05:05:20] [INFO] [EOH] Передано Hydrogen: 32768000L
[2022-10-24 05:07:44] [INFO] [EOH] TRANSFER_RESULT Hydrogen source=4 target=3 amount=32768000 ok=true value=true extra=32768000 before=128000000/0
[2022-10-24 05:07:44] [INFO] [EOH] Передано Hydrogen: 32768000L
[2022-10-24 05:10:04] [INFO] [EOH] TRANSFER_RESULT Hydrogen source=4 target=3 amount=32768000 ok=true value=true extra=32768000 before=128000000/0
[2022-10-24 05:10:08] [INFO] [EOH] Передано Hydrogen: 32768000L
[2022-10-24 05:12:25] [INFO] [EOH] TRANSFER_RESULT Hydrogen source=4 target=3 amount=32768000 ok=true value=true extra=32768000 before=128000000/0
[2022-10-24 05:12:25] [INFO] [EOH] Передано Hydrogen: 32768000L
[2022-10-24 05:14:45] [INFO] [EOH] TRANSFER_RESULT Hydrogen source=4 target=3 amount=32768000 ok=true value=true extra=32768000 before=128000000/0
[2022-10-24 05:14:45] [INFO] [EOH] Передано Hydrogen: 32768000L
[2022-10-24 05:17:06] [INFO] [EOH] TRANSFER_RESULT Hydrogen source=4 target=3 amount=32768000 ok=true value=true extra=32768000 before=128000000/0
[2022-10-24 05:17:06] [INFO] [EOH] Передано Hydrogen: 32768000L
[2022-10-24 05:19:33] [INFO] [EOH] TRANSFER_RESULT Hydrogen source=4 target=3 amount=32768000 ok=true value=true extra=32768000 before=128000000/0
[2022-10-24 05:19:33] [INFO] [EOH] Передано Hydrogen: 32768000L
[2022-10-24 05:21:54] [INFO] [EOH] TRANSFER_RESULT Hydrogen source=4 target=3 amount=32768000 ok=true value=true extra=32768000 before=128000000/0
[2022-10-24 05:21:54] [INFO] [EOH] Передано Hydrogen: 32768000L
[2022-10-24 05:24:18] [INFO] [EOH] TRANSFER_RESULT Hydrogen source=4 target=3 amount=32768000 ok=true value=true extra=32768000 before=128000000/0
[2022-10-24 05:24:18] [INFO] [EOH] Передано Hydrogen: 32768000L
[2022-10-24 05:26:38] [INFO] [EOH] TRANSFER_RESULT Hydrogen source=4 target=3 amount=32768000 ok=true value=true extra=32768000 before=128000000/0
[2022-10-24 05:26:38] [INFO] [EOH] Передано Hydrogen: 32768000L
[2022-10-24 05:28:58] [INFO] [EOH] TRANSFER_RESULT Hydrogen source=4 target=3 amount=32768000 ok=true value=true extra=32768000 before=128000000/0
[2022-10-24 05:28:58] [INFO] [EOH] Передано Hydrogen: 32768000L
[2022-10-24 05:31:22] [INFO] [EOH] TRANSFER_RESULT Hydrogen source=4 target=3 amount=32768000 ok=true value=true extra=32768000 before=128000000/0
[2022-10-24 05:31:22] [INFO] [EOH] Передано Hydrogen: 32768000L
[2022-10-24 05:33:50] [INFO] [EOH] TRANSFER_RESULT Hydrogen source=4 target=3 amount=32768000 ok=true value=true extra=32768000 before=128000000/0
[2022-10-24 05:33:50] [INFO] [EOH] Передано Hydrogen: 32768000L
[2022-10-24 05:36:10] [INFO] [EOH] TRANSFER_RESULT Hydrogen source=4 target=3 amount=32768000 ok=true value=true extra=32768000 before=128000000/0
[2022-10-24 05:36:10] [INFO] [EOH] Передано Hydrogen: 32768000L
[2022-10-24 05:38:31] [INFO] [EOH] TRANSFER_RESULT Hydrogen source=4 target=3 amount=32768000 ok=true value=true extra=32768000 before=128000000/0
[2022-10-24 05:38:31] [INFO] [EOH] Передано Hydrogen: 32768000L
[2022-10-24 05:40:55] [INFO] [EOH] TRANSFER_RESULT Hydrogen source=4 target=3 amount=32768000 ok=true value=true extra=32768000 before=128000000/0
[2022-10-24 05:40:55] [INFO] [EOH] Передано Hydrogen: 32768000L
[2022-10-24 05:43:15] [INFO] [EOH] TRANSFER_RESULT Hydrogen source=4 target=3 amount=32768000 ok=true value=true extra=32768000 before=128000000/0
[2022-10-24 05:43:15] [INFO] [EOH] Передано Hydrogen: 32768000L
[2022-10-24 05:45:36] [INFO] [EOH] TRANSFER_RESULT Hydrogen source=4 target=3 amount=32768000 ok=true value=true extra=32768000 before=128000000/0
[2022-10-24 05:45:36] [INFO] [EOH] Передано Hydrogen: 32768000L
[2022-10-24 05:48:00] [INFO] [EOH] TRANSFER_RESULT Hydrogen source=4 target=3 amount=32768000 ok=true value=true extra=32768000 before=128000000/0
[2022-10-24 05:48:00] [INFO] [EOH] Передано Hydrogen: 32768000L
[2022-10-24 05:50:20] [INFO] [EOH] TRANSFER_RESULT Hydrogen source=4 target=3 amount=32768000 ok=true value=true extra=32768000 before=128000000/0
[2022-10-24 05:50:20] [INFO] [EOH] Передано Hydrogen: 32768000L
[2022-10-24 05:52:40] [INFO] [EOH] TRANSFER_RESULT Hydrogen source=4 target=3 amount=32768000 ok=true value=true extra=32768000 before=128000000/0
[2022-10-24 05:52:40] [INFO] [EOH] Передано Hydrogen: 32768000L
[2022-10-24 05:55:01] [INFO] [EOH] TRANSFER_RESULT Hydrogen source=4 target=3 amount=32768000 ok=true value=true extra=32768000 before=128000000/0
[2022-10-24 05:55:01] [INFO] [EOH] Передано Hydrogen: 32768000L
[2022-10-24 05:57:21] [INFO] [EOH] TRANSFER_RESULT Hydrogen source=4 target=3 amount=32768000 ok=true value=true extra=32768000 before=128000000/0
[2022-10-24 05:57:21] [INFO] [EOH] Передано Hydrogen: 32768000L
[2022-10-24 05:59:42] [INFO] [EOH] TRANSFER_RESULT Hydrogen source=4 target=3 amount=32768000 ok=true value=true extra=32768000 before=128000000/0
[2022-10-24 05:59:42] [INFO] [EOH] Передано Hydrogen: 32768000L
[2022-10-24 06:02:02] [INFO] [EOH] TRANSFER_RESULT Hydrogen source=4 target=3 amount=32768000 ok=true value=true extra=32768000 before=128000000/0
[2022-10-24 06:02:02] [INFO] [EOH] Передано Hydrogen: 32768000L
[2022-10-24 06:04:22] [INFO] [EOH] TRANSFER_RESULT Hydrogen source=4 target=3 amount=32768000 ok=true value=true extra=32768000 before=128000000/0
[2022-10-24 06:04:22] [INFO] [EOH] Передано Hydrogen: 32768000L
[2022-10-24 06:06:43] [INFO] [EOH] TRANSFER_RESULT Hydrogen source=4 target=3 amount=32768000 ok=true value=true extra=32768000 before=128000000/0
[2022-10-24 06:06:43] [INFO] [EOH] Передано Hydrogen: 32768000L
[2022-10-24 06:09:03] [INFO] [EOH] TRANSFER_RESULT Hydrogen source=4 target=3 amount=32768000 ok=true value=true extra=32768000 before=128000000/0
[2022-10-24 06:09:03] [INFO] [EOH] Передано Hydrogen: 32768000L
[2022-10-24 06:11:24] [INFO] [EOH] TRANSFER_RESULT Hydrogen source=4 target=3 amount=32768000 ok=true value=true extra=32768000 before=128000000/0
[2022-10-24 06:11:24] [INFO] [EOH] Передано Hydrogen: 32768000L
[2022-10-24 06:13:44] [INFO] [EOH] TRANSFER_RESULT Hydrogen source=4 target=3 amount=32768000 ok=true value=true extra=32768000 before=128000000/0
[2022-10-24 06:13:44] [INFO] [EOH] Передано Hydrogen: 32768000L
[2022-10-24 06:16:04] [INFO] [EOH] TRANSFER_RESULT Hydrogen source=4 target=3 amount=32768000 ok=true value=true extra=32768000 before=128000000/0
[2022-10-24 06:16:04] [INFO] [EOH] Передано Hydrogen: 32768000L
[2022-10-24 06:18:21] [INFO] [EOH] TRANSFER_RESULT Hydrogen source=4 target=3 amount=32768000 ok=true value=true extra=32768000 before=128000000/0
[2022-10-24 06:18:21] [INFO] [EOH] Передано Hydrogen: 32768000L
[2022-10-24 06:20:34] [INFO] [EOH] TRANSFER_RESULT Hydrogen source=4 target=3 amount=32768000 ok=true value=true extra=32768000 before=128000000/0
[2022-10-24 06:20:34] [INFO] [EOH] Передано Hydrogen: 32768000L
[2022-10-24 06:22:48] [INFO] [EOH] TRANSFER_RESULT Hydrogen source=4 target=3 amount=32768000 ok=true value=true extra=32768000 before=128000000/0
[2022-10-24 06:22:48] [INFO] [EOH] Передано Hydrogen: 32768000L
[2022-10-24 06:25:01] [INFO] [EOH] TRANSFER_RESULT Hydrogen source=4 target=3 amount=32768000 ok=true value=true extra=32768000 before=128000000/0
[2022-10-24 06:25:01] [INFO] [EOH] Передано Hydrogen: 32768000L
[2022-10-24 06:27:18] [INFO] [EOH] TRANSFER_RESULT Hydrogen source=4 target=3 amount=32768000 ok=true value=true extra=32768000 before=128000000/0
[2022-10-24 06:27:18] [INFO] [EOH] Передано Hydrogen: 32768000L
[2022-10-24 06:29:38] [INFO] [EOH] TRANSFER_RESULT Hydrogen source=4 target=3 amount=32768000 ok=true value=true extra=32768000 before=128000000/0
[2022-10-24 06:29:38] [INFO] [EOH] Передано Hydrogen: 32768000L
[2022-10-24 06:31:51] [INFO] [EOH] TRANSFER_RESULT Hydrogen source=4 target=3 amount=32768000 ok=true value=true extra=32768000 before=128000000/0
[2022-10-24 06:31:51] [INFO] [EOH] Передано Hydrogen: 32768000L
[2022-10-24 06:34:04] [INFO] [EOH] TRANSFER_RESULT Hydrogen source=4 target=3 amount=32768000 ok=true value=true extra=32768000 before=128000000/0
[2022-10-24 06:34:04] [INFO] [EOH] Передано Hydrogen: 32768000L
[2022-10-24 06:36:18] [INFO] [EOH] TRANSFER_RESULT Hydrogen source=4 target=3 amount=32768000 ok=true value=true extra=32768000 before=128000000/0
[2022-10-24 06:36:18] [INFO] [EOH] Передано Hydrogen: 32768000L
[2022-10-24 06:38:31] [INFO] [EOH] TRANSFER_RESULT Hydrogen source=4 target=3 amount=32768000 ok=true value=true extra=32768000 before=128000000/0
[2022-10-24 06:38:31] [INFO] [EOH] Передано Hydrogen: 32768000L
[2022-10-24 06:40:48] [INFO] [EOH] TRANSFER_RESULT Hydrogen source=4 target=3 amount=32768000 ok=true value=true extra=32768000 before=128000000/0
[2022-10-24 06:40:48] [INFO] [EOH] Передано Hydrogen: 32768000L
[2022-10-24 06:43:01] [INFO] [EOH] TRANSFER_RESULT Hydrogen source=4 target=3 amount=32768000 ok=true value=true extra=32768000 before=128000000/0
[2022-10-24 06:43:01] [INFO] [EOH] Передано Hydrogen: 32768000L
[2022-10-24 06:45:18] [INFO] [EOH] TRANSFER_RESULT Hydrogen source=4 target=3 amount=32768000 ok=true value=true extra=32768000 before=128000000/0
[2022-10-24 06:45:18] [INFO] [EOH] Передано Hydrogen: 32768000L
[2022-10-24 06:47:31] [INFO] [EOH] TRANSFER_RESULT Hydrogen source=4 target=3 amount=32768000 ok=true value=true extra=32768000 before=128000000/0
[2022-10-24 06:47:31] [INFO] [EOH] Передано Hydrogen: 32768000L
[2022-10-24 06:49:51] [INFO] [EOH] TRANSFER_RESULT Hydrogen source=4 target=3 amount=32768000 ok=true value=true extra=32768000 before=128000000/0
[2022-10-24 06:49:51] [INFO] [EOH] Передано Hydrogen: 32768000L
[2022-10-24 06:52:04] [INFO] [EOH] TRANSFER_RESULT Hydrogen source=4 target=3 amount=32768000 ok=true value=true extra=32768000 before=128000000/0
[2022-10-24 06:52:04] [INFO] [EOH] Передано Hydrogen: 32768000L
[2022-10-24 06:54:18] [INFO] [EOH] TRANSFER_RESULT Hydrogen source=4 target=3 amount=32768000 ok=true value=true extra=32768000 before=128000000/0
[2022-10-24 06:54:18] [INFO] [EOH] Передано Hydrogen: 32768000L
[2022-10-24 06:56:31] [INFO] [EOH] TRANSFER_RESULT Hydrogen source=4 target=3 amount=32768000 ok=true value=true extra=32768000 before=128000000/0
[2022-10-24 06:56:31] [INFO] [EOH] Передано Hydrogen: 32768000L
[2022-10-24 06:58:48] [INFO] [EOH] TRANSFER_RESULT Hydrogen source=4 target=3 amount=32768000 ok=true value=true extra=32768000 before=128000000/0
[2022-10-24 06:58:48] [INFO] [EOH] Передано Hydrogen: 32768000L
[2022-10-24 06:59:27] [INFO] [EOH] TRANSFER_RESULT Hydrogen source=4 target=3 amount=5376000.0 ok=true value=true extra=5376000 before=128000000/0
[2022-10-24 06:59:27] [INFO] [EOH] Передано Hydrogen: 5376000L
[2022-10-24 06:59:31] [INFO] [EOH] Рецепт запущен
[2022-10-24 06:59:31] [INFO] [EOH] Ожидание завершения...
